{"reward": [-265.66029588498174, -287.5654601402395, -291.69607615677654, -275.2008750439156, -281.3040589607788, -268.95387306652975, -303.8827224589606, -247.87987148499124, -273.77269324801864, -267.7011092646141, -286.04024163069204, -309.4195488912054, -277.93315827532683, -273.3390300267842, -260.3383993619961, -238.33434955501937, -323.06604112898, -292.43970180073745, -300.9699134892598, -292.7026533651166, -249.9980499694869, -275.4725953449029, -250.29475196455604, -215.3192128819973, -236.64690898460347, -281.9134158758912, -277.83164438770154, -241.4466640416068, -276.00435091718106, -241.48065157678917, -268.49079590553424, -255.0200677752495, -196.96612232095563, -297.33130665530445, -263.72456295448364, -275.57404703751206, -285.96332228241494, -263.4565626916756, -259.7729200498388, -293.8724695968349, -261.8177482095268, -248.4065635450279, -257.2013343044092, -248.2526413556561, -245.47073784479875, -286.0021861127672, -313.2600815869309, -269.82514876727026, -252.3032921729051, -257.1093730451353, -262.54849057740535, -235.42539362940946, -283.91937202204014, -247.89723276156943, -225.03412564792677, -251.496591050392, -271.946406570319, -232.5884668698442, -238.9772391836904, -266.3638553019148, -252.0454410408251, -215.60518174018713, -214.07181520391265, -209.57744802940644, -239.05887844205844, -251.5894493478444, -241.89787705286412, -254.24374674853888, -235.6002678318136, -257.7959698012472, -243.4483363237977, -249.48961980455564, -225.6269249717985, -265.31070283568465, -195.40550514523875, -224.24809889429258, -225.3286132479366, -233.093896560045, -200.26294426882635, -236.67521149979905, -236.60595271078878, -256.364211911168, -233.68017597129568, -193.31315266052266, -266.7180986418109, -169.72967215611607, -222.8121292727721, -184.38756357910117, -261.5016523636971, -196.60418909262873, -236.8777737419587, -175.03822323391216, -195.5162251697947, -185.70615589440803, -170.44148512365297, -251.8219220567401, -203.50733706305735, -248.5218751216866, -195.27764442871327, -241.039023692226, -185.67664595392537, -234.54816996213978, -213.7385043042619, -193.45392792228614, -218.51603035944524, -132.95003223330713, -212.27165494535126, -197.46507168536075], "cost": [265.66029588498174, 287.5654601402395, 291.69607615677654, 275.2008750439156, 281.3040589607788, 268.95387306652975, 303.8827224589606, 247.87987148499124, 273.77269324801864, 267.7011092646141, 286.04024163069204, 309.4195488912054, 277.93315827532683, 273.3390300267842, 260.3383993619961, 238.33434955501937, 323.06604112898, 292.43970180073745, 300.9699134892598, 292.7026533651166, 249.9980499694869, 275.4725953449029, 250.29475196455604, 215.3192128819973, 236.64690898460347, 281.9134158758912, 277.83164438770154, 241.4466640416068, 276.00435091718106, 241.48065157678917, 268.49079590553424, 255.0200677752495, 196.96612232095563, 297.33130665530445, 263.72456295448364, 275.57404703751206, 285.96332228241494, 263.4565626916756, 259.7729200498388, 293.8724695968349, 261.8177482095268, 248.4065635450279, 257.2013343044092, 248.2526413556561, 245.47073784479875, 286.0021861127672, 313.2600815869309, 269.82514876727026, 252.3032921729051, 257.1093730451353, 262.54849057740535, 235.42539362940946, 283.91937202204014, 247.89723276156943, 225.03412564792677, 251.496591050392, 271.946406570319, 232.5884668698442, 238.9772391836904, 266.3638553019148, 252.0454410408251, 215.60518174018713, 214.07181520391265, 209.57744802940644, 239.05887844205844, 251.5894493478444, 241.89787705286412, 254.24374674853888, 235.6002678318136, 257.7959698012472, 243.4483363237977, 249.48961980455564, 225.6269249717985, 265.31070283568465, 195.40550514523875, 224.24809889429258, 225.3286132479366, 233.093896560045, 200.26294426882635, 236.67521149979905, 236.60595271078878, 256.364211911168, 233.68017597129568, 193.31315266052266, 266.7180986418109, 169.72967215611607, 222.8121292727721, 184.38756357910117, 261.5016523636971, 196.60418909262873, 236.8777737419587, 175.03822323391216, 195.5162251697947, 185.70615589440803, 170.44148512365297, 251.8219220567401, 203.50733706305735, 248.5218751216866, 195.27764442871327, 241.039023692226, 185.67664595392537, 234.54816996213978, 213.7385043042619, 193.45392792228614, 218.51603035944524, 132.95003223330713, 212.27165494535126, 197.46507168536075], "overtime": [true, false, false, false, false, false, false, false, false, false, false, false, false, false, false, false, false, false, false, false, false, false, false, true, false, false, false, false, false, false, true, false, true, false, true, false, false, false, false, false, false, false, true, true, false, false, false, false, false, false, false, true, false, false, true, false, false, false, false, false, false, true, false, true, false, false, false, false, true, true, true, true, true, false, true, true, false, true, false, false, true, true, false, true, false, true, true, true, false, false, true, true, false, true, true, false, true, false, true, false, true, false, true, true, true, true, true, true], "really_average_reduce_rate": 0.37687278862440693, "greedy_cost": 320.9277474510856, "algo": "ppo"}