{"reward": [-1383.412945847652, -1429.2424729914594, -1397.370187289632, -1351.016836135211, -1378.1809238186577, -1390.23026463153, -1447.5115276036795, -1413.9817560589595, -1370.1583136862903, -1446.9474276656003, -1466.8836347007104, -1474.905709218067, -1403.634594782536, -1306.5749745020084, -1464.6818930426523, -1402.8004898149622, -1383.2390265252918, -1329.0673683801208, -1385.446592749256, -1338.4177604888016, -1363.5610470370218, -1293.4832626186603, -1384.959309190308, -1324.0582787359795, -1343.359572469258, -1320.5900346809437, -1319.0314351390684, -1350.0272648887812, -1334.8710634455747, -1343.4965139870635, -1403.2505703976008, -1307.7578300444789, -1309.4578476025351, -1289.9548158080781, -1331.394468581658, -1260.8393104935444, -1282.750918518762, -1298.9147849639046, -1271.0171340802594, -1270.1851420428882, -1173.944535859097, -1241.996376402602, -1280.640523258318, -1279.6015677671699, -1288.045662079175, -1198.8827032354106, -1382.513644307424, -1255.3123780843616, -1243.8070735972103, -1288.2079884190027, -1272.6620332529685, -1206.3564438732537, -1288.055061072065, -1256.4727624655247, -1178.451816010671, -1283.171518373937, -1273.2692461336123, -1271.5465874448796, -1295.727257668926, -1222.603089250299, -1235.2245927270972, -1226.5881714749337, -1180.6423302650924, -1222.12123398141, -1229.053941560621, -1216.4140246146924, -1259.0065909891762, -1241.2756389442459, -1297.5890591727768, -1216.58607899447, -1277.101411577146, -1247.99659243213, -1205.9681172177095, -1220.9793655404826, -1198.164965937277, -1235.4940650751262, -1221.3580890868693, -1157.121210432016, -1165.7572442952448, -1169.9418530152557, -1115.7778756233313, -1257.8191405028667, -1205.8623234033955, -1145.2198334461175, -1222.222818807633, -1077.492351361774, -1110.2864795932082, -1137.4569793426344, -1121.4865628475322, -1147.2356857472287, -1027.1923076423445, -1162.0959011879572, -1082.3554151603398, -1081.5758466914206, -1093.4835735167376, -1008.8597938555012, -1037.3669290771147, -1090.1625650493343, -1041.9401935674439, -1018.3993079413007], "cost": [1383.412945847652, 1429.2424729914594, 1397.370187289632, 1351.016836135211, 1378.1809238186577, 1390.23026463153, 1447.5115276036795, 1413.9817560589595, 1370.1583136862903, 1446.9474276656003, 1466.8836347007104, 1474.905709218067, 1403.634594782536, 1306.5749745020084, 1464.6818930426523, 1402.8004898149622, 1383.2390265252918, 1329.0673683801208, 1385.446592749256, 1338.4177604888016, 1363.5610470370218, 1293.4832626186603, 1384.959309190308, 1324.0582787359795, 1343.359572469258, 1320.5900346809437, 1319.0314351390684, 1350.0272648887812, 1334.8710634455747, 1343.4965139870635, 1403.2505703976008, 1307.7578300444789, 1309.4578476025351, 1289.9548158080781, 1331.394468581658, 1260.8393104935444, 1282.750918518762, 1298.9147849639046, 1271.0171340802594, 1270.1851420428882, 1173.944535859097, 1241.996376402602, 1280.640523258318, 1279.6015677671699, 1288.045662079175, 1198.8827032354106, 1382.513644307424, 1255.3123780843616, 1243.8070735972103, 1288.2079884190027, 1272.6620332529685, 1206.3564438732537, 1288.055061072065, 1256.4727624655247, 1178.451816010671, 1283.171518373937, 1273.2692461336123, 1271.5465874448796, 1295.727257668926, 1222.603089250299, 1235.2245927270972, 1226.5881714749337, 1180.6423302650924, 1222.12123398141, 1229.053941560621, 1216.4140246146924, 1259.0065909891762, 1241.2756389442459, 1297.5890591727768, 1216.58607899447, 1277.101411577146, 1247.99659243213, 1205.9681172177095, 1220.9793655404826, 1198.164965937277, 1235.4940650751262, 1221.3580890868693, 1157.121210432016, 1165.7572442952448, 1169.9418530152557, 1115.7778756233313, 1257.8191405028667, 1205.8623234033955, 1145.2198334461175, 1222.222818807633, 1077.492351361774, 1110.2864795932082, 1137.4569793426344, 1121.4865628475322, 1147.2356857472287, 1027.1923076423445, 1162.0959011879572, 1082.3554151603398, 1081.5758466914206, 1093.4835735167376, 1008.8597938555012, 1037.3669290771147, 1090.1625650493343, 1041.9401935674439, 1018.3993079413007], "overtime": [false, false, false, false, false, false, false, false, false, false, false, false, false, false, false, false, false, false, false, false, false, false, false, false, false, false, false, false, false, false, false, false, false, false, false, false, false, false, false, false, false, false, false, false, false, false, false, false, false, false, false, false, false, false, false, false, false, false, false, false, false, false, false, false, false, false, false, false, false, false, false, false, false, false, false, false, false, false, false, false, false, false, false, false, false, false, false, false, false, false, false, false, false, false, false, false, false, false, false, false], "really_average_reduce_rate": 0.11252807674145587, "greedy_cost": 1492.908089535172, "greedy_overtime": false, "actor_lr": 1e-05, "critic_lr": 2e-05, "gamma": 0.98, "edge_only": 19826.23939977911, "iot_bandwith": 5, "algo": "ppo"}