{"reward": [-1393.6931791773352, -1417.349013361289, -1409.1424820502943, -1405.7623000513672, -1384.862854452013, -1339.6659790830693, -1379.3052628355017, -1333.825344888606, -1404.898537560283, -1361.753267244046, -1420.885801314246, -1457.4474562478724, -1371.6511314715358, -1370.0098496524902, -1392.098503468522, -1389.8477974424422, -1337.7736455803745, -1330.1843390322113, -1329.3269066179362, -1360.4244996587663, -1344.3393955604831, -1280.6563422858721, -1364.3660232656641, -1319.9236817353785, -1349.8046356609943, -1332.9704835490602, -1313.7584550884649, -1388.831578930803, -1289.149725556011, -1251.9234459118736, -1370.4966250748662, -1383.0804119482177, -1342.303760855879, -1233.830113200899, -1286.9459737897485, -1292.214676760836, -1331.9745433004214, -1355.3513384404782, -1253.480926616667, -1270.548162218789, -1328.3898320068606, -1302.0699609191718, -1219.8562948626284, -1201.377939352765, -1233.4834266064315, -1240.7784273180832, -1270.5117373564283, -1262.5049983317397, -1302.0394626638765, -1221.2054931596012, -1214.5293508444536, -1213.4789808493201, -1276.9696382781588, -1243.4314139501373, -1304.8202652756127, -1250.3247157192984, -1233.2196794530196, -1277.1885220304882, -1299.2881954845038, -1275.2483317169365, -1211.0825475501738, -1269.287619439103, -1257.9562713102623, -1220.709638559772, -1222.8955693113708, -1190.9871415199345, -1212.4284505597875, -1274.7380693146772, -1175.1193776018165, -1175.319360396816, -1184.8439788858402, -1148.7509262724038, -1154.62231111304, -1176.0995758526683, -1214.3730480018721, -1117.2401586326496, -1258.16917588641, -1231.0022612915552, -1122.774651132711, -1172.9227860447481, -1166.676174732819, -1171.2805828876324, -1141.6247994467328, -1070.2369491261904, -1191.02897252244, -1132.3142420564693, -1129.5637619869508, -1163.2039723021353, -1102.2976591307956, -1045.0938328783209, -994.46277342461, -1011.2059679190909, -1121.1094654308079, -1100.6167363289283, -1015.7767251495084, -1040.40189384317, -987.227569135846, -1054.1639847836273, -1077.548764631739, -1055.2824642374462], "cost": [1393.6931791773352, 1417.349013361289, 1409.1424820502943, 1405.7623000513672, 1384.862854452013, 1339.6659790830693, 1379.3052628355017, 1333.825344888606, 1404.898537560283, 1361.753267244046, 1420.885801314246, 1457.4474562478724, 1371.6511314715358, 1370.0098496524902, 1392.098503468522, 1389.8477974424422, 1337.7736455803745, 1330.1843390322113, 1329.3269066179362, 1360.4244996587663, 1344.3393955604831, 1280.6563422858721, 1364.3660232656641, 1319.9236817353785, 1349.8046356609943, 1332.9704835490602, 1313.7584550884649, 1388.831578930803, 1289.149725556011, 1251.9234459118736, 1370.4966250748662, 1383.0804119482177, 1342.303760855879, 1233.830113200899, 1286.9459737897485, 1292.214676760836, 1331.9745433004214, 1355.3513384404782, 1253.480926616667, 1270.548162218789, 1328.3898320068606, 1302.0699609191718, 1219.8562948626284, 1201.377939352765, 1233.4834266064315, 1240.7784273180832, 1270.5117373564283, 1262.5049983317397, 1302.0394626638765, 1221.2054931596012, 1214.5293508444536, 1213.4789808493201, 1276.9696382781588, 1243.4314139501373, 1304.8202652756127, 1250.3247157192984, 1233.2196794530196, 1277.1885220304882, 1299.2881954845038, 1275.2483317169365, 1211.0825475501738, 1269.287619439103, 1257.9562713102623, 1220.709638559772, 1222.8955693113708, 1190.9871415199345, 1212.4284505597875, 1274.7380693146772, 1175.1193776018165, 1175.319360396816, 1184.8439788858402, 1148.7509262724038, 1154.62231111304, 1176.0995758526683, 1214.3730480018721, 1117.2401586326496, 1258.16917588641, 1231.0022612915552, 1122.774651132711, 1172.9227860447481, 1166.676174732819, 1171.2805828876324, 1141.6247994467328, 1070.2369491261904, 1191.02897252244, 1132.3142420564693, 1129.5637619869508, 1163.2039723021353, 1102.2976591307956, 1045.0938328783209, 994.46277342461, 1011.2059679190909, 1121.1094654308079, 1100.6167363289283, 1015.7767251495084, 1040.40189384317, 987.227569135846, 1054.1639847836273, 1077.548764631739, 1055.2824642374462], "overtime": [false, false, false, false, false, false, false, false, false, false, false, false, false, false, false, false, false, false, false, false, false, false, false, false, false, false, false, false, false, false, false, false, false, false, false, false, false, false, false, false, false, false, false, false, false, false, false, false, false, false, false, false, false, false, false, false, false, false, false, false, false, false, false, false, false, false, false, false, false, false, false, false, false, false, false, false, false, false, false, false, false, false, false, false, false, false, false, false, false, false, false, false, false, false, false, false, false, false, false, false], "really_average_reduce_rate": 0.11252807674145587, "greedy_cost": 1492.908089535172, "greedy_overtime": false, "actor_lr": 1e-05, "critic_lr": 2e-05, "gamma": 0.98, "edge_only": 19826.23939977911, "iot_bandwith": 5, "algo": "ppo"}