{"reward": [-343.8016059005726, -335.48393498483125, -314.82251073527146, -233.72512474461462, -291.88918270074765, -342.435464540748, -217.2635001640395, -211.0245584854204, -168.92260684992192, -333.876524353614, -330.91479345853446, -206.60102223686883, -316.8382908114139, -299.9013144764584, -219.71411052061254, -326.794744102126, -337.20402828156017, -157.98871387569244, -301.60830679663445, -280.7062944611627, -305.7538898461406, -302.3689538362343, -357.7937920509093, -325.0424693295454, -326.05827833013615, -281.0601834005305, -321.23264847128655, -208.4009340789635, -199.76275275471627, -298.9865969633219, -319.87770215808416, -298.824493349325, -293.79809177422896, -312.31399943639525, -274.06442771736533, -293.96054449191325, -207.0338713122253], "cost": [343.8016059005726, 335.48393498483125, 314.82251073527146, 233.72512474461462, 291.88918270074765, 342.435464540748, 217.2635001640395, 211.0245584854204, 168.92260684992192, 333.876524353614, 330.91479345853446, 206.60102223686883, 316.8382908114139, 299.9013144764584, 219.71411052061254, 326.794744102126, 337.20402828156017, 157.98871387569244, 301.60830679663445, 280.7062944611627, 305.7538898461406, 302.3689538362343, 357.7937920509093, 325.0424693295454, 326.05827833013615, 281.0601834005305, 321.23264847128655, 208.4009340789635, 199.76275275471627, 298.9865969633219, 319.87770215808416, 298.824493349325, 293.79809177422896, 312.31399943639525, 274.06442771736533, 293.96054449191325, 207.0338713122253], "overtime": [false, false, false, true, true, false, true, true, true, false, false, true, false, false, true, false, false, true, false, true, false, false, false, false, false, true, false, true, true, false, false, true, true, true, true, true, true], "really_average_reduce_rate": 0.4753771399833909, "greedy_cost": 356.5797868246307, "algo": "ppo"}