{"reward": [-305.96719358309167, -251.97958770722158, -319.4981653131638, -306.5216317103617, -279.41618211845866, -280.8683024580498, -302.5918479089439, -227.18825472109017, -301.54941816985604, -244.18753668472178, -283.3171241080761, -213.09783485659406, -297.8095071215649, -261.25269305894153, -274.3767724530772, -299.54896608620885, -308.86262842645874, -305.9098146026302, -277.7909571512416, -196.56114555031996, -316.1867822643277, -294.42750026161775, -268.3557234498487, -294.19096076992344, -292.94476781832054, -215.0876037012413, -304.1465277571419, -308.7032521553058, -206.7017737833225, -317.1525312588458, -307.0797207968496, -287.1882692194078, -296.40895974501973, -307.460170613965, -287.90851769844073, -292.89369908781725, -291.04730089435355, -221.93849490223454, -321.36480559680604, -260.9377142763696, -224.43734559194195, -304.84349786552605, -306.2919989158306, -271.7746363970638, -314.3370961941406, -279.73853496300063, -292.82369011572564, -302.05431535054925, -257.56218778498476, -224.8159891411105, -187.84791405315514, -303.0337560634875, -301.26133119875567, -210.61225594453518, -289.10466961383815, -285.73082005858424, -262.6397384192142, -271.0394592749235, -205.82724693469703, -269.9997954186146, -210.43306786647994, -268.8986531244498, -279.95537503411066, -302.8505845476873, -189.08652228052733, -290.92552656941115, -296.71084793740886, -226.62123414602138, -291.93430507925336, -266.6363079656288, -186.786708047865, -161.07417629973034, -194.89582267061803, -285.5568824251462, -309.66685661296367, -310.856790808076, -197.96954033724964, -259.8273324008474, -265.1744926552754, -249.2048103711289, -299.8644647342339, -262.6689030152559, -275.5918124858849, -313.43869414757944, -237.23868525074798, -274.7482390269637, -258.272498760242, -171.14678628412076, -206.08884230485188, -214.3712721985393, -254.81165389062832, -163.73314249526712], "cost": [305.96719358309167, 251.97958770722158, 319.4981653131638, 306.5216317103617, 279.41618211845866, 280.8683024580498, 302.5918479089439, 227.18825472109017, 301.54941816985604, 244.18753668472178, 283.3171241080761, 213.09783485659406, 297.8095071215649, 261.25269305894153, 274.3767724530772, 299.54896608620885, 308.86262842645874, 305.9098146026302, 277.7909571512416, 196.56114555031996, 316.1867822643277, 294.42750026161775, 268.3557234498487, 294.19096076992344, 292.94476781832054, 215.0876037012413, 304.1465277571419, 308.7032521553058, 206.7017737833225, 317.1525312588458, 307.0797207968496, 287.1882692194078, 296.40895974501973, 307.460170613965, 287.90851769844073, 292.89369908781725, 291.04730089435355, 221.93849490223454, 321.36480559680604, 260.9377142763696, 224.43734559194195, 304.84349786552605, 306.2919989158306, 271.7746363970638, 314.3370961941406, 279.73853496300063, 292.82369011572564, 302.05431535054925, 257.56218778498476, 224.8159891411105, 187.84791405315514, 303.0337560634875, 301.26133119875567, 210.61225594453518, 289.10466961383815, 285.73082005858424, 262.6397384192142, 271.0394592749235, 205.82724693469703, 269.9997954186146, 210.43306786647994, 268.8986531244498, 279.95537503411066, 302.8505845476873, 189.08652228052733, 290.92552656941115, 296.71084793740886, 226.62123414602138, 291.93430507925336, 266.6363079656288, 186.786708047865, 161.07417629973034, 194.89582267061803, 285.5568824251462, 309.66685661296367, 310.856790808076, 197.96954033724964, 259.8273324008474, 265.1744926552754, 249.2048103711289, 299.8644647342339, 262.6689030152559, 275.5918124858849, 313.43869414757944, 237.23868525074798, 274.7482390269637, 258.272498760242, 171.14678628412076, 206.08884230485188, 214.3712721985393, 254.81165389062832, 163.73314249526712], "overtime": [false, true, false, false, false, false, false, true, true, true, false, true, false, false, false, false, false, false, false, true, false, false, false, false, false, true, false, false, true, false, false, false, false, false, false, false, false, true, false, false, true, false, false, false, false, false, false, false, true, true, true, false, false, true, true, false, false, false, true, false, true, false, false, false, true, false, false, true, false, false, true, true, true, false, false, false, true, false, false, true, false, false, false, false, true, false, true, true, true, true, true, true], "really_average_reduce_rate": 0.6094900111589197, "greedy_cost": 320.37504429381346, "algo": "ppo"}