{"reward": [-1359.5649948753241, -1319.350701335418, -1323.3594730419768, -1296.9716996458646, -1294.1416959727835, -1287.50522319628, -1327.7194674255056, -1212.9718631023075, -1252.0937992022562, -1200.7657182938335, -1254.2649207692969, -1253.1923683627977, -1189.7339322031287, -1215.794759783978, -1203.1529652306342, -1207.489382485757, -1262.0981595488176, -1262.3670181084615, -1264.2430134685521, -1202.9069119963328, -1122.5213470279618, -1196.578769869842, -1201.3283665200136, -1194.966757393424, -1141.7296893037947, -1218.7647748737975, -1206.3378977155785, -1144.2215377449998, -1153.179470469132, -1128.5854884476682, -1116.0571015114058, -1162.8451564937081, -1128.1957640574692, -1071.5493775591349, -1088.8571027751557, -1092.9682656584123, -1102.5528496363768, -1121.3456650936141, -1156.4295817923826, -1007.3876412423327, -1153.261686924398, -1106.8195000016135, -1112.4319538570292, -1146.4099970807881, -1010.384873466622, -1014.5134494759048, -1181.1039101683912, -1107.7501219082721, -1075.1511510879175, -1050.7530442970901, -996.8348532704446, -160.11849792585716, -1030.226196619645, -1100.8645818095376, -779.595236965856, -1106.7053705637077, -1046.1010520175196, -1077.041652032668, -1019.0015518744755, -934.4945642685427, -987.8593312536368, -1033.4916081643387, -928.14687352933, -1063.957415820267, -926.0829986604673, -1037.0045731638284, -1020.2557154531122, -1078.1588214292856, -1061.8020464189165, -1066.5903348703773, -967.945449040858, -877.3993073424232, -1004.0578616120011, -968.9113082370254, -854.6954135832938, -962.9958368587957, -919.4620752126069, -928.4099395096955, -897.9559769480859, -915.6478510769083, -922.7203462117164, -839.636003177054, -955.8478007971498, -895.8599466658846, -898.5262379251797, -779.8480062242319, -908.0793276020045, -767.5104521017336, -810.6625424371282, -168.9401776723098, -578.4097119995853, -734.2404930276602, -779.6699493067989, -689.1339933858623, -615.8730457714761, -110.80952104431579, -151.72024964308363, -724.5198932727895, -768.8730562570225, -145.2135970318038, -661.2844136893002, -694.703254379742, -716.9602269850297, -540.6513293678125, -487.2091807376033, -701.3259967767173, -625.9783618478477, -644.9933834846504, -533.3434463215526, -648.0676016982176, -236.82437994446607, -418.65590478925037, -585.5204176694341, -583.2826882210467, -123.4394665951841, -460.8312913153787, -174.79964272859513, -469.8069332417564, -85.05068602518178, -139.1772747463454], "cost": [1359.5649948753241, 1319.350701335418, 1323.3594730419768, 1296.9716996458646, 1294.1416959727835, 1287.50522319628, 1327.7194674255056, 1212.9718631023075, 1252.0937992022562, 1200.7657182938335, 1254.2649207692969, 1253.1923683627977, 1189.7339322031287, 1215.794759783978, 1203.1529652306342, 1207.489382485757, 1262.0981595488176, 1262.3670181084615, 1264.2430134685521, 1202.9069119963328, 1122.5213470279618, 1196.578769869842, 1201.3283665200136, 1194.966757393424, 1141.7296893037947, 1218.7647748737975, 1206.3378977155785, 1144.2215377449998, 1153.179470469132, 1128.5854884476682, 1116.0571015114058, 1162.8451564937081, 1128.1957640574692, 1071.5493775591349, 1088.8571027751557, 1092.9682656584123, 1102.5528496363768, 1121.3456650936141, 1156.4295817923826, 1007.3876412423327, 1153.261686924398, 1106.8195000016135, 1112.4319538570292, 1146.4099970807881, 1010.384873466622, 1014.5134494759048, 1181.1039101683912, 1107.7501219082721, 1075.1511510879175, 1050.7530442970901, 996.8348532704446, 160.11849792585716, 1030.226196619645, 1100.8645818095376, 779.595236965856, 1106.7053705637077, 1046.1010520175196, 1077.041652032668, 1019.0015518744755, 934.4945642685427, 987.8593312536368, 1033.4916081643387, 928.14687352933, 1063.957415820267, 926.0829986604673, 1037.0045731638284, 1020.2557154531122, 1078.1588214292856, 1061.8020464189165, 1066.5903348703773, 967.945449040858, 877.3993073424232, 1004.0578616120011, 968.9113082370254, 854.6954135832938, 962.9958368587957, 919.4620752126069, 928.4099395096955, 897.9559769480859, 915.6478510769083, 922.7203462117164, 839.636003177054, 955.8478007971498, 895.8599466658846, 898.5262379251797, 779.8480062242319, 908.0793276020045, 767.5104521017336, 810.6625424371282, 168.9401776723098, 578.4097119995853, 734.2404930276602, 779.6699493067989, 689.1339933858623, 615.8730457714761, 110.80952104431579, 151.72024964308363, 724.5198932727895, 768.8730562570225, 145.2135970318038, 661.2844136893002, 694.703254379742, 716.9602269850297, 540.6513293678125, 487.2091807376033, 701.3259967767173, 625.9783618478477, 644.9933834846504, 533.3434463215526, 648.0676016982176, 236.82437994446607, 418.65590478925037, 585.5204176694341, 583.2826882210467, 123.4394665951841, 460.8312913153787, 174.79964272859513, 469.8069332417564, 85.05068602518178, 139.1772747463454], "overtime": [false, false, false, false, false, false, false, false, false, false, false, false, false, false, false, false, false, false, false, false, false, false, false, false, false, false, false, false, false, false, false, false, false, false, false, false, false, false, false, false, false, false, false, false, false, false, false, false, false, false, false, true, false, false, true, false, false, false, false, false, false, false, false, false, false, false, false, false, false, false, false, false, false, false, false, false, false, false, false, false, false, false, false, false, false, false, false, false, false, true, true, false, false, false, true, true, true, false, false, true, false, false, false, true, true, false, true, false, true, false, true, true, false, false, true, true, true, true, true, true], "really_average_reduce_rate": 0.11252807674145587, "greedy_cost": 1492.908089535172, "algo": "ppo"}