{"reward": [-253.7060649057944, -229.35916196402172, -224.75649281414235, -193.35148101592438, -229.7554402624257, -235.69442061649644, -204.59587044280957], "cost": [253.7060649057944, 229.35916196402172, 224.75649281414235, 193.35148101592438, 229.7554402624257, 235.69442061649644, 204.59587044280957], "overtime": [false, true, true, true, true, true, true], "really_average_reduce_rate": 0.8643073226176603, "greedy_cost": 250.86960051674407, "algo": "ppo"}