{"reward": [-243.34827706939544, -228.63986618170517, -221.69243086910814, -219.9061759506074, -235.82966235561298, -232.76043569254693, -237.33773992258128, -245.74858079421347, -206.64731928248898, -207.16957701609473, -206.45783719237897, -225.4930926843267, -250.714723235909, -240.0673737873604], "cost": [243.34827706939544, 228.63986618170517, 221.69243086910814, 219.9061759506074, 235.82966235561298, 232.76043569254693, 237.33773992258128, 245.74858079421347, 206.64731928248898, 207.16957701609473, 206.45783719237897, 225.4930926843267, 250.714723235909, 240.0673737873604], "overtime": [false, true, true, true, false, true, true, false, true, true, true, true, true, true], "really_average_reduce_rate": 0.8643073226176603, "greedy_cost": 250.86960051674407, "algo": "ppo"}