{"reward": [-314.667086375868, -305.1317374188919, -304.71454747075217, -326.2781325669494, -300.1280460059178, -286.2553542088531, -299.0266665884201, -316.27330389139235, -293.6773869041261, -235.5897153802217, -274.4753299911787, -302.6031293983851, -304.38761492006483, -291.33528840404, -269.89476263470016, -234.03957834182313, -277.4892532335315, -269.4077703785058, -289.8715697225649, -315.7869821424131, -269.48962746587586, -270.7796732407715, -288.8959985664953, -299.26382423212766, -292.5089900957886, -284.3995159402676, -277.2887074030935, -291.1494971424062, -270.10562356145124, -296.85842341800225, -272.4152073652391, -287.7038549520727, -265.45051450635304, -318.00093141213995, -282.2172655743546, -282.0905767742732, -281.94178796424535, -235.78846475368363, -277.3497337147314, -309.97255112240094, -295.126737960307, -266.39701018812127, -292.55353332580074, -271.44329352261497, -276.3548275593668, -298.9150633798447, -257.3494893779606, -278.95288202038034, -278.63328129628667, -254.67510328490286, -279.5743069440778, -299.87183553124777, -261.4555855947267, -296.7365788594354, -308.7928494491708, -261.19424408025105, -281.1327236920968, -267.2775129711349, -205.841524256831, -265.96685162339367, -246.36277735297566, -288.2252481714544, -252.58872019102807, -177.4823867101502, -263.24959210588594, -183.46219924774022, -251.69471281371082, -239.89313437566165, -254.29975252026694, -259.5644016054273, -283.7180924015772, -277.16029641623606, -257.55007287323485, -216.0635212548729, -248.6639951137733, -270.1438709697594, -265.0211874111463, -253.01002452277578, -250.72331826282664, -231.4261381161772, -256.49405139503074, -192.65769652489575, -169.27052480867135, -201.61484102508987, -267.438265982829, -270.73361091597013, -220.74429179812788, -171.64236667896623, -242.36210655340003, -242.4563033166435, -222.56045141147447, -230.20544857955542, -249.56487232558433, -207.89526089000512, -159.35303259100772, -223.53131273847075, -120.17451333119533, -119.9515914054308, -232.3344695536326, -206.83077752440244, -214.0182649123855, -208.32290785295896, -257.3212659090478, -186.4237376200129, -105.76934358097614, -212.48837378652772, -158.1652131590806, -217.86214763223202, -208.54850640704865, -228.02760121217926, -180.9511598905456, -187.65544483870264, -138.73865911291915, -196.25331906176174], "cost": [314.667086375868, 305.1317374188919, 304.71454747075217, 326.2781325669494, 300.1280460059178, 286.2553542088531, 299.0266665884201, 316.27330389139235, 293.6773869041261, 235.5897153802217, 274.4753299911787, 302.6031293983851, 304.38761492006483, 291.33528840404, 269.89476263470016, 234.03957834182313, 277.4892532335315, 269.4077703785058, 289.8715697225649, 315.7869821424131, 269.48962746587586, 270.7796732407715, 288.8959985664953, 299.26382423212766, 292.5089900957886, 284.3995159402676, 277.2887074030935, 291.1494971424062, 270.10562356145124, 296.85842341800225, 272.4152073652391, 287.7038549520727, 265.45051450635304, 318.00093141213995, 282.2172655743546, 282.0905767742732, 281.94178796424535, 235.78846475368363, 277.3497337147314, 309.97255112240094, 295.126737960307, 266.39701018812127, 292.55353332580074, 271.44329352261497, 276.3548275593668, 298.9150633798447, 257.3494893779606, 278.95288202038034, 278.63328129628667, 254.67510328490286, 279.5743069440778, 299.87183553124777, 261.4555855947267, 296.7365788594354, 308.7928494491708, 261.19424408025105, 281.1327236920968, 267.2775129711349, 205.841524256831, 265.96685162339367, 246.36277735297566, 288.2252481714544, 252.58872019102807, 177.4823867101502, 263.24959210588594, 183.46219924774022, 251.69471281371082, 239.89313437566165, 254.29975252026694, 259.5644016054273, 283.7180924015772, 277.16029641623606, 257.55007287323485, 216.0635212548729, 248.6639951137733, 270.1438709697594, 265.0211874111463, 253.01002452277578, 250.72331826282664, 231.4261381161772, 256.49405139503074, 192.65769652489575, 169.27052480867135, 201.61484102508987, 267.438265982829, 270.73361091597013, 220.74429179812788, 171.64236667896623, 242.36210655340003, 242.4563033166435, 222.56045141147447, 230.20544857955542, 249.56487232558433, 207.89526089000512, 159.35303259100772, 223.53131273847075, 120.17451333119533, 119.9515914054308, 232.3344695536326, 206.83077752440244, 214.0182649123855, 208.32290785295896, 257.3212659090478, 186.4237376200129, 105.76934358097614, 212.48837378652772, 158.1652131590806, 217.86214763223202, 208.54850640704865, 228.02760121217926, 180.9511598905456, 187.65544483870264, 138.73865911291915, 196.25331906176174], "overtime": [false, false, false, false, false, false, false, false, false, true, false, false, false, false, false, true, false, false, false, false, false, false, false, false, true, false, true, false, false, false, false, false, false, false, false, false, false, true, false, false, false, false, false, false, false, false, false, false, false, false, false, false, false, false, false, false, false, false, true, false, false, false, false, true, true, true, false, false, false, false, false, false, false, true, true, false, false, false, false, true, false, true, true, true, false, false, true, true, false, false, false, true, false, true, true, false, true, true, false, true, false, true, false, true, true, false, true, false, true, true, true, true, true, true], "really_average_reduce_rate": 0.43095514144503616, "greedy_cost": 320.78236267770643, "algo": "ppo"}