{"reward": [-1325.2575942521926, -1357.1223194107793, -1302.8803719655346, -1374.5459156023346, -1340.718061239347, -1335.296294090702, -1305.8763852245734, -1297.5412380608172, -1317.3091155756188, -1278.7687800603562, -1313.439353662469, -1330.0441006660371, -1262.0661302760157, -1255.0577965386778, -1328.2683944085425, -1223.2125254784157, -1323.0207155498779, -1205.3855063084793, -1262.6924598698602, -1257.7001936242082, -1252.297856346826, -1318.4033783382756, -1282.7646666430035, -1241.2111974596507, -1228.0411479857762, -1177.9803854481972, -1247.2917127294938, -1121.6760662977217, -1253.9021776195057, -1188.156206829231, -1158.171763713304, -1261.291696543955, -1235.27384397408, -1270.5008170238414, -1222.4669266514757, -1243.0431518741977, -1203.5623986310325, -1249.3750409559632, -1150.8428227701509, -1210.5940832579322, -1172.9961196557338, -1176.6837780814244, -1208.6219066907086, -1144.6809431138638, -1109.4509252056764, -1139.4142906886716, -1144.6030218749306, -1133.478784984798, -1082.309780934863, -1174.7377511002492, -1167.9762147343995, -1144.987574385126, -1146.0729553619121, -1081.8989597226127, -1168.4418793310406, -1076.3236019229796, -1058.6871925126118, -1128.766592578255, -1115.5583994457497, -1103.6360084272367, -1146.5788722918096, -1074.2063449409145, -1108.1432254179952, -998.1254513178021, -991.2594381682296, -1089.048115310465, -1044.1833685527743, -1091.5462037131656, -1081.4905981405363, -1007.9174813638631, -1071.052579406547, -972.538713021651, -952.7375396549886, -1027.2633038314711, -1040.9772187097278, -949.8157018088832, -969.1369623723998, -963.1799480826501, -904.8477778232934, -980.681799292536, -979.1417943966949, -915.9794061264398, -908.4531081602162, -955.7911220413818, -188.94516828071323, -856.5446758204788, -881.2786240154688, -753.3961649932709, -838.5843731223141, -804.7870988517159, -155.39131277242672, -733.3375676125096, -796.0102815410772, -741.1655994983859, -793.711647235742, -678.8549482256822, -758.0380408331193, -104.34386895606295, -734.4445272563306, -737.213978038346, -240.26407734261832, -206.30167739802968, -247.491558941789, -426.51344103321435, -677.4178923095576, -338.0746761587169], "cost": [1325.2575942521926, 1357.1223194107793, 1302.8803719655346, 1374.5459156023346, 1340.718061239347, 1335.296294090702, 1305.8763852245734, 1297.5412380608172, 1317.3091155756188, 1278.7687800603562, 1313.439353662469, 1330.0441006660371, 1262.0661302760157, 1255.0577965386778, 1328.2683944085425, 1223.2125254784157, 1323.0207155498779, 1205.3855063084793, 1262.6924598698602, 1257.7001936242082, 1252.297856346826, 1318.4033783382756, 1282.7646666430035, 1241.2111974596507, 1228.0411479857762, 1177.9803854481972, 1247.2917127294938, 1121.6760662977217, 1253.9021776195057, 1188.156206829231, 1158.171763713304, 1261.291696543955, 1235.27384397408, 1270.5008170238414, 1222.4669266514757, 1243.0431518741977, 1203.5623986310325, 1249.3750409559632, 1150.8428227701509, 1210.5940832579322, 1172.9961196557338, 1176.6837780814244, 1208.6219066907086, 1144.6809431138638, 1109.4509252056764, 1139.4142906886716, 1144.6030218749306, 1133.478784984798, 1082.309780934863, 1174.7377511002492, 1167.9762147343995, 1144.987574385126, 1146.0729553619121, 1081.8989597226127, 1168.4418793310406, 1076.3236019229796, 1058.6871925126118, 1128.766592578255, 1115.5583994457497, 1103.6360084272367, 1146.5788722918096, 1074.2063449409145, 1108.1432254179952, 998.1254513178021, 991.2594381682296, 1089.048115310465, 1044.1833685527743, 1091.5462037131656, 1081.4905981405363, 1007.9174813638631, 1071.052579406547, 972.538713021651, 952.7375396549886, 1027.2633038314711, 1040.9772187097278, 949.8157018088832, 969.1369623723998, 963.1799480826501, 904.8477778232934, 980.681799292536, 979.1417943966949, 915.9794061264398, 908.4531081602162, 955.7911220413818, 188.94516828071323, 856.5446758204788, 881.2786240154688, 753.3961649932709, 838.5843731223141, 804.7870988517159, 155.39131277242672, 733.3375676125096, 796.0102815410772, 741.1655994983859, 793.711647235742, 678.8549482256822, 758.0380408331193, 104.34386895606295, 734.4445272563306, 737.213978038346, 240.26407734261832, 206.30167739802968, 247.491558941789, 426.51344103321435, 677.4178923095576, 338.0746761587169], "overtime": [false, false, false, false, false, false, false, false, false, false, false, false, false, false, false, false, false, false, false, false, false, false, false, false, false, false, false, false, false, false, false, false, false, false, false, false, false, false, false, false, false, false, false, false, false, false, false, false, false, false, false, false, false, false, false, false, false, false, false, false, false, false, false, false, false, false, false, false, false, false, false, false, false, false, false, false, false, false, false, false, false, false, false, false, true, false, false, false, true, false, true, false, false, false, false, false, false, true, false, false, true, true, true, true, true, true], "really_average_reduce_rate": 0.11252807674145587, "greedy_cost": 1492.908089535172, "algo": "ppo"}