{"reward": [-535.3922379103396, -561.7165970277042, -528.3534127069357, -522.7740136284662, -516.5963301841545, -523.4974074952677, -498.6911909344234, -514.1422399259267, -551.6163638380265, -552.7749657926802, -537.5455472376293, -514.6111099410799, -485.7610723582097, -526.4937077051214, -463.28731400055807, -487.28239538732913, -513.2944268675614, -513.513789705336, -274.9501290279627, -514.9436719231401, -500.555922901407, -484.2505329334736, -539.594796986785, -474.6494442354703, -503.6832081669847, -503.1242502735462, -503.6489326179216, -477.9251687770338, -530.7173145672307, -509.4591218578721, -501.2037251259852, -542.1269801117949, -536.8965901068785, -515.6717716430032, -495.94284837015897, -503.63565100307574, -507.5945890763961, -496.6573371538986, -510.24408004514873, -445.55076151537696, -502.16207222109665, -500.64905334062877, -483.60951945946556, -464.65746443489564, -493.4167923169957, -508.5433794931975, -516.5428227795569, -475.4154678985477, -518.4646329095588, -526.5645461526233, -484.9020187596511, -504.00519699640574, -483.14349734556856, -458.1615578186979, -527.9415840651283, -503.50670512625015, -474.24645817827434, -496.65140811280355, -477.0818188385667, -467.0025994279142, -484.60238235328353, -355.76174821275293, -431.89210849975257, -438.91828491966226, -475.7093017152231, -474.5092290091423, -490.7284726254457, -426.2267069988512, -491.0184733550156, -460.24491835002783, -504.8112416234893, -435.1476642730085, -492.9679092749209, -399.8961385779733, -440.0674165865407, -480.8532821218763, -457.14518141106697, -452.4760260283203, -496.4896804570221, -471.052989257481, -179.18356098908941, -424.44462678522785, -371.46878976048913, -170.00365690452983, -401.27601590365157, -442.5824567854777, -131.29961982224137, -476.673447722979, -443.37579644113765, -419.83675690212306, -161.6544497964625, -199.11399156184868, -405.04884179433805, -370.73410682624205, -151.24555052487182, -123.8519313957542, -352.38556987760586, -364.7944623441994, -423.77333473612555, -421.39452008327487, -285.3204490902275, -190.32118432587015, -437.93593810734353, -303.17267113653014, -145.33196136089043, -338.45756851946, -366.3783718284687, -360.3055044150539, -173.80239081345496, -169.28731078167448, -312.8865531034021, -138.0084656292479, -174.0705656705518, -159.72242489135826], "cost": [535.3922379103396, 561.7165970277042, 528.3534127069357, 522.7740136284662, 516.5963301841545, 523.4974074952677, 498.6911909344234, 514.1422399259267, 551.6163638380265, 552.7749657926802, 537.5455472376293, 514.6111099410799, 485.7610723582097, 526.4937077051214, 463.28731400055807, 487.28239538732913, 513.2944268675614, 513.513789705336, 274.9501290279627, 514.9436719231401, 500.555922901407, 484.2505329334736, 539.594796986785, 474.6494442354703, 503.6832081669847, 503.1242502735462, 503.6489326179216, 477.9251687770338, 530.7173145672307, 509.4591218578721, 501.2037251259852, 542.1269801117949, 536.8965901068785, 515.6717716430032, 495.94284837015897, 503.63565100307574, 507.5945890763961, 496.6573371538986, 510.24408004514873, 445.55076151537696, 502.16207222109665, 500.64905334062877, 483.60951945946556, 464.65746443489564, 493.4167923169957, 508.5433794931975, 516.5428227795569, 475.4154678985477, 518.4646329095588, 526.5645461526233, 484.9020187596511, 504.00519699640574, 483.14349734556856, 458.1615578186979, 527.9415840651283, 503.50670512625015, 474.24645817827434, 496.65140811280355, 477.0818188385667, 467.0025994279142, 484.60238235328353, 355.76174821275293, 431.89210849975257, 438.91828491966226, 475.7093017152231, 474.5092290091423, 490.7284726254457, 426.2267069988512, 491.0184733550156, 460.24491835002783, 504.8112416234893, 435.1476642730085, 492.9679092749209, 399.8961385779733, 440.0674165865407, 480.8532821218763, 457.14518141106697, 452.4760260283203, 496.4896804570221, 471.052989257481, 179.18356098908941, 424.44462678522785, 371.46878976048913, 170.00365690452983, 401.27601590365157, 442.5824567854777, 131.29961982224137, 476.673447722979, 443.37579644113765, 419.83675690212306, 161.6544497964625, 199.11399156184868, 405.04884179433805, 370.73410682624205, 151.24555052487182, 123.8519313957542, 352.38556987760586, 364.7944623441994, 423.77333473612555, 421.39452008327487, 285.3204490902275, 190.32118432587015, 437.93593810734353, 303.17267113653014, 145.33196136089043, 338.45756851946, 366.3783718284687, 360.3055044150539, 173.80239081345496, 169.28731078167448, 312.8865531034021, 138.0084656292479, 174.0705656705518, 159.72242489135826], "overtime": [false, false, false, false, false, false, false, false, false, false, false, false, false, false, false, false, false, false, true, false, false, false, false, false, false, false, false, false, false, false, false, false, false, false, false, false, false, false, false, false, false, false, false, false, false, false, false, false, false, false, false, false, false, false, false, false, false, false, false, false, false, true, false, false, false, false, false, true, false, false, false, false, false, false, true, false, false, true, false, false, true, false, true, true, false, false, true, false, false, false, true, true, false, false, true, true, true, false, false, false, true, true, false, true, true, true, true, false, true, true, true, true, true, true], "really_average_reduce_rate": 0.30627661264415035, "greedy_cost": 585.5695768362006, "algo": "ppo"}