{"reward": [-249.3890641767533, -240.61577794806112, -228.05476774589158, -236.69762589380147, -232.7650347958692, -224.8210979839694, -209.3952937035635, -243.75775304725394, -224.2627861655876, -234.18542977058334, -253.11377801460222, -217.2540290463809, -248.7679166290723, -205.95584094623112, -216.3737466010359, -209.1854307311866, -225.75646266392434], "cost": [249.3890641767533, 240.61577794806112, 228.05476774589158, 236.69762589380147, 232.7650347958692, 224.8210979839694, 209.3952937035635, 243.75775304725394, 224.2627861655876, 234.18542977058334, 253.11377801460222, 217.2540290463809, 248.7679166290723, 205.95584094623112, 216.3737466010359, 209.1854307311866, 225.75646266392434], "overtime": [false, false, false, true, false, true, true, false, true, true, false, true, true, true, true, true, true], "really_average_reduce_rate": 0.7981743966704699, "greedy_cost": 250.86960051674407, "algo": "ppo"}