{"reward": [-558.1061619987622, -576.2068362937497, -565.3649659649845, -539.5877153480334, -571.155859627845, -558.4601085988435, -544.07723530964, -547.8754361621105, -538.5036096142233, -490.83633040185094, -565.4413206457257, -541.4916531999038, -523.59582031562, -549.1863995881101, -522.3001948834863, -519.1181639340986, -557.4059831501546, -524.9910547217635, -527.0259299072065, -479.3143748641573, -551.382238050122, -541.0616638716964, -538.2470768912698, -557.9332911000495, -533.3386940042491, -517.2727762845344, -540.3985773198309, -517.671149528222, -496.4865172714367, -498.92636908583347, -521.031155850934, -518.8949484232534, -512.5288190724793, -490.83120506110595, -525.3691543804294, -495.2151542739942, -524.5377229478488, -521.7676110636164, -495.57221627901305, -506.0334847495332, -515.0818161934334, -524.080110379765, -534.0791647565179, -532.0086202340945, -485.6079673331137, -559.8930958939067, -539.6376398127245, -512.5548714598733, -504.34559267595415, -484.13325265972856, -499.84722835016436, -508.51221310748724, -515.8956520948187, -500.4979873984957, -451.8006582730728, -486.03999828434553, -452.438496919833, -501.28668034976346, -521.7691707516462, -478.8404382371251, -477.562686212333, -480.36001239740295, -488.34887540619815, -500.8225825895648, -501.8172202296275, -510.05827771289256, -498.25648250280875, -483.42766088950447, -535.4677269291226, -483.27542330962615, -468.59913446361185, -470.2979284709785, -453.0729780609903, -450.97673559565095, -497.72212313061567, -489.2269010403379, -460.94248740176647, -460.084906264972, -504.51760924084107, -455.7413410606702, -440.4104593854025, -485.32096645312373, -472.72899005257517, -431.6240719790011, -479.23737832911314, -386.9344069428926, -413.71609414856874, -432.7512881531751, -452.0473446278646, -387.8691709100176, -477.7906652621924, -422.13468896435575, -455.7519395096601, -433.3143108041119, -442.189845086038, -395.02560322998073, -440.85115747337227, -451.10145944239565, -446.2160062931105, -440.5896728661469, -111.6041504110768, -473.7531029656344, -393.0900784193631, -392.8277659722232, -394.7634884264786, -401.26451626795347, -151.0333007681836, -377.99138638642626, -372.51155081675387, -425.4459793692176, -169.07792376458644, -380.41812206113707, -422.3003048359789, -398.7165851044096, -272.8724003772718, -350.64599723150945, -274.6224898869452, -266.723131556185, -304.5327711531519, -161.65027667202062, -141.1508711365797, -325.5792649076878], "cost": [558.1061619987622, 576.2068362937497, 565.3649659649845, 539.5877153480334, 571.155859627845, 558.4601085988435, 544.07723530964, 547.8754361621105, 538.5036096142233, 490.83633040185094, 565.4413206457257, 541.4916531999038, 523.59582031562, 549.1863995881101, 522.3001948834863, 519.1181639340986, 557.4059831501546, 524.9910547217635, 527.0259299072065, 479.3143748641573, 551.382238050122, 541.0616638716964, 538.2470768912698, 557.9332911000495, 533.3386940042491, 517.2727762845344, 540.3985773198309, 517.671149528222, 496.4865172714367, 498.92636908583347, 521.031155850934, 518.8949484232534, 512.5288190724793, 490.83120506110595, 525.3691543804294, 495.2151542739942, 524.5377229478488, 521.7676110636164, 495.57221627901305, 506.0334847495332, 515.0818161934334, 524.080110379765, 534.0791647565179, 532.0086202340945, 485.6079673331137, 559.8930958939067, 539.6376398127245, 512.5548714598733, 504.34559267595415, 484.13325265972856, 499.84722835016436, 508.51221310748724, 515.8956520948187, 500.4979873984957, 451.8006582730728, 486.03999828434553, 452.438496919833, 501.28668034976346, 521.7691707516462, 478.8404382371251, 477.562686212333, 480.36001239740295, 488.34887540619815, 500.8225825895648, 501.8172202296275, 510.05827771289256, 498.25648250280875, 483.42766088950447, 535.4677269291226, 483.27542330962615, 468.59913446361185, 470.2979284709785, 453.0729780609903, 450.97673559565095, 497.72212313061567, 489.2269010403379, 460.94248740176647, 460.084906264972, 504.51760924084107, 455.7413410606702, 440.4104593854025, 485.32096645312373, 472.72899005257517, 431.6240719790011, 479.23737832911314, 386.9344069428926, 413.71609414856874, 432.7512881531751, 452.0473446278646, 387.8691709100176, 477.7906652621924, 422.13468896435575, 455.7519395096601, 433.3143108041119, 442.189845086038, 395.02560322998073, 440.85115747337227, 451.10145944239565, 446.2160062931105, 440.5896728661469, 111.6041504110768, 473.7531029656344, 393.0900784193631, 392.8277659722232, 394.7634884264786, 401.26451626795347, 151.0333007681836, 377.99138638642626, 372.51155081675387, 425.4459793692176, 169.07792376458644, 380.41812206113707, 422.3003048359789, 398.7165851044096, 272.8724003772718, 350.64599723150945, 274.6224898869452, 266.723131556185, 304.5327711531519, 161.65027667202062, 141.1508711365797, 325.5792649076878], "overtime": [false, false, false, false, false, false, false, false, false, false, false, false, false, false, false, false, false, false, false, false, false, false, false, false, false, false, false, false, false, false, false, false, false, false, false, false, false, false, false, false, false, false, false, false, false, false, false, false, false, false, false, false, false, false, false, false, false, false, false, false, false, false, false, false, false, false, false, false, false, false, false, false, false, false, false, false, false, false, false, false, false, false, false, false, false, false, false, false, false, false, false, false, false, false, false, false, false, false, false, false, true, false, false, false, false, false, true, false, true, false, true, false, false, false, true, false, true, true, true, true, true, true], "really_average_reduce_rate": 0.23037327813372185, "greedy_cost": 585.661951007061, "algo": "ppo"}