{"reward": [-263.492480749488, -237.14844661568293, -261.5133085698263, -243.51947169570263, -269.4653072007094, -248.52340965462858, -218.75739615594034, -236.15704035690993, -196.46285903072925, -263.8202020380367, -236.76769855740486, -263.8886570371781, -220.36877728914845, -222.26080221988263, -217.2628648722452, -243.66261531458238, -242.37883417924874, -229.28478805508473], "cost": [263.492480749488, 237.14844661568293, 261.5133085698263, 243.51947169570263, 269.4653072007094, 248.52340965462858, 218.75739615594034, 236.15704035690993, 196.46285903072925, 263.8202020380367, 236.76769855740486, 263.8886570371781, 220.36877728914845, 222.26080221988263, 217.2628648722452, 243.66261531458238, 242.37883417924874, 229.28478805508473], "overtime": [false, true, false, true, false, false, true, true, true, false, false, false, true, true, true, true, true, true], "really_average_reduce_rate": 0.8643073226176603, "greedy_cost": 250.86960051674407, "algo": "ppo"}