{"reward": [-226.96298442292036, -235.55489188615238, -249.08027665242562, -260.9501343377867, -230.09251425628557, -249.93547781709592, -254.1301214381681, -261.4217515368108, -250.3348258796801, -237.64343085085045, -249.28000358553606, -253.58268072994437, -218.63174001551238, -245.7659566492774, -252.28113013367175, -249.15230132457808, -257.4663649964706, -233.51456289132136, -253.56194537408655, -229.31255547976127, -258.05378305639147, -262.97559657904327, -254.54014296580112, -258.1653406002466, -239.747324750675, -248.7906464608387, -262.90284006147647, -244.45079767765486, -241.1934983354901, -218.19205204092904, -231.2287460934743, -239.55009083348335, -258.40939735998404, -250.81111175133853, -226.0131850100123, -244.39888280191462, -250.0876661499125, -230.03234113249937, -257.01321730392067, -246.64659830832863, -245.7075368018542, -238.54416411837568, -254.18493153823547, -247.63373719925067, -231.1961172079947, -238.73595876486044, -233.7283954221476, -247.43565439819366, -228.94106108714837, -242.37318387236448, -247.21219362157402, -238.3061206107494, -257.54909239158974, -244.8549731366989, -238.83599289678975, -201.1839648503345, -224.70075387595224, -232.96834450288682, -214.41512261554598, -232.4441835520976], "cost": [226.96298442292036, 235.55489188615238, 249.08027665242562, 260.9501343377867, 230.09251425628557, 249.93547781709592, 254.1301214381681, 261.4217515368108, 250.3348258796801, 237.64343085085045, 249.28000358553606, 253.58268072994437, 218.63174001551238, 245.7659566492774, 252.28113013367175, 249.15230132457808, 257.4663649964706, 233.51456289132136, 253.56194537408655, 229.31255547976127, 258.05378305639147, 262.97559657904327, 254.54014296580112, 258.1653406002466, 239.747324750675, 248.7906464608387, 262.90284006147647, 244.45079767765486, 241.1934983354901, 218.19205204092904, 231.2287460934743, 239.55009083348335, 258.40939735998404, 250.81111175133853, 226.0131850100123, 244.39888280191462, 250.0876661499125, 230.03234113249937, 257.01321730392067, 246.64659830832863, 245.7075368018542, 238.54416411837568, 254.18493153823547, 247.63373719925067, 231.1961172079947, 238.73595876486044, 233.7283954221476, 247.43565439819366, 228.94106108714837, 242.37318387236448, 247.21219362157402, 238.3061206107494, 257.54909239158974, 244.8549731366989, 238.83599289678975, 201.1839648503345, 224.70075387595224, 232.96834450288682, 214.41512261554598, 232.4441835520976], "overtime": [true, false, false, false, false, false, false, false, false, false, false, false, true, false, false, false, false, false, false, true, false, false, false, true, false, false, false, false, false, true, false, false, false, false, true, true, false, true, false, false, false, true, false, false, false, false, false, false, false, false, false, false, false, false, true, true, true, true, true, true], "really_average_reduce_rate": 0.7320414707232795, "greedy_cost": 250.86960051674407, "algo": "ppo"}