{"reward": [-222.6481222807151, -244.45527914503597, -258.85185314609663, -204.8399242362287, -212.16049847283404, -267.90359162953695, -220.3184830145073, -226.2799509416148, -238.80951564406985, -253.58593379018834, -224.92461986860263, -203.62830456243827, -223.86139229108588, -219.0808639779036, -198.27118976074271, -229.1350393572264, -208.01409957076424, -231.36368295756176, -222.63085730175493, -212.1336151878351, -206.47799310033218, -237.38302333122124, -244.83478285821164, -240.53198304425928, -224.7601268422418, -207.1312983676512, -219.09326806737113, -218.0395863782149, -240.47233948787675, -207.4050200778153, -201.97290034614508, -213.7824212158007, -238.3146429142822, -240.80686563217085, -227.82071255911146, -227.6695074557048, -213.00883758042943, -215.90060052472174, -246.9187943499909, -179.16575038623998, -235.4039488626551, -187.73278604408728, -206.62950970049948, -231.83519613672047, -193.00339231424041], "cost": [222.6481222807151, 244.45527914503597, 258.85185314609663, 204.8399242362287, 212.16049847283404, 267.90359162953695, 220.3184830145073, 226.2799509416148, 238.80951564406985, 253.58593379018834, 224.92461986860263, 203.62830456243827, 223.86139229108588, 219.0808639779036, 198.27118976074271, 229.1350393572264, 208.01409957076424, 231.36368295756176, 222.63085730175493, 212.1336151878351, 206.47799310033218, 237.38302333122124, 244.83478285821164, 240.53198304425928, 224.7601268422418, 207.1312983676512, 219.09326806737113, 218.0395863782149, 240.47233948787675, 207.4050200778153, 201.97290034614508, 213.7824212158007, 238.3146429142822, 240.80686563217085, 227.82071255911146, 227.6695074557048, 213.00883758042943, 215.90060052472174, 246.9187943499909, 179.16575038623998, 235.4039488626551, 187.73278604408728, 206.62950970049948, 231.83519613672047, 193.00339231424041], "overtime": [false, true, false, true, true, false, true, true, false, false, true, true, true, true, true, false, true, false, true, true, true, false, false, true, true, true, true, true, false, true, true, true, true, true, false, false, true, true, false, true, true, true, true, true, true], "really_average_reduce_rate": 0.7981743966704699, "greedy_cost": 250.86960051674407, "algo": "ppo"}