{"reward": [-256.7997108800338, -234.9458227118384, -263.47379064659594, -244.4264575298318, -246.0602681161371, -219.9613466224727, -223.30538779724398, -244.09250709217048, -228.56587476365277, -240.85980155610488, -209.10890954448848, -214.21375419377355, -241.3224330414925, -216.1750388939493, -251.54190057411796, -229.54990241160613, -226.8138591059577, -240.53642342010517, -267.371381328553, -218.02976363986733, -236.94894461357043, -222.134065806279, -227.86099927192555, -225.31453623422433, -244.30229437780574, -262.17104168326597, -210.21820308440365, -220.96117970143447, -247.15414280428556, -227.15465405526575, -228.30266146760442, -249.3552478750703, -234.22947013393983, -239.5640964401141, -229.2626948691719, -245.68935623352428, -194.42959823046812, -245.31758465385073, -237.2570644150768, -247.6877865630389, -248.11043692638168, -223.49093513326721, -198.88510318362157, -256.5664966404439, -222.14911169424659, -242.35693611741067, -211.12295511454343, -223.7568161020987, -226.39795276271187, -235.46788361513987, -224.83019186698843, -223.29320379249756, -212.88006765158852, -205.00384287670258, -220.72227246549912, -232.8877723872755, -237.64888918509723, -230.4192688902468, -172.59596752827994, -199.74797606240963, -236.83715819912038, -233.82474002833482, -237.07676633075812, -202.1380299589504, -240.11404304669242, -164.46093069965954, -222.7037653850392, -228.06319385500626, -246.7013816379104, -225.00045365587812, -205.7584735835903, -242.04131122934632, -222.38955143085687, -183.4757917075977, -181.66961350486616, -206.00425842597156, -241.30785014697355, -236.29984503528104, -202.64571301160382, -231.0012483824696, -241.15560351585046, -231.38368215030994, -234.96793167830452, -223.96954847473663, -221.10419592319062, -168.71146381380973, -207.45928910195832, -237.44649650600743, -202.9297446620744, -241.7432214351558, -199.2710222646408, -174.33969131304883, -221.40337427166295, -223.32546501470736, -238.1432229858265, -194.65689951066855, -222.24985455210322, -170.58742003402674, -180.07583513312045, -148.2203609011136, -175.2105469991267], "cost": [256.7997108800338, 234.9458227118384, 263.47379064659594, 244.4264575298318, 246.0602681161371, 219.9613466224727, 223.30538779724398, 244.09250709217048, 228.56587476365277, 240.85980155610488, 209.10890954448848, 214.21375419377355, 241.3224330414925, 216.1750388939493, 251.54190057411796, 229.54990241160613, 226.8138591059577, 240.53642342010517, 267.371381328553, 218.02976363986733, 236.94894461357043, 222.134065806279, 227.86099927192555, 225.31453623422433, 244.30229437780574, 262.17104168326597, 210.21820308440365, 220.96117970143447, 247.15414280428556, 227.15465405526575, 228.30266146760442, 249.3552478750703, 234.22947013393983, 239.5640964401141, 229.2626948691719, 245.68935623352428, 194.42959823046812, 245.31758465385073, 237.2570644150768, 247.6877865630389, 248.11043692638168, 223.49093513326721, 198.88510318362157, 256.5664966404439, 222.14911169424659, 242.35693611741067, 211.12295511454343, 223.7568161020987, 226.39795276271187, 235.46788361513987, 224.83019186698843, 223.29320379249756, 212.88006765158852, 205.00384287670258, 220.72227246549912, 232.8877723872755, 237.64888918509723, 230.4192688902468, 172.59596752827994, 199.74797606240963, 236.83715819912038, 233.82474002833482, 237.07676633075812, 202.1380299589504, 240.11404304669242, 164.46093069965954, 222.7037653850392, 228.06319385500626, 246.7013816379104, 225.00045365587812, 205.7584735835903, 242.04131122934632, 222.38955143085687, 183.4757917075977, 181.66961350486616, 206.00425842597156, 241.30785014697355, 236.29984503528104, 202.64571301160382, 231.0012483824696, 241.15560351585046, 231.38368215030994, 234.96793167830452, 223.96954847473663, 221.10419592319062, 168.71146381380973, 207.45928910195832, 237.44649650600743, 202.9297446620744, 241.7432214351558, 199.2710222646408, 174.33969131304883, 221.40337427166295, 223.32546501470736, 238.1432229858265, 194.65689951066855, 222.24985455210322, 170.58742003402674, 180.07583513312045, 148.2203609011136, 175.2105469991267], "overtime": [false, true, false, false, false, true, true, false, false, false, true, true, false, false, false, true, true, false, false, false, false, false, false, false, false, false, true, true, false, true, false, false, false, false, false, false, true, false, false, false, true, true, true, false, true, false, true, true, true, false, true, true, false, true, true, false, false, true, true, true, false, true, false, true, true, true, true, false, false, true, true, false, false, true, true, true, false, false, true, true, false, false, true, false, true, true, true, false, true, true, true, true, false, true, false, true, true, true, true, true, true], "really_average_reduce_rate": 0.7320414707232795, "greedy_cost": 250.86960051674407, "algo": "ppo"}