{"reward": [-226.42502876806083, -241.64832954179505, -248.18357430419886, -191.65855517820455, -213.93902843982923, -216.26284010768873, -242.96597319805073, -225.55058416775432, -251.43611899153333, -225.79189663355243, -230.63795443286193, -232.9658080584835, -206.61217976902617, -241.53204924688683, -205.47016372442246, -265.3532208527905, -232.6350883189776, -237.601254529655, -208.54190279953187, -255.49076995073827, -264.3946036911663, -257.2132990674489, -232.83351644247776, -262.20247465739965, -228.1251929895487, -239.19498144693674, -238.37463367729458, -244.94771145328883, -239.0870757091139, -243.66889770149254, -229.86184385474775, -172.95770385303538, -208.7444494167995], "cost": [226.42502876806083, 241.64832954179505, 248.18357430419886, 191.65855517820455, 213.93902843982923, 216.26284010768873, 242.96597319805073, 225.55058416775432, 251.43611899153333, 225.79189663355243, 230.63795443286193, 232.9658080584835, 206.61217976902617, 241.53204924688683, 205.47016372442246, 265.3532208527905, 232.6350883189776, 237.601254529655, 208.54190279953187, 255.49076995073827, 264.3946036911663, 257.2132990674489, 232.83351644247776, 262.20247465739965, 228.1251929895487, 239.19498144693674, 238.37463367729458, 244.94771145328883, 239.0870757091139, 243.66889770149254, 229.86184385474775, 172.95770385303538, 208.7444494167995], "overtime": [true, false, false, true, true, true, false, true, true, true, true, false, true, true, true, false, true, true, true, false, false, false, true, false, false, true, false, true, true, true, true, true, true], "really_average_reduce_rate": 0.8643073226176603, "greedy_cost": 250.86960051674407, "algo": "ppo"}