{"reward": [-231.5239347523358, -270.9578157974967, -243.69835487504494, -253.02912400730892, -260.89085746351634, -260.938363153236, -251.68837331698288, -238.8645774006472, -256.2083571482637, -250.77467697820634, -219.54783064417543, -240.64189834983097, -241.5737264234853, -247.31075089426722, -240.4042382610497, -250.0946743027401, -225.4722647503764, -269.4718361899816, -221.89782213187777, -254.4794794718922, -240.9845108349156, -237.47598368579534, -217.93661778599036, -246.1591981986725, -228.15284025606704, -249.29272163840952, -223.998646029709, -223.12903097071694, -259.80874928086064, -241.18848106610594, -244.3903790332378, -260.3112987323293, -235.06286512850798, -208.70566968854516, -216.2207538603898, -250.70972287223682, -204.25427093937057, -234.60767442698594, -257.86044896862484, -239.61442251342356, -254.60394776228821, -243.1826824791172, -259.81083710358473, -237.409747820329, -239.34170720664792, -253.52778248569936, -235.90789987265137, -212.48576733558443, -247.7594904124737, -251.13905266050253, -234.22511806502942, -239.39022184917712, -231.03000263841835, -223.22869165051736, -241.87459752465608, -246.76626953244215, -245.9171645134595, -230.05324511446992, -260.16489371737475, -243.54864629672844, -234.49837967007426, -251.5466666161363, -236.56006226374774, -234.67102569373327, -244.9396546596196, -246.18519973809836, -238.9334412669298, -175.0016857801285, -243.95831201948232, -235.52309893389244, -213.0765209024586, -226.29408503839755, -242.62837113574156, -217.02299670144916, -234.06961350936444, -237.97907564882198, -168.71670273221096, -228.18249084210956, -238.2187755632308, -204.87308196847331, -222.6747304301802, -251.318283784194, -248.08608272842142, -194.48256131653685, -169.64710367057478, -219.8209007091541, -237.1240629250091, -144.81193599021066, -211.6447853648104, -249.0079529573024, -211.8466272588355, -195.00782851275068, -235.36811583290816, -224.30501849306754, -231.33165114191362, -224.38716390918012, -223.1396867399757, -177.08836024891596, -188.30717788558454, -207.09684072097767, -225.1423955622316, -182.66731155096556, -240.9550578245894, -182.3532655520831, -202.83581810446466, -228.22971994577915, -199.2368244020455, -235.9482469889988, -195.1214358486608, -192.76637724882926, -202.45895296145235, -234.27841332115239], "cost": [231.5239347523358, 270.9578157974967, 243.69835487504494, 253.02912400730892, 260.89085746351634, 260.938363153236, 251.68837331698288, 238.8645774006472, 256.2083571482637, 250.77467697820634, 219.54783064417543, 240.64189834983097, 241.5737264234853, 247.31075089426722, 240.4042382610497, 250.0946743027401, 225.4722647503764, 269.4718361899816, 221.89782213187777, 254.4794794718922, 240.9845108349156, 237.47598368579534, 217.93661778599036, 246.1591981986725, 228.15284025606704, 249.29272163840952, 223.998646029709, 223.12903097071694, 259.80874928086064, 241.18848106610594, 244.3903790332378, 260.3112987323293, 235.06286512850798, 208.70566968854516, 216.2207538603898, 250.70972287223682, 204.25427093937057, 234.60767442698594, 257.86044896862484, 239.61442251342356, 254.60394776228821, 243.1826824791172, 259.81083710358473, 237.409747820329, 239.34170720664792, 253.52778248569936, 235.90789987265137, 212.48576733558443, 247.7594904124737, 251.13905266050253, 234.22511806502942, 239.39022184917712, 231.03000263841835, 223.22869165051736, 241.87459752465608, 246.76626953244215, 245.9171645134595, 230.05324511446992, 260.16489371737475, 243.54864629672844, 234.49837967007426, 251.5466666161363, 236.56006226374774, 234.67102569373327, 244.9396546596196, 246.18519973809836, 238.9334412669298, 175.0016857801285, 243.95831201948232, 235.52309893389244, 213.0765209024586, 226.29408503839755, 242.62837113574156, 217.02299670144916, 234.06961350936444, 237.97907564882198, 168.71670273221096, 228.18249084210956, 238.2187755632308, 204.87308196847331, 222.6747304301802, 251.318283784194, 248.08608272842142, 194.48256131653685, 169.64710367057478, 219.8209007091541, 237.1240629250091, 144.81193599021066, 211.6447853648104, 249.0079529573024, 211.8466272588355, 195.00782851275068, 235.36811583290816, 224.30501849306754, 231.33165114191362, 224.38716390918012, 223.1396867399757, 177.08836024891596, 188.30717788558454, 207.09684072097767, 225.1423955622316, 182.66731155096556, 240.9550578245894, 182.3532655520831, 202.83581810446466, 228.22971994577915, 199.2368244020455, 235.9482469889988, 195.1214358486608, 192.76637724882926, 202.45895296145235, 234.27841332115239], "overtime": [true, false, false, false, false, false, false, true, false, false, true, true, true, false, true, false, true, false, true, false, false, false, false, false, false, false, true, true, false, false, true, false, false, true, true, true, true, true, false, false, false, true, false, true, true, false, false, true, false, false, false, true, false, true, false, false, false, true, false, true, false, false, false, true, true, true, false, true, false, true, true, true, false, true, false, true, true, true, false, true, true, false, false, true, true, true, false, true, true, true, true, true, false, false, false, true, true, true, true, true, false, true, false, true, true, false, true, true, true, true, true, true], "really_average_reduce_rate": 0.7981743966704699, "greedy_cost": 250.86960051674407, "algo": "ppo"}