{"reward": [-559.9618132331691, -582.2769704690578, -543.7516084138958, -537.2428520592955, -496.97507984438914, -569.3869311653639, -576.0524198174014, -530.0002747955361, -503.4514827331528, -505.8721143968962, -533.5417262462433, -546.0980906855316, -499.28219696165075, -544.1418721855526, -506.9362526544277, -503.5925027449802, -513.6150199310666, -523.0204388288874, -540.4705099500624, -535.1213857271431, -481.54939324004573, -444.66034668053493, -198.29104073333565, -479.0352900395449, -506.56522635555825, -497.6628980364556, -554.3920842385388, -424.06996796679704, -495.6999656594264, -528.1772110751738, -467.50061391530545, -496.9972251412087, -485.2125246102736, -520.755491343774, -514.0666834501643, -513.2567021561229, -451.1850520587247, -489.51510415844626, -469.96897453683425, -518.7399241112546, -501.90479398379085, -486.71093402085825, -479.28317906159907, -487.83409412425937, -478.4509162509721, -484.17478528001345, -435.5442906901426, -431.45155221756534, -435.0834060354438, -445.7227928110398, -349.60018438593494, -450.61941782617015, -431.73833310567767, -519.8156229445153, -448.3148243892005, -467.5625684134849, -358.9680527748262, -420.35317570750584, -445.88387313692823, -181.2352691825014, -440.2739287372494, -436.2320759944431, -456.7909175894968, -470.9876720653659, -451.31642688686014, -510.4661294788589, -398.5316956087854, -512.8055920569691, -422.97639033191825, -368.82051876858793, -401.860165017806, -344.83655964657675, -423.22558972962196, -400.4756564070377, -439.6774263786989, -418.2953711948638, -388.2856804314162, -417.5701923384052, -458.11696396264267, -151.95427605506967, -394.3922934921179, -404.70823756844743, -388.16285797865123, -152.3066921006702, -290.3209967504443, -309.39144744909373, -400.02586326041256, -392.4417008557636, -205.3730709001701, -397.20619275517765, -365.10074196164487, -339.26721282621844, -369.092946404852, -160.5179693813715, -395.63869529633786, -364.75892319885094, -374.39088505382654, -412.5561151840817, -165.34086286514068, -367.8883538930769, -347.8052334817871, -323.40203703580437, -362.037831396507, -260.85088425172506, -364.7688092932662, -160.44306245050396, -176.4296801783331, -143.0986360256002, -216.21048990026114, -301.484485323066, -245.98915362996982], "cost": [559.9618132331691, 582.2769704690578, 543.7516084138958, 537.2428520592955, 496.97507984438914, 569.3869311653639, 576.0524198174014, 530.0002747955361, 503.4514827331528, 505.8721143968962, 533.5417262462433, 546.0980906855316, 499.28219696165075, 544.1418721855526, 506.9362526544277, 503.5925027449802, 513.6150199310666, 523.0204388288874, 540.4705099500624, 535.1213857271431, 481.54939324004573, 444.66034668053493, 198.29104073333565, 479.0352900395449, 506.56522635555825, 497.6628980364556, 554.3920842385388, 424.06996796679704, 495.6999656594264, 528.1772110751738, 467.50061391530545, 496.9972251412087, 485.2125246102736, 520.755491343774, 514.0666834501643, 513.2567021561229, 451.1850520587247, 489.51510415844626, 469.96897453683425, 518.7399241112546, 501.90479398379085, 486.71093402085825, 479.28317906159907, 487.83409412425937, 478.4509162509721, 484.17478528001345, 435.5442906901426, 431.45155221756534, 435.0834060354438, 445.7227928110398, 349.60018438593494, 450.61941782617015, 431.73833310567767, 519.8156229445153, 448.3148243892005, 467.5625684134849, 358.9680527748262, 420.35317570750584, 445.88387313692823, 181.2352691825014, 440.2739287372494, 436.2320759944431, 456.7909175894968, 470.9876720653659, 451.31642688686014, 510.4661294788589, 398.5316956087854, 512.8055920569691, 422.97639033191825, 368.82051876858793, 401.860165017806, 344.83655964657675, 423.22558972962196, 400.4756564070377, 439.6774263786989, 418.2953711948638, 388.2856804314162, 417.5701923384052, 458.11696396264267, 151.95427605506967, 394.3922934921179, 404.70823756844743, 388.16285797865123, 152.3066921006702, 290.3209967504443, 309.39144744909373, 400.02586326041256, 392.4417008557636, 205.3730709001701, 397.20619275517765, 365.10074196164487, 339.26721282621844, 369.092946404852, 160.5179693813715, 395.63869529633786, 364.75892319885094, 374.39088505382654, 412.5561151840817, 165.34086286514068, 367.8883538930769, 347.8052334817871, 323.40203703580437, 362.037831396507, 260.85088425172506, 364.7688092932662, 160.44306245050396, 176.4296801783331, 143.0986360256002, 216.21048990026114, 301.484485323066, 245.98915362996982], "overtime": [false, false, false, false, false, false, false, false, false, false, false, false, false, false, false, false, false, false, false, false, false, false, true, false, false, false, false, true, false, false, false, false, false, false, false, false, false, false, false, false, false, false, false, false, false, false, false, false, true, false, true, false, false, false, false, false, true, false, false, true, false, false, false, false, false, false, false, false, false, false, false, true, false, true, false, false, false, false, false, true, false, false, false, true, true, true, false, false, true, true, false, true, false, true, false, false, false, false, true, false, true, false, false, true, false, true, true, true, true, true, true], "really_average_reduce_rate": 0.2946361386561471, "greedy_cost": 585.661951007061, "algo": "ppo"}