{"reward": [-356.21347963837906, -352.4075789008383, -362.1473450486175, -329.6263944333419, -340.2223706205935, -325.1734007074218, -313.15686135960743, -345.3108373608534, -358.06719387345953, -305.3562913239747, -308.540169782918, -366.467026713444, -326.5947648631595, -318.17456870618275, -336.6220260023512, -333.2601207915694, -319.41633671409454, -327.7268621421046, -335.1204053372052, -343.41481486867184, -348.00682176402773, -335.3332455411181, -337.5492610375398, -343.64473237297494, -345.1881495197862, -348.389394597644, -361.20697417969814, -330.20620772114023, -333.7327850553394, -337.23486930117946, -336.90941145229164, -342.2527166614403, -337.5754312025477, -333.003928809464, -327.87328217757874, -329.32997441728617, -308.72058102143916, -318.0989600645099, -334.28377175203525, -331.5317576944829, -360.764356611669, -329.21351533902805, -334.97764935858544, -345.77769387936223, -344.38951171733436, -332.72385183854954, -354.0627270329372, -381.6481658538804, -340.21304498375406, -371.631947984742, -348.99063293755995, -337.5780563314912, -356.6012067405228, -302.1330225367006, -205.874591437187, -337.836275147507, -320.10842509866706, -327.2479876013473, -327.47156854947104, -336.22574358574116, -329.8067679547053, -311.17243411041795, -356.07012785235423, -352.47451289838193, -339.44639429182746, -349.91377716432334, -331.5955652418267, -342.9062421362941, -341.42070550981913, -342.1644525699503, -347.6998058213294, -318.94323680253706, -298.4089109325036, -305.99215042384344, -333.8923553549406, -332.21658334614716, -332.3383637466653, -318.87783045572235, -329.37210922940636, -294.77637726383296, -325.66599689190286, -306.2589269686304, -310.3239942431543, -318.24005001572897, -300.4329411271029, -303.75443791982724, -284.2693429173529, -317.69296425352815, -302.85557890545584, -319.39133231311115, -208.90106268010112, -347.4628609529417, -317.6578303667903, -166.17936042394493, -196.89340523536322, -278.6063769666944, -305.8243011371326, -319.3866854433902, -298.21898856584914, -192.72760818582034, -199.74079953706834, -333.5461745210645, -305.14471087064595, -197.49349146932366, -186.7178526554164, -293.5406171398238, -295.6917944701295, -202.72416298362438], "cost": [356.21347963837906, 352.4075789008383, 362.1473450486175, 329.6263944333419, 340.2223706205935, 325.1734007074218, 313.15686135960743, 345.3108373608534, 358.06719387345953, 305.3562913239747, 308.540169782918, 366.467026713444, 326.5947648631595, 318.17456870618275, 336.6220260023512, 333.2601207915694, 319.41633671409454, 327.7268621421046, 335.1204053372052, 343.41481486867184, 348.00682176402773, 335.3332455411181, 337.5492610375398, 343.64473237297494, 345.1881495197862, 348.389394597644, 361.20697417969814, 330.20620772114023, 333.7327850553394, 337.23486930117946, 336.90941145229164, 342.2527166614403, 337.5754312025477, 333.003928809464, 327.87328217757874, 329.32997441728617, 308.72058102143916, 318.0989600645099, 334.28377175203525, 331.5317576944829, 360.764356611669, 329.21351533902805, 334.97764935858544, 345.77769387936223, 344.38951171733436, 332.72385183854954, 354.0627270329372, 381.6481658538804, 340.21304498375406, 371.631947984742, 348.99063293755995, 337.5780563314912, 356.6012067405228, 302.1330225367006, 205.874591437187, 337.836275147507, 320.10842509866706, 327.2479876013473, 327.47156854947104, 336.22574358574116, 329.8067679547053, 311.17243411041795, 356.07012785235423, 352.47451289838193, 339.44639429182746, 349.91377716432334, 331.5955652418267, 342.9062421362941, 341.42070550981913, 342.1644525699503, 347.6998058213294, 318.94323680253706, 298.4089109325036, 305.99215042384344, 333.8923553549406, 332.21658334614716, 332.3383637466653, 318.87783045572235, 329.37210922940636, 294.77637726383296, 325.66599689190286, 306.2589269686304, 310.3239942431543, 318.24005001572897, 300.4329411271029, 303.75443791982724, 284.2693429173529, 317.69296425352815, 302.85557890545584, 319.39133231311115, 208.90106268010112, 347.4628609529417, 317.6578303667903, 166.17936042394493, 196.89340523536322, 278.6063769666944, 305.8243011371326, 319.3866854433902, 298.21898856584914, 192.72760818582034, 199.74079953706834, 333.5461745210645, 305.14471087064595, 197.49349146932366, 186.7178526554164, 293.5406171398238, 295.6917944701295, 202.72416298362438], "overtime": [false, false, false, false, false, true, true, false, false, false, false, false, true, true, false, false, false, false, false, false, false, false, false, false, false, false, false, false, false, false, false, false, false, false, false, false, false, false, false, false, false, false, false, false, false, false, false, false, false, false, false, false, false, false, true, false, false, false, false, false, false, false, false, false, false, false, false, false, false, false, false, false, true, false, false, false, false, false, false, false, false, false, false, false, false, false, false, false, true, false, true, false, true, true, true, true, false, false, true, true, true, false, true, true, true, true, true, true], "really_average_reduce_rate": 0.4753771399833909, "greedy_cost": 356.5797868246307, "algo": "ppo"}