{"reward": [-229.33300159975892, -256.88128798251046, -248.64024048479283, -252.4116001409386, -214.7333570750058, -243.12228259815842, -252.0818733507116, -241.0105554746372, -228.15982698534617, -266.7819258742594, -228.0758461432532, -267.8245146796667, -250.10363332397313, -256.8799959717878, -247.40281026309358, -250.63159728289588, -259.1249049035926, -240.8594425453899, -255.05311818284926, -242.72572721680632, -251.58323276096033, -253.57093264363718, -215.57635915337138, -255.74842026439498, -239.11287094149745, -251.64527884879155, -227.40575577576652, -236.50765425809666, -202.3532791483775, -225.35126941506752, -197.49848829889677, -236.79191515689723], "cost": [229.33300159975892, 256.88128798251046, 248.64024048479283, 252.4116001409386, 214.7333570750058, 243.12228259815842, 252.0818733507116, 241.0105554746372, 228.15982698534617, 266.7819258742594, 228.0758461432532, 267.8245146796667, 250.10363332397313, 256.8799959717878, 247.40281026309358, 250.63159728289588, 259.1249049035926, 240.8594425453899, 255.05311818284926, 242.72572721680632, 251.58323276096033, 253.57093264363718, 215.57635915337138, 255.74842026439498, 239.11287094149745, 251.64527884879155, 227.40575577576652, 236.50765425809666, 202.3532791483775, 225.35126941506752, 197.49848829889677, 236.79191515689723], "overtime": [true, true, false, false, true, false, false, false, true, false, true, false, false, false, false, false, false, false, false, true, false, true, true, false, true, false, true, true, true, true, true, true], "really_average_reduce_rate": 0.8643073226176603, "greedy_cost": 250.86960051674407, "algo": "ppo"}