{"reward": [-223.2325612574723, -192.42176481016912, -228.27389429326175, -238.8488902422321, -217.41477352802647, -219.41080576445907, -205.92603004982695, -251.5094486167003, -221.1476768877544, -243.24620022883641, -241.29748327977956, -247.12975429650405, -208.2153180819657, -214.36822130913853, -234.6931465023478, -229.14536577239642, -250.28118072949354, -256.60032799677924, -205.24314658603632, -240.75342432838866, -248.60146234878346, -231.99137390438472, -238.54580117098064, -264.42967483513064, -216.5184562147223, -211.04433187806058, -235.85767280374665, -229.60349528934813, -218.37576142940677, -216.56463682818233], "cost": [223.2325612574723, 192.42176481016912, 228.27389429326175, 238.8488902422321, 217.41477352802647, 219.41080576445907, 205.92603004982695, 251.5094486167003, 221.1476768877544, 243.24620022883641, 241.29748327977956, 247.12975429650405, 208.2153180819657, 214.36822130913853, 234.6931465023478, 229.14536577239642, 250.28118072949354, 256.60032799677924, 205.24314658603632, 240.75342432838866, 248.60146234878346, 231.99137390438472, 238.54580117098064, 264.42967483513064, 216.5184562147223, 211.04433187806058, 235.85767280374665, 229.60349528934813, 218.37576142940677, 216.56463682818233], "overtime": [true, true, true, false, true, true, true, false, true, true, true, false, true, true, true, true, false, false, true, true, false, true, true, false, true, true, true, true, true, true], "really_average_reduce_rate": 0.920992687715252, "greedy_cost": 250.86960051674407, "algo": "ppo"}