{"reward": [-220.15633713969035, -240.22381071424118, -241.47407099270268, -250.58781433844015, -213.64471468163663, -265.5402388436814, -243.35414454266436, -210.77096436248164, -214.8342766450905, -222.70739195249976, -231.28206927919769, -262.0370117319562, -258.0852909852193, -260.8152979725787, -221.47240335722464, -237.25321352473466, -217.249651072612, -249.8649115276058, -239.98725717951547, -250.46482070331476, -241.8579876801651, -233.581967038978, -241.5107854242251, -245.49242992203688, -206.6295607919898, -232.67619800417685, -227.26141455004924, -222.74955222367316, -247.3057743579988, -181.94565575891184, -249.79190938553785, -240.88891896823432, -243.80424526115888, -233.46809902980004, -217.10094319449746, -223.53689675576987, -243.92013040957045, -232.7852441457194, -188.91883020051756, -248.6213664895669, -238.45431454137903, -245.22554318827585, -224.69086458529355, -249.60741277993657, -223.25713379931648, -171.73446019933564, -243.56573373966862, -231.2222232845426, -214.2937399508339, -218.3627102998179, -218.2957471594681, -238.1397921377235, -237.97262038491667, -246.31741754060616, -214.3341549058724, -174.59983934635298, -228.61241186293776, -253.50888531554492, -219.1606078927219, -257.7792464162503, -225.05661082311534, -219.61531586577186, -196.10333955314016, -223.74474629108798, -194.2015440027044, -206.55668474507522], "cost": [220.15633713969035, 240.22381071424118, 241.47407099270268, 250.58781433844015, 213.64471468163663, 265.5402388436814, 243.35414454266436, 210.77096436248164, 214.8342766450905, 222.70739195249976, 231.28206927919769, 262.0370117319562, 258.0852909852193, 260.8152979725787, 221.47240335722464, 237.25321352473466, 217.249651072612, 249.8649115276058, 239.98725717951547, 250.46482070331476, 241.8579876801651, 233.581967038978, 241.5107854242251, 245.49242992203688, 206.6295607919898, 232.67619800417685, 227.26141455004924, 222.74955222367316, 247.3057743579988, 181.94565575891184, 249.79190938553785, 240.88891896823432, 243.80424526115888, 233.46809902980004, 217.10094319449746, 223.53689675576987, 243.92013040957045, 232.7852441457194, 188.91883020051756, 248.6213664895669, 238.45431454137903, 245.22554318827585, 224.69086458529355, 249.60741277993657, 223.25713379931648, 171.73446019933564, 243.56573373966862, 231.2222232845426, 214.2937399508339, 218.3627102998179, 218.2957471594681, 238.1397921377235, 237.97262038491667, 246.31741754060616, 214.3341549058724, 174.59983934635298, 228.61241186293776, 253.50888531554492, 219.1606078927219, 257.7792464162503, 225.05661082311534, 219.61531586577186, 196.10333955314016, 223.74474629108798, 194.2015440027044, 206.55668474507522], "overtime": [true, false, false, false, true, false, true, true, true, true, true, false, false, false, true, false, true, false, true, true, false, true, true, false, true, true, true, true, false, true, false, false, false, false, true, true, false, true, true, false, true, false, true, false, true, true, false, true, true, true, true, true, false, false, true, true, true, false, true, false, true, true, true, true, true, true], "really_average_reduce_rate": 0.8643073226176603, "greedy_cost": 250.86960051674407, "algo": "ppo"}