{"reward": [-217.59052817229187, -259.18063989407386, -227.94428709609446, -255.86570272136484, -240.74976884210488, -233.2937630843651, -255.41581953463154, -244.76256894124677, -228.87225194906821, -226.70449263601571, -250.3781617716235, -261.44190771440987, -250.4273316769768, -238.6956592255738, -253.20586060353565, -230.3151555379946, -168.84856220791127, -230.08295560886154, -250.39742839382038, -234.9241110514943, -217.09357335905554, -224.28633355910893, -232.86884648787793, -206.35027373540225, -237.53616148068576, -230.94411600293597, -263.37381666141573, -255.28104759525513, -251.4492833628879, -223.06006742646923, -222.90315743482682, -232.79754240907735, -241.80137653599496, -268.2523791221157, -255.23597276173538, -235.3741097833589, -242.80823743014602, -255.52392075316058, -247.9435016092938, -251.21494784064598, -231.24162386784334, -202.55813640294605, -238.53894583234572, -234.40591197535403, -217.86592224811216, -244.4879324466177, -230.2652108124737, -210.1541770096869, -231.33368247222157, -229.28416426860738, -255.99868762886157, -215.44040793117142, -213.94703542680483, -251.30012151090435, -211.59622218306177, -213.95353778305468, -261.0433886160237, -211.07491221019998, -213.1599285368249, -235.1806000909024, -252.51165958386855, -248.92373116809887, -204.59071610735728, -235.4434646825679, -242.91502547499726, -232.1645134698321, -245.54954510733492, -210.70057941149932, -230.29033407966605, -231.45449621697892, -245.80749364630327, -242.78155264257458, -228.41107895468363, -205.35717438679194, -196.38240039029168, -206.57008144551887, -248.20698864396675, -225.37366868537853, -223.8112544566114, -236.9226503389888, -243.7026154656243, -253.33903860856785, -213.34939170812262, -232.86278790019458, -223.25918454520405, -215.33713024153374, -162.7793405728135, -217.78218860031106, -221.04829922808338, -202.89360306769618, -239.25058212911713, -219.37537330357364, -232.24245155146357, -175.35618013693025, -202.65612453200856, -221.14897574025213, -175.47876772870308, -251.18597810449086, -198.3368108915258, -201.59034949208612, -201.8595181217976, -201.72534422100523, -192.23691659224218, -212.94014748362827], "cost": [217.59052817229187, 259.18063989407386, 227.94428709609446, 255.86570272136484, 240.74976884210488, 233.2937630843651, 255.41581953463154, 244.76256894124677, 228.87225194906821, 226.70449263601571, 250.3781617716235, 261.44190771440987, 250.4273316769768, 238.6956592255738, 253.20586060353565, 230.3151555379946, 168.84856220791127, 230.08295560886154, 250.39742839382038, 234.9241110514943, 217.09357335905554, 224.28633355910893, 232.86884648787793, 206.35027373540225, 237.53616148068576, 230.94411600293597, 263.37381666141573, 255.28104759525513, 251.4492833628879, 223.06006742646923, 222.90315743482682, 232.79754240907735, 241.80137653599496, 268.2523791221157, 255.23597276173538, 235.3741097833589, 242.80823743014602, 255.52392075316058, 247.9435016092938, 251.21494784064598, 231.24162386784334, 202.55813640294605, 238.53894583234572, 234.40591197535403, 217.86592224811216, 244.4879324466177, 230.2652108124737, 210.1541770096869, 231.33368247222157, 229.28416426860738, 255.99868762886157, 215.44040793117142, 213.94703542680483, 251.30012151090435, 211.59622218306177, 213.95353778305468, 261.0433886160237, 211.07491221019998, 213.1599285368249, 235.1806000909024, 252.51165958386855, 248.92373116809887, 204.59071610735728, 235.4434646825679, 242.91502547499726, 232.1645134698321, 245.54954510733492, 210.70057941149932, 230.29033407966605, 231.45449621697892, 245.80749364630327, 242.78155264257458, 228.41107895468363, 205.35717438679194, 196.38240039029168, 206.57008144551887, 248.20698864396675, 225.37366868537853, 223.8112544566114, 236.9226503389888, 243.7026154656243, 253.33903860856785, 213.34939170812262, 232.86278790019458, 223.25918454520405, 215.33713024153374, 162.7793405728135, 217.78218860031106, 221.04829922808338, 202.89360306769618, 239.25058212911713, 219.37537330357364, 232.24245155146357, 175.35618013693025, 202.65612453200856, 221.14897574025213, 175.47876772870308, 251.18597810449086, 198.3368108915258, 201.59034949208612, 201.8595181217976, 201.72534422100523, 192.23691659224218, 212.94014748362827], "overtime": [false, false, true, false, false, true, false, false, true, false, false, false, false, false, false, false, true, false, false, false, true, false, false, true, false, false, false, false, false, true, true, false, false, false, false, false, false, false, false, false, true, true, false, false, false, false, false, true, false, false, false, false, true, false, true, true, false, true, true, true, false, false, true, false, false, false, false, true, false, false, false, false, false, true, true, true, false, true, false, false, false, false, true, false, false, false, true, true, false, true, false, false, false, true, true, true, true, false, true, true, true, true, true, true], "really_average_reduce_rate": 0.7320414707232795, "greedy_cost": 250.86960051674407, "algo": "ppo"}