{"reward": [-260.2762593468652, -234.03957215387373, -217.23185757229106, -221.8732927056961, -228.9000173226837, -236.2188042492607, -226.6048030327541, -231.54947983587167, -258.91788173316985, -221.74070733669222, -213.90052157804365, -239.4345049339254, -225.14145351968713, -190.30285105939032, -194.39275420540955, -221.684976787027, -256.15636120666755, -230.84267504517933, -234.846891205432, -231.2753982362803, -224.0242098737881, -229.20070390986285, -229.8589108625335, -231.9294112440292, -243.7483116110415, -226.49877647819932, -189.85274339057514, -209.53409735094758, -223.5205369013176, -211.26755324999812, -227.94717463093815, -219.96767346442678, -202.52697033912872, -224.66730424397633, -211.93156745400285, -210.85446565275086, -199.700350496918, -230.30341717161244, -212.71353460071614, -231.44657738338236, -233.8659738496412, -229.8125608867593, -206.56550646171914, -220.77304142686546, -219.9933213844337, -222.04387128137992, -188.08720597420827, -205.71769657478674, -245.44545855009935, -234.3908405174967, -236.9498476036452, -208.9674667294137, -211.5640947442968, -226.25753513751548, -230.94755718478004, -218.90395365433773, -222.2138854385633, -217.07638409327717, -171.50677517672068, -206.33754834830762, -205.42211503183478, -206.1484272195306, -168.79378810288387, -222.05981329021046, -206.21172192053876, -204.88243310301573, -175.7005206976273, -206.8584275343363], "cost": [260.2762593468652, 234.03957215387373, 217.23185757229106, 221.8732927056961, 228.9000173226837, 236.2188042492607, 226.6048030327541, 231.54947983587167, 258.91788173316985, 221.74070733669222, 213.90052157804365, 239.4345049339254, 225.14145351968713, 190.30285105939032, 194.39275420540955, 221.684976787027, 256.15636120666755, 230.84267504517933, 234.846891205432, 231.2753982362803, 224.0242098737881, 229.20070390986285, 229.8589108625335, 231.9294112440292, 243.7483116110415, 226.49877647819932, 189.85274339057514, 209.53409735094758, 223.5205369013176, 211.26755324999812, 227.94717463093815, 219.96767346442678, 202.52697033912872, 224.66730424397633, 211.93156745400285, 210.85446565275086, 199.700350496918, 230.30341717161244, 212.71353460071614, 231.44657738338236, 233.8659738496412, 229.8125608867593, 206.56550646171914, 220.77304142686546, 219.9933213844337, 222.04387128137992, 188.08720597420827, 205.71769657478674, 245.44545855009935, 234.3908405174967, 236.9498476036452, 208.9674667294137, 211.5640947442968, 226.25753513751548, 230.94755718478004, 218.90395365433773, 222.2138854385633, 217.07638409327717, 171.50677517672068, 206.33754834830762, 205.42211503183478, 206.1484272195306, 168.79378810288387, 222.05981329021046, 206.21172192053876, 204.88243310301573, 175.7005206976273, 206.8584275343363], "overtime": [false, false, true, true, false, false, false, false, false, true, false, false, true, true, true, true, false, false, false, false, true, true, true, false, false, false, true, true, true, true, true, false, true, true, true, true, true, false, true, false, false, true, true, false, false, false, true, true, false, false, false, true, false, false, false, false, true, true, true, true, true, false, true, true, true, true, true, true], "really_average_reduce_rate": 0.7320414707232795, "greedy_cost": 250.86960051674407, "algo": "ppo"}