{"reward": [-309.85234365251847, -313.8016316526849, -297.9780799707118, -305.925029209992, -327.83242519180294, -204.2537861393579, -277.71238611143076, -205.46984160563915, -289.75125914779505, -285.63151401708836, -221.44892052596444, -319.3423461421765, -288.01829218586914, -309.203771146983, -320.02877127466724, -275.38390399735425, -297.32402319907203, -313.5421812462806, -305.6343739210348, -272.4077172478288, -275.05189942761314, -273.94595826822336, -266.1300706577021, -273.43608434645455, -273.3664949478582, -221.09748345734553, -212.11905697341086, -164.35394135445358, -300.79777097835205, -279.5264347354975, -298.48080415830947, -285.3088092138059, -227.7778150052578, -258.289045684496, -269.08416122104967, -203.52801442079254, -202.3679491723702, -196.5592419321928, -210.7365476998221, -248.31878976378596, -198.83286983692096], "cost": [309.85234365251847, 313.8016316526849, 297.9780799707118, 305.925029209992, 327.83242519180294, 204.2537861393579, 277.71238611143076, 205.46984160563915, 289.75125914779505, 285.63151401708836, 221.44892052596444, 319.3423461421765, 288.01829218586914, 309.203771146983, 320.02877127466724, 275.38390399735425, 297.32402319907203, 313.5421812462806, 305.6343739210348, 272.4077172478288, 275.05189942761314, 273.94595826822336, 266.1300706577021, 273.43608434645455, 273.3664949478582, 221.09748345734553, 212.11905697341086, 164.35394135445358, 300.79777097835205, 279.5264347354975, 298.48080415830947, 285.3088092138059, 227.7778150052578, 258.289045684496, 269.08416122104967, 203.52801442079254, 202.3679491723702, 196.5592419321928, 210.7365476998221, 248.31878976378596, 198.83286983692096], "overtime": [false, false, false, false, false, true, false, true, false, false, true, false, false, false, false, false, false, false, false, false, false, true, false, false, false, true, true, true, false, false, false, false, true, false, false, true, true, true, true, true, true], "really_average_reduce_rate": 0.6094900111589197, "greedy_cost": 320.37504429381346, "algo": "ppo"}