{"reward": [-545.0604559456185, -565.9840396684878, -556.5601320666731, -524.1805194126349, -519.7188744013012, -534.8627840373947, -525.1971196268872, -543.9071783940028, -515.5011311900615, -511.5858653068171, -535.9822048098038, -566.1507004365235, -538.3558134933747, -531.7526739131196, -520.6506615877711, -514.8785900481232, -551.8414526931945, -545.7067283075957, -539.913375913976, -547.263822351536, -502.2803849443888, -485.5613337779137, -476.4623953632916, -479.19771329317234, -500.90212042496535, -555.3257731400897, -506.46310160169367, -522.7137533016876, -504.07328007415873, -495.2792796034366, -556.5298497699389, -436.75710015579125, -499.2297621099092, -418.7803436826264, -516.278327532625, -494.19920110852445, -480.2351112032216, -493.8097410560958, -475.19482959230436, -513.5265462295805, -501.59354751199487, -488.100792807592, -494.7547217591199, -494.2699794051143, -487.80044814610864, -498.6217264936118, -497.89952481873325, -504.692939667236, -473.44871728817935, -473.68686380443177, -493.60489197968496, -502.7814878929686, -429.24413441129025, -485.4799009015505, -475.2738439841757, -491.19698962327107, -449.31780591140483, -209.11934766162182, -427.595687362235, -447.5262736852281, -460.88363029927007, -466.31058537982403, -431.8892107451987, -504.5755102111584, -459.2269823172317, -428.7929642917494, -457.0470431944635, -449.3241117974091, -164.8956742764451, -438.8399363316316, -491.9589120424633, -395.76540784790205, -477.6583098711631, -174.66530344413593, -420.73994885344047, -450.57304259240624, -413.40183389023883, -438.79978942119504, -389.9743520291148, -431.27376951816495, -431.35018959381614, -370.32205589102585, -419.70160407223733, -178.77233664637436, -411.17614021946696, -437.1865795350076, -375.96727998101153, -308.59949076101185, -441.48606260844497, -397.8197701863106, -154.53755216095598, -426.5551907020248, -182.4658615859598, -387.08828963586143, -323.27081207474686, -357.575008113794, -104.50825193593276, -157.98197261569098, -320.24832883057167, -383.0417464644835, -332.519055627212, -353.67592899183734, -347.6292534709071, -299.53078207566404, -106.70678110161799, -356.2869591386989, -345.2334486891981, -105.8382171336096, -83.43472673865033, -239.64864857629885, -136.19340747144074, -297.78708610209634, -183.6851495623682], "cost": [545.0604559456185, 565.9840396684878, 556.5601320666731, 524.1805194126349, 519.7188744013012, 534.8627840373947, 525.1971196268872, 543.9071783940028, 515.5011311900615, 511.5858653068171, 535.9822048098038, 566.1507004365235, 538.3558134933747, 531.7526739131196, 520.6506615877711, 514.8785900481232, 551.8414526931945, 545.7067283075957, 539.913375913976, 547.263822351536, 502.2803849443888, 485.5613337779137, 476.4623953632916, 479.19771329317234, 500.90212042496535, 555.3257731400897, 506.46310160169367, 522.7137533016876, 504.07328007415873, 495.2792796034366, 556.5298497699389, 436.75710015579125, 499.2297621099092, 418.7803436826264, 516.278327532625, 494.19920110852445, 480.2351112032216, 493.8097410560958, 475.19482959230436, 513.5265462295805, 501.59354751199487, 488.100792807592, 494.7547217591199, 494.2699794051143, 487.80044814610864, 498.6217264936118, 497.89952481873325, 504.692939667236, 473.44871728817935, 473.68686380443177, 493.60489197968496, 502.7814878929686, 429.24413441129025, 485.4799009015505, 475.2738439841757, 491.19698962327107, 449.31780591140483, 209.11934766162182, 427.595687362235, 447.5262736852281, 460.88363029927007, 466.31058537982403, 431.8892107451987, 504.5755102111584, 459.2269823172317, 428.7929642917494, 457.0470431944635, 449.3241117974091, 164.8956742764451, 438.8399363316316, 491.9589120424633, 395.76540784790205, 477.6583098711631, 174.66530344413593, 420.73994885344047, 450.57304259240624, 413.40183389023883, 438.79978942119504, 389.9743520291148, 431.27376951816495, 431.35018959381614, 370.32205589102585, 419.70160407223733, 178.77233664637436, 411.17614021946696, 437.1865795350076, 375.96727998101153, 308.59949076101185, 441.48606260844497, 397.8197701863106, 154.53755216095598, 426.5551907020248, 182.4658615859598, 387.08828963586143, 323.27081207474686, 357.575008113794, 104.50825193593276, 157.98197261569098, 320.24832883057167, 383.0417464644835, 332.519055627212, 353.67592899183734, 347.6292534709071, 299.53078207566404, 106.70678110161799, 356.2869591386989, 345.2334486891981, 105.8382171336096, 83.43472673865033, 239.64864857629885, 136.19340747144074, 297.78708610209634, 183.6851495623682], "overtime": [false, false, false, false, false, false, false, false, false, false, false, false, false, false, false, false, false, false, false, false, false, false, false, false, false, false, false, false, false, false, false, false, false, false, false, false, false, false, false, false, false, false, false, false, false, false, false, false, false, false, false, false, false, false, false, false, false, true, false, false, false, false, false, false, false, false, false, false, true, false, false, true, false, true, false, false, false, false, false, false, false, false, false, true, false, false, false, false, false, false, true, false, true, false, false, false, true, true, false, false, false, false, false, true, true, false, false, true, true, true, true, true, true], "really_average_reduce_rate": 0.23037327813372185, "greedy_cost": 585.661951007061, "algo": "ppo"}