{"reward": [-3243.091205720906, -3308.8264200127715, -3273.753751122854, -3280.78845795185, -3229.034385701507, -3277.2548635942717, -3163.1077443219315, -3168.660548066754, -3087.4070889509803, -3102.008028017047, -3085.790430132351, -3071.0485041065126, -3094.788035714809, -3068.1042121222604, -3084.9989184560327, -2996.6538183550338, -3162.8195486881727, -3082.5952875869793, -2968.065518157986, -3007.341027697621, -3035.493765776818, -2944.951207922192, -2952.0285280283542, -2929.874982125611, -2911.4857873760743, -2774.286014193511, -2864.906511595556, -2689.52473369865, -2720.386350070193, -2700.086446344065, -2789.49814080802, -2710.5355404461775, -2860.0971861381845, -2752.3559822753273, -2635.5308974639643, -2665.778385695723, -2641.5584706574423, -2683.3577294529546, -2481.774845966748, -2668.4178630533015, -2554.0173865468764, -2603.656041630296, -2587.297413515619, -2443.3808017824563, -2476.0556365398816, -2380.133641504232, -2506.485836341004, -2410.106561178766, -2399.647743042926, -2492.0472623822347, -2306.534815369571, -2359.291195661366, -2254.5743959437577, -2235.813364418837, -2252.7038727798126, -2134.5189832287565, -2219.30694116828, -2230.0139240948733, -2310.255807247344, -2119.937513070534, -2098.752374568869, -1895.2387677907209, -2140.702667116727, -2026.952194235678, -2018.35632740902, -1987.1405010387596, -2066.6393832753965, -1866.368877002895, -137.96180500381624, -932.0408037455848, -1626.0175415640326, -202.25029406744994, -1616.0445247915302, -1677.6906910834473, -1630.230413057275, -398.3362544600571, -909.2116162553715, -167.2917342265137, -295.93841253603813, -228.82100637918344, -1040.277179045714], "cost": [3243.091205720906, 3308.8264200127715, 3273.753751122854, 3280.78845795185, 3229.034385701507, 3277.2548635942717, 3163.1077443219315, 3168.660548066754, 3087.4070889509803, 3102.008028017047, 3085.790430132351, 3071.0485041065126, 3094.788035714809, 3068.1042121222604, 3084.9989184560327, 2996.6538183550338, 3162.8195486881727, 3082.5952875869793, 2968.065518157986, 3007.341027697621, 3035.493765776818, 2944.951207922192, 2952.0285280283542, 2929.874982125611, 2911.4857873760743, 2774.286014193511, 2864.906511595556, 2689.52473369865, 2720.386350070193, 2700.086446344065, 2789.49814080802, 2710.5355404461775, 2860.0971861381845, 2752.3559822753273, 2635.5308974639643, 2665.778385695723, 2641.5584706574423, 2683.3577294529546, 2481.774845966748, 2668.4178630533015, 2554.0173865468764, 2603.656041630296, 2587.297413515619, 2443.3808017824563, 2476.0556365398816, 2380.133641504232, 2506.485836341004, 2410.106561178766, 2399.647743042926, 2492.0472623822347, 2306.534815369571, 2359.291195661366, 2254.5743959437577, 2235.813364418837, 2252.7038727798126, 2134.5189832287565, 2219.30694116828, 2230.0139240948733, 2310.255807247344, 2119.937513070534, 2098.752374568869, 1895.2387677907209, 2140.702667116727, 2026.952194235678, 2018.35632740902, 1987.1405010387596, 2066.6393832753965, 1866.368877002895, 137.96180500381624, 932.0408037455848, 1626.0175415640326, 202.25029406744994, 1616.0445247915302, 1677.6906910834473, 1630.230413057275, 398.3362544600571, 909.2116162553715, 167.2917342265137, 295.93841253603813, 228.82100637918344, 1040.277179045714], "overtime": [false, false, false, false, false, false, false, false, false, false, false, false, false, false, false, false, false, false, false, false, false, false, false, false, false, false, false, false, false, false, false, false, false, false, false, false, false, false, false, false, false, false, false, false, false, false, false, false, false, false, false, false, false, false, false, false, false, false, false, false, true, false, false, false, false, false, false, false, true, true, false, true, false, false, false, true, true, true, true, true, true]}