{"reward": [-3356.782053690774, -3406.5924898144067, -3329.533190674637, -3281.375821056845, -3292.2535375798425, -3296.091083866671, -3185.8998591878703, -3211.8797777656705, -3205.6445129651265, -3272.213160800555, -3294.426848753202, -3356.0505474028428, -3246.5823102101053, -3350.0611485032578, -3198.5413799486173, -3241.4316376265756, -3228.3585468026004, -3226.298311675197, -3201.9414110732596, -3200.5137002611964, -3226.2862457787273, -3166.2307535332975, -3127.413082184882, -3237.5624653280033, -3154.9678189668402, -3149.565514174464, -3151.2953674615246, -3185.239738585302, -3188.2672629817616, -3281.024903148494, -3164.5361027180575, -3184.8359064190045, -3096.47033220003, -2966.925588368186, -3216.7214826337113, -3100.5630658788295, -3121.946322909618, -3072.5661865434117, -2948.8927084288657, -3029.6094036617606, -2978.3058940032975, -3056.2907099810686, -2966.249982769823, -2983.420084952069, -3003.2616884115314, -2984.214707565316, -2973.0497118583494, -2820.792413802556, -2942.7174044266876, -2910.8859012143685, -2829.6209013225775, -2999.581225456698, -2930.426174531866, -2843.4884481769327, -2901.194018081726, -2826.7585566639336, -2757.816418116972, -2771.3919732185714, -2686.6385104687524, -2651.238635405508, -2636.717849998811, -2700.162110996723, -2614.1664782393004, -2524.1454921612294, -2546.1512121623346, -2532.1908710135726, -2540.483154580297, -2593.3773982146954, -2618.84630908389, -2451.052824901247, -2495.209688014588, -2389.51504521188, -2283.1479781473877, -2187.7531644819305, -2287.262678394025, -2310.8061887142962, -2155.060338606825, -2308.2911322632876, -2224.1626326029077, -2174.5382409157414, -2121.347314863613, -1932.260850290547, -1928.3661190231073, -1813.2544634716685, -1930.1830775465162, -1784.1708303933408, -429.6091276786013, -270.9463051265012, -1795.9926588732017, -685.8819622111782, -356.45914205695505, -1656.2200638371348, -1550.781963553207, -761.9431459438703, -985.8512509429266, -1016.918804727914, -1441.8456199433379, -261.5737391606067, -394.52300097302515, -189.05360067729842, -437.93386239384307, -87.34364491637797, -511.23417510643594], "cost": [3356.782053690774, 3406.5924898144067, 3329.533190674637, 3281.375821056845, 3292.2535375798425, 3296.091083866671, 3185.8998591878703, 3211.8797777656705, 3205.6445129651265, 3272.213160800555, 3294.426848753202, 3356.0505474028428, 3246.5823102101053, 3350.0611485032578, 3198.5413799486173, 3241.4316376265756, 3228.3585468026004, 3226.298311675197, 3201.9414110732596, 3200.5137002611964, 3226.2862457787273, 3166.2307535332975, 3127.413082184882, 3237.5624653280033, 3154.9678189668402, 3149.565514174464, 3151.2953674615246, 3185.239738585302, 3188.2672629817616, 3281.024903148494, 3164.5361027180575, 3184.8359064190045, 3096.47033220003, 2966.925588368186, 3216.7214826337113, 3100.5630658788295, 3121.946322909618, 3072.5661865434117, 2948.8927084288657, 3029.6094036617606, 2978.3058940032975, 3056.2907099810686, 2966.249982769823, 2983.420084952069, 3003.2616884115314, 2984.214707565316, 2973.0497118583494, 2820.792413802556, 2942.7174044266876, 2910.8859012143685, 2829.6209013225775, 2999.581225456698, 2930.426174531866, 2843.4884481769327, 2901.194018081726, 2826.7585566639336, 2757.816418116972, 2771.3919732185714, 2686.6385104687524, 2651.238635405508, 2636.717849998811, 2700.162110996723, 2614.1664782393004, 2524.1454921612294, 2546.1512121623346, 2532.1908710135726, 2540.483154580297, 2593.3773982146954, 2618.84630908389, 2451.052824901247, 2495.209688014588, 2389.51504521188, 2283.1479781473877, 2187.7531644819305, 2287.262678394025, 2310.8061887142962, 2155.060338606825, 2308.2911322632876, 2224.1626326029077, 2174.5382409157414, 2121.347314863613, 1932.260850290547, 1928.3661190231073, 1813.2544634716685, 1930.1830775465162, 1784.1708303933408, 429.6091276786013, 270.9463051265012, 1795.9926588732017, 685.8819622111782, 356.45914205695505, 1656.2200638371348, 1550.781963553207, 761.9431459438703, 985.8512509429266, 1016.918804727914, 1441.8456199433379, 261.5737391606067, 394.52300097302515, 189.05360067729842, 437.93386239384307, 87.34364491637797, 511.23417510643594], "overtime": [false, false, false, false, false, false, false, false, false, false, false, false, false, false, false, false, false, false, false, false, false, false, false, false, false, false, false, false, false, false, false, false, false, false, false, false, false, false, false, false, false, false, false, false, false, false, false, false, false, false, false, false, false, false, false, false, false, false, false, false, false, false, false, false, false, false, false, false, false, false, false, false, false, false, false, false, false, false, false, false, false, false, false, false, false, false, true, true, false, true, true, false, false, true, true, true, false, true, true, true, true, true, true]}