{"reward": [-1259.0810685830004, -1271.271805280541, -1342.4778110280643, -1267.3538618077896, -1312.8962197335907, -1237.0719530510717, -1263.0947533919204, -1231.3554903582963, -1258.080926795332, -1207.6708816212138, -1287.2717182104293, -1266.6849470979723, -1259.7220303106958, -1290.3038836245987, -1260.3426937593242, -1193.7494769608695, -1198.4340083331151, -1213.2082208390066, -1289.7880512884271, -1101.3879443152437, -1282.3994569821848, -1333.8453917598913, -1216.6804849371408, -1181.0840880066341, -1281.5478710697312, -1259.7144116684244, -1251.8266605130493, -1147.2520324542375, -1124.0559016830296, -1168.14482967848, -1169.425023854775, -1179.5818491309792, -1154.0116017174907, -1237.335446802527, -1279.811916920217, -1148.0606015511974, -1167.5976332155335, -1098.4935178318347, -1114.1444518824485, -1090.8980350521213, -1130.2558417954303, -1122.7905492602847, -1103.7884539634554, -1044.7125376297718, -1162.6883522873557, -1134.637359352634, -1121.1339457638192, -1072.3953292573801, -1159.33621437423, -1124.9772934980876, -1184.0155216320975, -1008.3911420603565, -1062.0848074415796, -1058.1660776486617, -1134.627668314427, -1053.7416122189263, -1065.6791010020393, -1045.874279754804, -1074.2237699563152, -1034.597707948191, -980.9716294767984, -1054.0465718773107, -1105.1762292958144, -1095.2023777669306, -1013.8653305524122, -981.5583772167655, -980.9478865206703, -907.6388898836916, -1002.9103182807003, -1062.3714021957574, -977.3942608265298, -991.6741693609019, -932.0477946899275, -162.28766052986498, -927.9609952206439, -945.2633445574248, -965.6966335857747, -821.7865226775405, -923.5797933274597, -930.2794923162461, -869.3576937268394, -856.6912356070993, -890.1951093323903, -841.577547207391, -921.630380858136, -875.8353799658638, -415.62072372774605, -858.4037118187641, -269.4135035105422, -755.8653438758195, -777.3512189082894, -758.4558803335203, -717.5744262317753, -825.2645192683118, -580.4065103914031, -705.843005476585, -716.8024650118218, -671.1241428949967, -425.0901093126553, -661.5177367627058, -336.58798458706593, -160.83708767378707, -124.40799125236461, -681.8803953717554, -126.40936393518004, -128.02828864236363], "cost": [1259.0810685830004, 1271.271805280541, 1342.4778110280643, 1267.3538618077896, 1312.8962197335907, 1237.0719530510717, 1263.0947533919204, 1231.3554903582963, 1258.080926795332, 1207.6708816212138, 1287.2717182104293, 1266.6849470979723, 1259.7220303106958, 1290.3038836245987, 1260.3426937593242, 1193.7494769608695, 1198.4340083331151, 1213.2082208390066, 1289.7880512884271, 1101.3879443152437, 1282.3994569821848, 1333.8453917598913, 1216.6804849371408, 1181.0840880066341, 1281.5478710697312, 1259.7144116684244, 1251.8266605130493, 1147.2520324542375, 1124.0559016830296, 1168.14482967848, 1169.425023854775, 1179.5818491309792, 1154.0116017174907, 1237.335446802527, 1279.811916920217, 1148.0606015511974, 1167.5976332155335, 1098.4935178318347, 1114.1444518824485, 1090.8980350521213, 1130.2558417954303, 1122.7905492602847, 1103.7884539634554, 1044.7125376297718, 1162.6883522873557, 1134.637359352634, 1121.1339457638192, 1072.3953292573801, 1159.33621437423, 1124.9772934980876, 1184.0155216320975, 1008.3911420603565, 1062.0848074415796, 1058.1660776486617, 1134.627668314427, 1053.7416122189263, 1065.6791010020393, 1045.874279754804, 1074.2237699563152, 1034.597707948191, 980.9716294767984, 1054.0465718773107, 1105.1762292958144, 1095.2023777669306, 1013.8653305524122, 981.5583772167655, 980.9478865206703, 907.6388898836916, 1002.9103182807003, 1062.3714021957574, 977.3942608265298, 991.6741693609019, 932.0477946899275, 162.28766052986498, 927.9609952206439, 945.2633445574248, 965.6966335857747, 821.7865226775405, 923.5797933274597, 930.2794923162461, 869.3576937268394, 856.6912356070993, 890.1951093323903, 841.577547207391, 921.630380858136, 875.8353799658638, 415.62072372774605, 858.4037118187641, 269.4135035105422, 755.8653438758195, 777.3512189082894, 758.4558803335203, 717.5744262317753, 825.2645192683118, 580.4065103914031, 705.843005476585, 716.8024650118218, 671.1241428949967, 425.0901093126553, 661.5177367627058, 336.58798458706593, 160.83708767378707, 124.40799125236461, 681.8803953717554, 126.40936393518004, 128.02828864236363], "overtime": [false, false, false, false, false, false, false, false, false, false, false, false, false, false, false, false, false, false, false, false, false, false, false, false, false, false, false, false, false, false, false, false, false, false, false, false, false, false, false, false, false, false, false, false, false, false, false, false, false, false, false, false, false, false, false, false, false, false, false, false, false, false, false, false, false, false, false, true, false, false, false, false, false, true, false, false, false, false, false, false, false, false, false, false, false, false, true, false, true, false, false, false, false, false, true, false, false, false, true, false, true, true, true, true, true, true], "really_average_reduce_rate": 0.11252807674145587, "greedy_cost": 1492.908089535172, "greedy_overtime": false, "algo": "ppo"}