{"reward": [-1255.640774383769, -1192.576402960848, -1240.2043645145372, -1290.0368757459162, -1242.8165554573386, -1252.8116837016123, -1337.6688708393842, -1313.7695628349582, -1256.3975728653747, -1293.3527846750062, -1174.6437355395128, -1189.3141820133944, -1233.2703608867346, -1170.876698764795, -1189.9621536169295, -1241.3540828165228, -1241.2820529088567, -1178.1443216061868, -1236.5776976790933, -1241.9976651956044, -1172.8577264363792, -1207.170769852195, -1155.4233208506462, -1242.7227232869536, -1194.1247316029949, -1205.4932004167333, -1167.1153929422057, -1156.3395718673435, -1212.0090994825127, -1088.6004659248333, -1195.6819211505167, -1160.2685920354825, -1160.0858219483962, -1179.584142503021, -1193.7556909224675, -1121.5242247736367, -1157.6515616111828, -1176.8221879959572, -1155.1763098675574, -1219.6535478136036, -1187.0160475256946, -1170.413362020794, -1173.2670641265063, -1123.156315887691, -1141.8410243646438, -1088.8826252977278, -1058.852738475968, -1004.6813882251269, -1159.4725527891055, -1043.4233213964203, -1050.2229332609475, -1218.6438022747268, -1079.7804872585186, -1142.6558019703723, -1115.317208291926, -1106.2942989721341, -1098.9767303953977, -1075.63523040345, -1098.6672124507472, -1125.0320294364267, -1047.2103672747874, -1138.1157854054588, -1066.9752057499168, -1110.9247076363124, -1086.2530062559908, -1028.3237911257802, -1055.5479043423668, -1050.384686271847, -965.6174883304443, -1129.7283048436607, -1007.4668523530108, -1011.8418453998303, -1041.9974167088328, -882.4705260008673, -940.1683590149134, -994.0170490645709, -923.8587869530731, -1018.3862913906851, -929.7944955861846, -931.8558520482851, -954.7207049303221, -916.5081035439107, -933.5806623731551, -950.17727340348, -927.6246155702229, -919.9089436078073, -934.7329173074196, -970.5705792827621, -894.7653115000484, -873.6106264731563, -768.6297786986922, -880.9499495957605, -855.3918013231643, -719.7817020167037, -798.860726826461, -541.3734226442966, -817.5710570949315, -749.8140062371825, -684.5992623218615, -833.8245656219684, -181.96210893171838, -251.28281100203287, -631.4460479943086, -717.2681316168795, -420.4167324883119, -705.5170375345648, -682.890837763296, -178.6779379687831, -84.49846367370337, -535.0497072508184, -172.00814023640004, -322.552850258611, -115.60010928956792], "cost": [1255.640774383769, 1192.576402960848, 1240.2043645145372, 1290.0368757459162, 1242.8165554573386, 1252.8116837016123, 1337.6688708393842, 1313.7695628349582, 1256.3975728653747, 1293.3527846750062, 1174.6437355395128, 1189.3141820133944, 1233.2703608867346, 1170.876698764795, 1189.9621536169295, 1241.3540828165228, 1241.2820529088567, 1178.1443216061868, 1236.5776976790933, 1241.9976651956044, 1172.8577264363792, 1207.170769852195, 1155.4233208506462, 1242.7227232869536, 1194.1247316029949, 1205.4932004167333, 1167.1153929422057, 1156.3395718673435, 1212.0090994825127, 1088.6004659248333, 1195.6819211505167, 1160.2685920354825, 1160.0858219483962, 1179.584142503021, 1193.7556909224675, 1121.5242247736367, 1157.6515616111828, 1176.8221879959572, 1155.1763098675574, 1219.6535478136036, 1187.0160475256946, 1170.413362020794, 1173.2670641265063, 1123.156315887691, 1141.8410243646438, 1088.8826252977278, 1058.852738475968, 1004.6813882251269, 1159.4725527891055, 1043.4233213964203, 1050.2229332609475, 1218.6438022747268, 1079.7804872585186, 1142.6558019703723, 1115.317208291926, 1106.2942989721341, 1098.9767303953977, 1075.63523040345, 1098.6672124507472, 1125.0320294364267, 1047.2103672747874, 1138.1157854054588, 1066.9752057499168, 1110.9247076363124, 1086.2530062559908, 1028.3237911257802, 1055.5479043423668, 1050.384686271847, 965.6174883304443, 1129.7283048436607, 1007.4668523530108, 1011.8418453998303, 1041.9974167088328, 882.4705260008673, 940.1683590149134, 994.0170490645709, 923.8587869530731, 1018.3862913906851, 929.7944955861846, 931.8558520482851, 954.7207049303221, 916.5081035439107, 933.5806623731551, 950.17727340348, 927.6246155702229, 919.9089436078073, 934.7329173074196, 970.5705792827621, 894.7653115000484, 873.6106264731563, 768.6297786986922, 880.9499495957605, 855.3918013231643, 719.7817020167037, 798.860726826461, 541.3734226442966, 817.5710570949315, 749.8140062371825, 684.5992623218615, 833.8245656219684, 181.96210893171838, 251.28281100203287, 631.4460479943086, 717.2681316168795, 420.4167324883119, 705.5170375345648, 682.890837763296, 178.6779379687831, 84.49846367370337, 535.0497072508184, 172.00814023640004, 322.552850258611, 115.60010928956792], "overtime": [false, false, false, false, false, false, false, false, false, false, false, false, false, false, false, false, false, false, false, false, false, false, false, false, false, false, false, false, false, false, false, false, false, false, false, false, false, false, false, false, false, false, false, false, false, false, false, false, false, false, false, false, false, false, false, false, false, false, false, false, false, false, false, false, false, false, false, false, false, false, false, false, false, true, false, false, false, false, false, false, false, false, false, false, false, false, false, false, true, false, true, false, false, false, false, true, false, false, true, false, true, true, false, false, true, false, false, true, true, true, true, true, true], "really_average_reduce_rate": 0.11252807674145587, "greedy_cost": 1492.908089535172, "greedy_overtime": false, "algo": "ppo"}