{"reward": [-1149.5916536250056, -1206.4775643324388, -1212.7392245448482, -1152.1413596586601, -1222.128146766396, -1228.81084509817, -1160.1393190984427, -1149.5499985943454, -1141.6551465719103, -1186.9191662936091, -1221.7088769034665, -1144.3740631653648, -1178.2098502284473, -1133.48847068525, -1181.3551740708112, -1118.393820932378, -1121.8918736884934, -1138.0741815172698, -1071.0135989610203, -1151.7651291938498, -1138.008960883347, -1271.8431169447865, -1131.6483047544123, -1095.6384477024433, -1114.3195886517503, -1172.8615511284677, -1112.7455933452397, -1134.57648539043, -1110.9650551862649, -985.9293089560977, -1041.604834037675, -1140.874280364141, -1141.252498881901, -966.7399732143804, -1127.9203402848545, -1058.8752421404986, -1093.0444393908792, -965.4012142684029, -992.991433212319, -990.9259422886744, -1020.7330622587075, -1060.537960105315, -1053.8183292885867, -981.5574022907015, -1025.619293880565, -998.0998956792711, -1020.4153403272479, -1046.248781835046, -958.1719082978278, -983.9914495349111, -1053.7194960053544, -923.5384770157834, -1020.8106032646731, -1036.6136677898187, -942.8498933295715, -996.325543214623, -959.2376896966903, -884.6114768147377, -876.3135335334481, -884.1102613647191, -850.9882226619225, -936.5975366137911, -922.0939411318209, -881.5261378044917, -873.6083462080265, -833.761794974301, -919.2396835073176, -839.7234083969147, -778.6406845018264, -851.3991800951205, -317.74776919708586, -527.0127978345007, -841.578020628951, -738.9497395669194, -843.6306618389954, -846.79228777105, -872.5956152713297, -755.4209439934695, -306.2002005693223, -761.3385864671691, -699.6064885248613, -679.276408946905, -525.4991044871507, -702.2954742376788, -87.43583527855576, -181.4522978265118, -101.02291075565853], "cost": [1149.5916536250056, 1206.4775643324388, 1212.7392245448482, 1152.1413596586601, 1222.128146766396, 1228.81084509817, 1160.1393190984427, 1149.5499985943454, 1141.6551465719103, 1186.9191662936091, 1221.7088769034665, 1144.3740631653648, 1178.2098502284473, 1133.48847068525, 1181.3551740708112, 1118.393820932378, 1121.8918736884934, 1138.0741815172698, 1071.0135989610203, 1151.7651291938498, 1138.008960883347, 1271.8431169447865, 1131.6483047544123, 1095.6384477024433, 1114.3195886517503, 1172.8615511284677, 1112.7455933452397, 1134.57648539043, 1110.9650551862649, 985.9293089560977, 1041.604834037675, 1140.874280364141, 1141.252498881901, 966.7399732143804, 1127.9203402848545, 1058.8752421404986, 1093.0444393908792, 965.4012142684029, 992.991433212319, 990.9259422886744, 1020.7330622587075, 1060.537960105315, 1053.8183292885867, 981.5574022907015, 1025.619293880565, 998.0998956792711, 1020.4153403272479, 1046.248781835046, 958.1719082978278, 983.9914495349111, 1053.7194960053544, 923.5384770157834, 1020.8106032646731, 1036.6136677898187, 942.8498933295715, 996.325543214623, 959.2376896966903, 884.6114768147377, 876.3135335334481, 884.1102613647191, 850.9882226619225, 936.5975366137911, 922.0939411318209, 881.5261378044917, 873.6083462080265, 833.761794974301, 919.2396835073176, 839.7234083969147, 778.6406845018264, 851.3991800951205, 317.74776919708586, 527.0127978345007, 841.578020628951, 738.9497395669194, 843.6306618389954, 846.79228777105, 872.5956152713297, 755.4209439934695, 306.2002005693223, 761.3385864671691, 699.6064885248613, 679.276408946905, 525.4991044871507, 702.2954742376788, 87.43583527855576, 181.4522978265118, 101.02291075565853], "overtime": [false, false, false, false, false, false, false, false, false, false, false, false, false, false, false, false, false, false, false, false, false, false, false, false, false, false, false, false, false, false, false, false, false, false, false, false, false, false, false, false, false, false, false, false, false, false, false, false, false, false, false, false, false, false, false, false, false, false, false, false, false, true, false, false, false, false, false, false, true, false, true, true, false, false, false, false, false, false, true, false, false, true, true, true, true, true, true], "really_average_reduce_rate": 0.11252807674145587, "greedy_cost": 1492.908089535172, "greedy_overtime": false, "algo": "ppo"}