{"reward": [-475.77143036305006, -464.8515727894475, -468.13544960424304, -488.0237025771757, -459.074701077873, -432.5847412040738, -413.8740862420668, -420.34035665997317, -448.7887186707839, -421.70842269628304, -414.79252615603644, -407.73221121374536, -423.3332822374908, -415.0117086884007, -422.3651503478365, -407.8624007142615, -391.8090062181653, -419.6625768641941, -444.52051069351864, -436.76658706426645, -455.8391417299586, -419.56891343399883, -424.4164374110474, -427.8396839119402, -371.0442628828343, -417.4780240193569, -408.0828381551338, -409.2990238260946, -415.2246021121836, -427.5635400355236, -409.10267277296646, -414.32742517677156, -366.07265814137656, -388.97793379244416, -424.01436958291566, -433.33385730365296, -426.0048989601434, -443.39972154033387, -382.4564737767449, -347.32927118537975, -413.68919468960735, -404.3952688581032, -389.258545079902, -410.4989514351357, -398.453201958798, -379.2805754461049, -354.64429750788986, -390.96153097333405, -403.6210050643424, -351.7649481442944, -379.32376073658486, -400.9971697413458, -390.12867487104626, -362.85820159456716, -402.7459470168037, -421.17236151798636, -350.9406813860967, -352.82940283447505, -313.8706506539603, -308.4562230613456, -392.3852576302645, -347.371579509657, -279.448189332774, -378.64855931562397, -361.30653936176566, -353.5981240104233, -376.9920233983921, -334.5616817404144, -342.48713904629477, -366.6219762750809, -265.4935824055785, -296.4993161037472, -344.664560173303, -358.15191077618874, -254.31038838526243, -346.25577404533533, -393.9734808973875, -367.92272489031797, -302.7803762732818, -322.8456280687729, -316.9841585590411, -241.29708474336206, -316.3051648062934, -320.1073370300235, -241.98146941530533, -259.92863764123064, -345.2482667643112, -288.5726326322462, -285.2967811829875, -214.8130613489356, -227.18090454971417, -352.74971066628586, -321.01594437028285, -212.88879041989335, -344.66987733742246, -300.932019227529, -301.3447293919699, -308.9396537962743, -222.16007710903887, -271.62794732044455, -255.37445330686876], "cost": [475.77143036305006, 464.8515727894475, 468.13544960424304, 488.0237025771757, 459.074701077873, 432.5847412040738, 413.8740862420668, 420.34035665997317, 448.7887186707839, 421.70842269628304, 414.79252615603644, 407.73221121374536, 423.3332822374908, 415.0117086884007, 422.3651503478365, 407.8624007142615, 391.8090062181653, 419.6625768641941, 444.52051069351864, 436.76658706426645, 455.8391417299586, 419.56891343399883, 424.4164374110474, 427.8396839119402, 371.0442628828343, 417.4780240193569, 408.0828381551338, 409.2990238260946, 415.2246021121836, 427.5635400355236, 409.10267277296646, 414.32742517677156, 366.07265814137656, 388.97793379244416, 424.01436958291566, 433.33385730365296, 426.0048989601434, 443.39972154033387, 382.4564737767449, 347.32927118537975, 413.68919468960735, 404.3952688581032, 389.258545079902, 410.4989514351357, 398.453201958798, 379.2805754461049, 354.64429750788986, 390.96153097333405, 403.6210050643424, 351.7649481442944, 379.32376073658486, 400.9971697413458, 390.12867487104626, 362.85820159456716, 402.7459470168037, 421.17236151798636, 350.9406813860967, 352.82940283447505, 313.8706506539603, 308.4562230613456, 392.3852576302645, 347.371579509657, 279.448189332774, 378.64855931562397, 361.30653936176566, 353.5981240104233, 376.9920233983921, 334.5616817404144, 342.48713904629477, 366.6219762750809, 265.4935824055785, 296.4993161037472, 344.664560173303, 358.15191077618874, 254.31038838526243, 346.25577404533533, 393.9734808973875, 367.92272489031797, 302.7803762732818, 322.8456280687729, 316.9841585590411, 241.29708474336206, 316.3051648062934, 320.1073370300235, 241.98146941530533, 259.92863764123064, 345.2482667643112, 288.5726326322462, 285.2967811829875, 214.8130613489356, 227.18090454971417, 352.74971066628586, 321.01594437028285, 212.88879041989335, 344.66987733742246, 300.932019227529, 301.3447293919699, 308.9396537962743, 222.16007710903887, 271.62794732044455, 255.37445330686876], "overtime": [false, false, false, false, false, false, false, false, false, false, false, false, false, false, false, false, false, false, false, false, false, false, false, false, true, false, false, false, false, false, false, false, false, false, false, false, true, false, false, false, false, false, false, false, false, false, false, false, false, false, true, false, false, true, false, true, false, true, true, true, false, true, true, false, false, false, false, false, false, false, true, true, false, false, true, true, false, true, true, true, false, true, true, true, true, true, false, true, true, true, true, false, false, true, false, true, true, true, true, true, true], "really_average_reduce_rate": 0.352270801963591, "greedy_cost": 455.33326791880654, "greedy_overtime": false, "algo": "ppo"}