{"reward": [-447.5456887193026, -419.32076756092744, -443.8239447293431, -423.04169345448736, -421.1105881713054, -379.715104137538, -407.8891911021063, -423.249444887601, -417.2429373772165, -370.1984341919609, -357.1541231454164, -424.6383557769567, -404.8567852895895, -420.49335726046013, -425.8462558043098, -352.6765209840519, -408.02618946792563, -432.3726028481593, -414.32137091452273, -378.5301846962423, -401.62877006907956, -400.74936642205347, -383.209753380986, -349.27323026057326, -406.6970049861447, -469.89387507158347, -393.3168000291198, -327.8840774266051, -387.07381105356865, -417.59129637880267, -372.3552255068442, -363.21952236017216, -372.3103927255796, -337.0508587274982, -368.44649739526216, -380.44014552921067, -378.97921214499513, -387.35941034670003, -408.4113748658822, -350.0805924819599, -369.91124582715344, -333.4799766678085, -339.3049290282373, -389.7020758534318, -379.45117268952544, -275.4015371353181, -353.80794810025975, -286.6992772963083, -238.5203243806865, -423.87837890363306, -335.4499692393188, -351.0331830341742, -358.3006448222698, -210.19287216304795, -347.6735398267769, -360.93932109735914, -321.8084948712309, -354.19251928909694, -378.05716209565304, -373.7840461367275, -260.6088948467467, -356.1316914689914, -317.57373036995546, -345.09315735117565, -382.9758472750617, -292.39719182187696, -196.81341973189274, -241.63192995814623, -296.85451263270335, -253.67592719082725], "cost": [447.5456887193026, 419.32076756092744, 443.8239447293431, 423.04169345448736, 421.1105881713054, 379.715104137538, 407.8891911021063, 423.249444887601, 417.2429373772165, 370.1984341919609, 357.1541231454164, 424.6383557769567, 404.8567852895895, 420.49335726046013, 425.8462558043098, 352.6765209840519, 408.02618946792563, 432.3726028481593, 414.32137091452273, 378.5301846962423, 401.62877006907956, 400.74936642205347, 383.209753380986, 349.27323026057326, 406.6970049861447, 469.89387507158347, 393.3168000291198, 327.8840774266051, 387.07381105356865, 417.59129637880267, 372.3552255068442, 363.21952236017216, 372.3103927255796, 337.0508587274982, 368.44649739526216, 380.44014552921067, 378.97921214499513, 387.35941034670003, 408.4113748658822, 350.0805924819599, 369.91124582715344, 333.4799766678085, 339.3049290282373, 389.7020758534318, 379.45117268952544, 275.4015371353181, 353.80794810025975, 286.6992772963083, 238.5203243806865, 423.87837890363306, 335.4499692393188, 351.0331830341742, 358.3006448222698, 210.19287216304795, 347.6735398267769, 360.93932109735914, 321.8084948712309, 354.19251928909694, 378.05716209565304, 373.7840461367275, 260.6088948467467, 356.1316914689914, 317.57373036995546, 345.09315735117565, 382.9758472750617, 292.39719182187696, 196.81341973189274, 241.63192995814623, 296.85451263270335, 253.67592719082725], "overtime": [false, false, false, false, false, true, false, false, false, true, true, false, false, false, false, false, false, false, false, false, false, false, true, true, false, false, false, true, false, false, false, false, false, false, false, false, true, false, false, true, true, true, true, false, false, true, false, true, true, false, false, false, false, true, false, true, true, true, false, false, true, false, false, false, true, true, true, true, true, true], "really_average_reduce_rate": 0.352270801963591, "greedy_cost": 455.33326791880654, "greedy_overtime": false, "algo": "ppo"}