{"reward": [-478.74769093283453, -488.1889613229969, -434.73317584108565, -457.688759926148, -442.14998294689707, -428.83237024799, -466.9132545154544, -455.9484261472058, -469.58090417408414, -459.14868018793896, -452.50093569220985, -442.115825752793, -432.20522288342954, -444.49684596326216, -452.1884358395265, -430.0480441351515, -411.16999297318057, -429.3544178726991, -427.37848011651084, -451.6562952313667, -402.76213586452457, -424.1388467855194, -468.82763066527446, -466.56501612849553, -444.1249516356832, -466.6183708547804, -437.77986281319534, -437.67502669196585, -412.05091021166197, -443.61086704711437, -446.50338977022113, -441.60310847335495, -464.93571914887076, -421.3448918106314, -425.2671083739215, -426.6443472101447, -419.1760272105969, -455.0987849420963, -404.30504740155305, -401.91332729886295, -383.5952033090593, -470.4114998792673, -419.22270049850465, -428.15462736807774, -425.6842773238571, -420.1874614361116, -378.5169631972815, -373.79757657882783, -441.0048977686839, -431.24289780314086, -351.7893400637155, -411.3440619510878, -440.1244464925491, -437.3240466089548, -406.7834803907017, -385.5783904520795, -302.39328238830893, -405.08708632240086, -404.4180880278816, -405.7992221326196, -422.74563763306486, -368.7362987665553, -365.58750879004623, -441.88226621508596, -380.92158339098114, -406.4926119638421, -390.15392735552047, -394.55084665123405, -399.55653594761174, -403.8728674446699, -396.8796821753961, -341.5193378441782, -371.1904130834156, -380.19298245164566, -431.40180741797207, -378.6423530096562, -381.88201169832615, -376.0041015334614, -393.2981146014946, -414.80830334497637, -409.97382394182523, -364.4563510154934, -373.5263029761706, -339.15506611011, -323.49021547890277, -363.8175273147413, -345.92616928249595, -376.3987612665164, -399.06751533687134, -441.8785417176225, -320.62896291850154, -384.0542378665787, -382.083925058106, -323.34391356741094, -380.51419955948387, -385.97844190884393, -419.2581427860447, -370.36711096513096, -291.27276858616625, -343.4507435796039, -313.88685770833877, -360.3185646453783, -388.7578209711892, -342.6450849009121, -307.2652987958399, -322.87966912528515, -350.66996198800393, -359.58204126535, -351.94474760029465, -266.14898845382044, -364.8460783745258, -308.3788825458102, -360.45150315835156, -261.88068109499307, -330.78688198968774, -348.7094195730799, -307.3022608578484, -255.05443558143446, -320.4448640135304], "cost": [478.74769093283453, 488.1889613229969, 434.73317584108565, 457.688759926148, 442.14998294689707, 428.83237024799, 466.9132545154544, 455.9484261472058, 469.58090417408414, 459.14868018793896, 452.50093569220985, 442.115825752793, 432.20522288342954, 444.49684596326216, 452.1884358395265, 430.0480441351515, 411.16999297318057, 429.3544178726991, 427.37848011651084, 451.6562952313667, 402.76213586452457, 424.1388467855194, 468.82763066527446, 466.56501612849553, 444.1249516356832, 466.6183708547804, 437.77986281319534, 437.67502669196585, 412.05091021166197, 443.61086704711437, 446.50338977022113, 441.60310847335495, 464.93571914887076, 421.3448918106314, 425.2671083739215, 426.6443472101447, 419.1760272105969, 455.0987849420963, 404.30504740155305, 401.91332729886295, 383.5952033090593, 470.4114998792673, 419.22270049850465, 428.15462736807774, 425.6842773238571, 420.1874614361116, 378.5169631972815, 373.79757657882783, 441.0048977686839, 431.24289780314086, 351.7893400637155, 411.3440619510878, 440.1244464925491, 437.3240466089548, 406.7834803907017, 385.5783904520795, 302.39328238830893, 405.08708632240086, 404.4180880278816, 405.7992221326196, 422.74563763306486, 368.7362987665553, 365.58750879004623, 441.88226621508596, 380.92158339098114, 406.4926119638421, 390.15392735552047, 394.55084665123405, 399.55653594761174, 403.8728674446699, 396.8796821753961, 341.5193378441782, 371.1904130834156, 380.19298245164566, 431.40180741797207, 378.6423530096562, 381.88201169832615, 376.0041015334614, 393.2981146014946, 414.80830334497637, 409.97382394182523, 364.4563510154934, 373.5263029761706, 339.15506611011, 323.49021547890277, 363.8175273147413, 345.92616928249595, 376.3987612665164, 399.06751533687134, 441.8785417176225, 320.62896291850154, 384.0542378665787, 382.083925058106, 323.34391356741094, 380.51419955948387, 385.97844190884393, 419.2581427860447, 370.36711096513096, 291.27276858616625, 343.4507435796039, 313.88685770833877, 360.3185646453783, 388.7578209711892, 342.6450849009121, 307.2652987958399, 322.87966912528515, 350.66996198800393, 359.58204126535, 351.94474760029465, 266.14898845382044, 364.8460783745258, 308.3788825458102, 360.45150315835156, 261.88068109499307, 330.78688198968774, 348.7094195730799, 307.3022608578484, 255.05443558143446, 320.4448640135304], "overtime": [false, false, false, false, false, false, false, false, false, false, false, true, false, false, false, false, false, false, false, false, false, false, false, false, false, false, false, false, false, false, false, false, false, false, false, false, false, false, false, false, false, false, false, false, false, false, true, true, false, false, true, false, false, false, false, true, true, false, false, false, false, true, false, false, false, true, false, false, false, false, false, false, false, false, false, false, false, false, false, false, false, false, true, true, true, false, false, false, false, false, false, false, false, true, false, false, false, false, true, false, true, true, false, false, false, true, false, false, false, true, false, true, false, true, true, true, true, true, true], "really_average_reduce_rate": 0.352270801963591, "greedy_cost": 455.33326791880654, "greedy_overtime": false, "algo": "ppo"}