{"reward": [-447.57953847442764, -439.9765622391273, -413.92554984554664, -440.6334608605413, -402.8947788174637, -421.5209575778806, -441.1882015920526, -455.6250634745881, -442.9570316861013, -411.74538682270816, -415.06239616387535, -409.6417331434415, -424.1313794196398, -450.3875150118861, -420.387296284195, -392.72406299126357, -432.98992824909277, -425.8539212101979, -454.3404444149324, -413.1169537249488, -423.87105371145543, -465.1482584402525, -428.26674102597894, -442.5974116318395, -405.6717246928905, -421.15392354084184, -437.7815947581923, -429.1957111779229, -402.5375796811472, -446.106914767409, -399.199180311803, -372.1122510218156, -431.52238056346783, -429.52781217189505, -461.44883991146463, -400.99915308909516, -373.3988089917973, -403.66521115005037, -423.5247405601853, -368.2530303520432, -395.0630513929484, -424.78303933586005, -419.5926536533423, -434.01721967037787, -407.2581330117398, -402.83896858440716, -366.1240649252477, -391.18292282803924, -414.63225264816566, -378.23754301851613, -388.6700840248913, -423.28185433533974, -395.76153454230183, -371.39948044451904, -338.07154934279635, -393.89557991190816, -375.95443907142624, -405.90971855815513, -410.686952168094, -410.90914253711696, -341.3716868223157, -401.25163455999467, -426.54582886186444, -370.10473156389793, -382.4173463051489, -351.8304762300945, -328.87119866214687, -301.1902920311038, -427.281473252522, -413.55768361555414, -363.1688407266513, -363.3664195515773, -378.9465204388556, -383.7318955893909, -374.6761526159292, -358.09150649383685, -360.2550255932472, -338.96439158001937, -379.6283300050163, -337.12840447503163, -241.49238049750215, -365.0811781907362, -334.04668333474564, -351.0891615279486, -402.79756750098437, -372.03069254184146, -348.7090469934328, -300.8253694812116, -345.45287267233243, -403.72413452937275, -374.31858428260335, -358.26225003467886, -371.2237648635729, -329.68402397544133, -374.6805880660564, -283.82765289312226, -335.6833736553417, -332.7082347684449, -376.6760550950655, -356.6056933220105, -239.35224376049828, -336.65837554171685, -351.70533284391286, -294.57600925578737, -327.32903728143333, -334.57125713247814, -224.14201628667317, -317.68408891495324, -347.5937339909283, -314.2605460395944, -322.767330609383, -237.4569328974002, -303.79651325538765, -304.6980551161246, -233.309306412628, -301.27250824204657, -183.91854393861252, -270.7568685834576, -171.7231733060535], "cost": [447.57953847442764, 439.9765622391273, 413.92554984554664, 440.6334608605413, 402.8947788174637, 421.5209575778806, 441.1882015920526, 455.6250634745881, 442.9570316861013, 411.74538682270816, 415.06239616387535, 409.6417331434415, 424.1313794196398, 450.3875150118861, 420.387296284195, 392.72406299126357, 432.98992824909277, 425.8539212101979, 454.3404444149324, 413.1169537249488, 423.87105371145543, 465.1482584402525, 428.26674102597894, 442.5974116318395, 405.6717246928905, 421.15392354084184, 437.7815947581923, 429.1957111779229, 402.5375796811472, 446.106914767409, 399.199180311803, 372.1122510218156, 431.52238056346783, 429.52781217189505, 461.44883991146463, 400.99915308909516, 373.3988089917973, 403.66521115005037, 423.5247405601853, 368.2530303520432, 395.0630513929484, 424.78303933586005, 419.5926536533423, 434.01721967037787, 407.2581330117398, 402.83896858440716, 366.1240649252477, 391.18292282803924, 414.63225264816566, 378.23754301851613, 388.6700840248913, 423.28185433533974, 395.76153454230183, 371.39948044451904, 338.07154934279635, 393.89557991190816, 375.95443907142624, 405.90971855815513, 410.686952168094, 410.90914253711696, 341.3716868223157, 401.25163455999467, 426.54582886186444, 370.10473156389793, 382.4173463051489, 351.8304762300945, 328.87119866214687, 301.1902920311038, 427.281473252522, 413.55768361555414, 363.1688407266513, 363.3664195515773, 378.9465204388556, 383.7318955893909, 374.6761526159292, 358.09150649383685, 360.2550255932472, 338.96439158001937, 379.6283300050163, 337.12840447503163, 241.49238049750215, 365.0811781907362, 334.04668333474564, 351.0891615279486, 402.79756750098437, 372.03069254184146, 348.7090469934328, 300.8253694812116, 345.45287267233243, 403.72413452937275, 374.31858428260335, 358.26225003467886, 371.2237648635729, 329.68402397544133, 374.6805880660564, 283.82765289312226, 335.6833736553417, 332.7082347684449, 376.6760550950655, 356.6056933220105, 239.35224376049828, 336.65837554171685, 351.70533284391286, 294.57600925578737, 327.32903728143333, 334.57125713247814, 224.14201628667317, 317.68408891495324, 347.5937339909283, 314.2605460395944, 322.767330609383, 237.4569328974002, 303.79651325538765, 304.6980551161246, 233.309306412628, 301.27250824204657, 183.91854393861252, 270.7568685834576, 171.7231733060535], "overtime": [false, false, false, false, false, false, false, false, false, false, false, false, false, false, false, false, false, false, false, false, false, false, false, false, false, false, false, false, false, false, false, false, false, false, false, false, false, false, false, false, false, false, false, false, false, false, false, false, false, false, false, false, false, false, false, false, false, false, false, false, true, false, false, false, false, false, true, true, false, false, false, false, false, false, false, true, false, true, false, false, true, false, false, false, false, false, false, true, false, false, false, false, false, true, true, true, true, false, true, false, true, false, true, true, false, false, true, true, false, true, false, true, false, true, true, true, true, true, true], "really_average_reduce_rate": 0.352270801963591, "greedy_cost": 455.33326791880654, "greedy_overtime": false, "algo": "ppo"}