{"reward": [-1197.560624397303, -1236.878470125412, -1191.683260149629, -1173.26120028953, -1216.6928345929546, -1220.3897278452002, -1166.1926912400027, -1192.6940172365764, -1165.0847218255785, -1213.4877252986646, -1204.6948564450804, -1195.7964498958543, -1197.7638682369973, -1193.154699627291, -1215.5783614439322, -1153.14316023196, -1198.0553496909226, -1235.2301597326057, -1156.3068210392628, -1209.239840497867, -1153.5679625129605, -1192.7757825131885, -1184.4830283211352, -1207.6678388182254, -1191.6316953972444, -1147.0976550877085, -1209.426218563336, -1174.7773093545895, -1160.4985343078151, -1151.5005724826547, -382.2268323603738, -1166.4446313344215, -1192.0138959212973, -1090.7888644358227, -1201.7923212062, -1205.8590878304556, -1141.124898428572, -1175.7401063572704, -1122.5560837953153, -1115.6450375834013, -1103.9663681937654, -1160.9444864717304, -926.4068400581826, -1163.115570062491, -1095.873503818474, -1164.1643613868207, -1061.1690586915884, -1123.0970553845532, -1113.0009293347503, -1050.0964709052157, -1087.2869346203831, -1020.5217804126988, -1145.8593861246568, -748.5951855557316, -1091.3100616262848, -1022.8444061827366, -1140.2768113160134, -998.8330575780932, -1120.0346404759584, -1112.7597535313384, -1096.9606907882442, -1047.2318056459158, -1035.7024308532104, -643.8643624790662, -881.7621248623259, -365.9809454680419, -1051.071123177353, -696.554713264191, -968.3544229153351, -1040.1185990431345, -854.49176123931, -872.8253220100884, -972.2613016405787, -1031.7974219412165, -989.7524756476183, -617.8810345568783, -1012.9586055235837, -676.6864440922061, -336.04118555532773, -973.415878825746, -955.3058880786499, -654.2250951366868, -336.0346517497021, -615.8338988809006, -396.16725986400616, -887.5959216266962], "cost": [1197.560624397303, 1236.878470125412, 1191.683260149629, 1173.26120028953, 1216.6928345929546, 1220.3897278452002, 1166.1926912400027, 1192.6940172365764, 1165.0847218255785, 1213.4877252986646, 1204.6948564450804, 1195.7964498958543, 1197.7638682369973, 1193.154699627291, 1215.5783614439322, 1153.14316023196, 1198.0553496909226, 1235.2301597326057, 1156.3068210392628, 1209.239840497867, 1153.5679625129605, 1192.7757825131885, 1184.4830283211352, 1207.6678388182254, 1191.6316953972444, 1147.0976550877085, 1209.426218563336, 1174.7773093545895, 1160.4985343078151, 1151.5005724826547, 382.2268323603738, 1166.4446313344215, 1192.0138959212973, 1090.7888644358227, 1201.7923212062, 1205.8590878304556, 1141.124898428572, 1175.7401063572704, 1122.5560837953153, 1115.6450375834013, 1103.9663681937654, 1160.9444864717304, 926.4068400581826, 1163.115570062491, 1095.873503818474, 1164.1643613868207, 1061.1690586915884, 1123.0970553845532, 1113.0009293347503, 1050.0964709052157, 1087.2869346203831, 1020.5217804126988, 1145.8593861246568, 748.5951855557316, 1091.3100616262848, 1022.8444061827366, 1140.2768113160134, 998.8330575780932, 1120.0346404759584, 1112.7597535313384, 1096.9606907882442, 1047.2318056459158, 1035.7024308532104, 643.8643624790662, 881.7621248623259, 365.9809454680419, 1051.071123177353, 696.554713264191, 968.3544229153351, 1040.1185990431345, 854.49176123931, 872.8253220100884, 972.2613016405787, 1031.7974219412165, 989.7524756476183, 617.8810345568783, 1012.9586055235837, 676.6864440922061, 336.04118555532773, 973.415878825746, 955.3058880786499, 654.2250951366868, 336.0346517497021, 615.8338988809006, 396.16725986400616, 887.5959216266962], "overtime": [false, false, false, false, false, false, false, false, false, false, false, false, false, false, false, false, false, false, false, false, false, false, false, false, false, false, false, false, false, false, true, false, false, false, false, false, false, false, false, false, false, false, true, false, false, false, false, false, false, false, false, true, false, true, true, false, false, true, true, false, false, false, false, true, true, true, true, true, false, false, true, true, true, false, false, true, false, true, true, false, true, true, true, true, true, true], "really_average_reduce_rate": 0.40379213750954707, "greedy_cost": 1229.3801552502714, "greedy_overtime": false, "algo": "ppo"}