{"reward": [-1184.1148063618677, -1166.6968374244582, -1159.8835419228292, -1187.2934174230402, -1123.7573468510336, -1146.1315403980657, -1167.2608010670356, -1214.0814921398267, -1152.6426184922636, -1115.1307908682609, -1158.3725076318806, -392.25152712642216, -485.11319419099954, -1109.220225428976, -1114.3214506075806, -1091.9573261158348, -1068.5297507449977, -1119.5386311486639, -1106.947391604212, -1134.6004690391565, -839.4973794400406, -1081.8523573007617, -1122.3637536104857, -715.2729113398859, -1084.592104454691, -1138.1346166461883, -455.2614179425873, -1041.9492050552456, -1048.9207809011164, -432.88789554992695, -1019.317730553969, -695.0000171071102, -988.2967676318805, -337.1172601847816, -322.76071373254064, -1046.737078176829, -858.3719727218149, -1080.8981529269086, -411.521111957524, -433.31273713472314, -985.6806538921217, -1053.8451146800528, -993.647301254644, -1026.3378413280927, -1024.6931996957112, -435.4310734142735, -993.5463022529888, -963.0223627365091, -341.1929627607297, -813.4532704920874, -792.5576705403162, -431.2553760493547, -846.0530833547093, -340.49903261934384], "cost": [1184.1148063618677, 1166.6968374244582, 1159.8835419228292, 1187.2934174230402, 1123.7573468510336, 1146.1315403980657, 1167.2608010670356, 1214.0814921398267, 1152.6426184922636, 1115.1307908682609, 1158.3725076318806, 392.25152712642216, 485.11319419099954, 1109.220225428976, 1114.3214506075806, 1091.9573261158348, 1068.5297507449977, 1119.5386311486639, 1106.947391604212, 1134.6004690391565, 839.4973794400406, 1081.8523573007617, 1122.3637536104857, 715.2729113398859, 1084.592104454691, 1138.1346166461883, 455.2614179425873, 1041.9492050552456, 1048.9207809011164, 432.88789554992695, 1019.317730553969, 695.0000171071102, 988.2967676318805, 337.1172601847816, 322.76071373254064, 1046.737078176829, 858.3719727218149, 1080.8981529269086, 411.521111957524, 433.31273713472314, 985.6806538921217, 1053.8451146800528, 993.647301254644, 1026.3378413280927, 1024.6931996957112, 435.4310734142735, 993.5463022529888, 963.0223627365091, 341.1929627607297, 813.4532704920874, 792.5576705403162, 431.2553760493547, 846.0530833547093, 340.49903261934384], "overtime": [false, false, false, false, false, false, false, false, false, false, false, true, true, false, true, false, false, false, false, false, true, false, false, true, false, false, true, true, true, true, false, true, false, true, true, false, true, false, true, true, false, false, false, false, false, true, false, false, true, true, true, true, true, true], "really_average_reduce_rate": 0.40379213750954707, "greedy_cost": 1229.3801552502714, "greedy_overtime": false, "algo": "ppo"}