{"reward": [-1220.8889369142978, -1185.5493477802618, -1249.7710558892963, -1175.0819774806118, -1216.8019624957526, -1129.4005322208714, -1211.4430145546974, -1217.3185642649692, -1168.4912673891981, -1147.4570457067243, -1214.569620951749, -1175.8419650040748, -1199.6240712795395, -1111.391732533145, -1073.0209944891546, -1113.7816113253587, -1095.1504972115717, -1098.0117345319313, -1171.755842893207, -1142.7021325788169, -1096.3160945669283, -1122.9556477384547, -1003.0705034631574, -764.2634668412711, -360.22385055170383, -1102.986584271267, -1091.913593809865, -1072.2313230151499, -499.1210507975519, -1129.3950627009942, -1116.3760470115474, -1105.2232670180776, -1039.1762745162744, -1099.0759641313919, -1131.9534428385823, -1165.352579027525, -1118.5144797536348, -1121.9749880084853, -471.2513680261468, -1039.3033633255204, -1044.7144814987848, -1041.9877898384711, -1058.8150950471118, -1036.5871439601476, -1128.235747209349, -863.6927153964987, -473.1032195364034, -830.9525556492052, -444.7809151360297, -1121.3041309594544, -1100.3517082075953, -1017.0743414101556, -342.77512040261166, -984.4226979610036, -1070.9162349853284, -854.9618777890959, -1058.3593541375174, -1048.4540637035852, -1049.0159685439705, -394.8751215544901, -482.0160910581609, -1107.557001922176, -450.5140686705893, -911.9331541169528, -1089.665530410324, -442.3300158146767, -350.67420693189814, -631.1724408654212, -305.6743660077732, -975.8836496162124, -1022.3603477202251, -1017.0475800103501, -967.1425918321025, -899.8832702039086, -424.484782284191, -679.0327181702295, -335.06503543933854, -384.2199376155715, -318.9348320881463, -621.7586928493246], "cost": [1220.8889369142978, 1185.5493477802618, 1249.7710558892963, 1175.0819774806118, 1216.8019624957526, 1129.4005322208714, 1211.4430145546974, 1217.3185642649692, 1168.4912673891981, 1147.4570457067243, 1214.569620951749, 1175.8419650040748, 1199.6240712795395, 1111.391732533145, 1073.0209944891546, 1113.7816113253587, 1095.1504972115717, 1098.0117345319313, 1171.755842893207, 1142.7021325788169, 1096.3160945669283, 1122.9556477384547, 1003.0705034631574, 764.2634668412711, 360.22385055170383, 1102.986584271267, 1091.913593809865, 1072.2313230151499, 499.1210507975519, 1129.3950627009942, 1116.3760470115474, 1105.2232670180776, 1039.1762745162744, 1099.0759641313919, 1131.9534428385823, 1165.352579027525, 1118.5144797536348, 1121.9749880084853, 471.2513680261468, 1039.3033633255204, 1044.7144814987848, 1041.9877898384711, 1058.8150950471118, 1036.5871439601476, 1128.235747209349, 863.6927153964987, 473.1032195364034, 830.9525556492052, 444.7809151360297, 1121.3041309594544, 1100.3517082075953, 1017.0743414101556, 342.77512040261166, 984.4226979610036, 1070.9162349853284, 854.9618777890959, 1058.3593541375174, 1048.4540637035852, 1049.0159685439705, 394.8751215544901, 482.0160910581609, 1107.557001922176, 450.5140686705893, 911.9331541169528, 1089.665530410324, 442.3300158146767, 350.67420693189814, 631.1724408654212, 305.6743660077732, 975.8836496162124, 1022.3603477202251, 1017.0475800103501, 967.1425918321025, 899.8832702039086, 424.484782284191, 679.0327181702295, 335.06503543933854, 384.2199376155715, 318.9348320881463, 621.7586928493246], "overtime": [false, false, false, false, false, false, false, false, false, false, false, false, false, false, true, false, false, false, false, false, false, false, true, true, true, false, false, true, true, false, false, false, true, false, false, false, false, false, true, true, true, false, false, false, false, true, true, true, true, false, false, true, true, false, false, true, false, false, true, true, true, false, true, true, false, true, true, true, true, true, false, false, false, false, true, true, true, true, true, true], "really_average_reduce_rate": 0.40379213750954707, "greedy_cost": 1229.3801552502714, "greedy_overtime": false, "algo": "ppo"}