{"reward": [-1205.508752363528, -1207.0869886449807, -1181.1974493153855, -1209.8101355465024, -1163.9231232713437, -1178.281720020565, -1176.0367834165218, -1143.917337336493, -1206.451841839654, -1191.16287414953, -1168.0285279867976, -880.2173864758944, -1172.960191095657, -1151.6906287975326, -500.4053506443368, -1183.0945523261366, -1145.8631128444242, -1208.6714040646043, -1148.1220018472975, -1170.942726243268, -352.9486786534544, -1181.2610498117733, -924.0923254354104, -1140.350550866639, -460.19971941403105, -1073.5109542761274, -1192.831482299025, -494.1404993842917, -1081.3724870547924, -1139.40326477428, -1054.6423572855908, -1175.1717549576138, -1063.7439753815152, -1090.4716066925412, -378.9849834523535, -337.63294692115875, -324.48918091483404, -850.6862417891334, -363.5807369791623, -1050.3473186752474, -1051.5904623838228, -310.23525989712215, -1094.9832312752399, -861.4519164760592, -992.0096571328108, -1077.2607607694154, -1003.0496877719913, -344.79261373969723, -691.64916243026, -1070.1372723922507, -1021.1695248319387, -1039.7555799735142, -1069.1719698458535, -1089.9523684340709, -401.3712745424825, -1006.5824969802134, -478.42065795121715, -823.8841044344466, -721.3547405565242, -349.7010920849815, -923.6680201244632, -981.9675446829099, -932.4415916648124, -842.4075206662055, -990.5576374938889, -384.28708918360053, -572.2006162001658, -909.1738394119308, -1011.1356040245473, -763.8053250926075, -423.77222456239156, -280.02579088443906, -337.5636126410588, -615.4798964498285, -230.0630508479475], "cost": [1205.508752363528, 1207.0869886449807, 1181.1974493153855, 1209.8101355465024, 1163.9231232713437, 1178.281720020565, 1176.0367834165218, 1143.917337336493, 1206.451841839654, 1191.16287414953, 1168.0285279867976, 880.2173864758944, 1172.960191095657, 1151.6906287975326, 500.4053506443368, 1183.0945523261366, 1145.8631128444242, 1208.6714040646043, 1148.1220018472975, 1170.942726243268, 352.9486786534544, 1181.2610498117733, 924.0923254354104, 1140.350550866639, 460.19971941403105, 1073.5109542761274, 1192.831482299025, 494.1404993842917, 1081.3724870547924, 1139.40326477428, 1054.6423572855908, 1175.1717549576138, 1063.7439753815152, 1090.4716066925412, 378.9849834523535, 337.63294692115875, 324.48918091483404, 850.6862417891334, 363.5807369791623, 1050.3473186752474, 1051.5904623838228, 310.23525989712215, 1094.9832312752399, 861.4519164760592, 992.0096571328108, 1077.2607607694154, 1003.0496877719913, 344.79261373969723, 691.64916243026, 1070.1372723922507, 1021.1695248319387, 1039.7555799735142, 1069.1719698458535, 1089.9523684340709, 401.3712745424825, 1006.5824969802134, 478.42065795121715, 823.8841044344466, 721.3547405565242, 349.7010920849815, 923.6680201244632, 981.9675446829099, 932.4415916648124, 842.4075206662055, 990.5576374938889, 384.28708918360053, 572.2006162001658, 909.1738394119308, 1011.1356040245473, 763.8053250926075, 423.77222456239156, 280.02579088443906, 337.5636126410588, 615.4798964498285, 230.0630508479475], "overtime": [false, false, false, false, false, false, false, false, false, false, false, true, false, false, true, false, false, false, false, false, true, false, true, false, true, false, false, true, false, false, false, false, false, false, true, true, true, true, true, false, false, true, false, true, false, false, true, true, true, false, true, false, false, false, true, false, true, true, true, true, false, false, true, true, false, true, true, true, false, true, true, true, true, true, true], "really_average_reduce_rate": 0.40379213750954707, "greedy_cost": 1229.3801552502714, "greedy_overtime": false, "algo": "ppo"}