{"reward": [-1231.939804044449, -1229.9010496213189, -1200.5222165213331, -1215.3797990844578, -1193.1429670484356, -521.6315622775627, -1160.234921961305, -1212.4323832652985, -1240.3598284847653, -1223.6214174638035, -1196.533010009787, -1143.4055321157437, -817.3799629526862, -1163.1179095807754, -1245.8830761857605, -1219.2085534065673, -1188.3416718190433, -1202.64955669851, -1190.9046514262532, -1083.6651694460204, -1151.695608071814, -1175.7592214473416, -1174.13537391683, -1162.3934041635036, -1206.6065620514557, -1192.7423490815136, -1206.8218533591355, -1214.1275041557465, -1189.3006691998517, -1169.8809841564193, -1188.7678166573862, -1124.8671340529802, -1048.1797051844828, -1141.9110395690614, -853.8819552434695, -345.59552772678427, -1067.44938459156, -1146.995610364107, -1133.5067555455296, -1103.3306357261438, -453.0305663102493, -394.21558295126994, -1122.1787076685107, -1183.2363429336806, -1039.3898909257066, -968.6406066545094, -1050.5925535779252, -478.7125060064905, -1050.09679180691, -1034.7648604846831, -1103.8058627824669, -1096.266632886147, -358.70267371489666, -349.440351996161, -1035.1595237344495, -959.9150408815864, -836.7849157257372, -416.52973914748054, -971.9159072930636, -1023.0971964515926, -997.4658680783017, -858.742755352463, -651.2104046700988, -1051.4852740802885, -403.55713722211294, -396.43021733981533, -1008.4694850868075, -352.93159996148194, -1014.2199786525676, -749.5229658877846, -786.0523571080619, -589.2324930678118, -414.40936079798263, -723.6108654582957, -924.0687153360055], "cost": [1231.939804044449, 1229.9010496213189, 1200.5222165213331, 1215.3797990844578, 1193.1429670484356, 521.6315622775627, 1160.234921961305, 1212.4323832652985, 1240.3598284847653, 1223.6214174638035, 1196.533010009787, 1143.4055321157437, 817.3799629526862, 1163.1179095807754, 1245.8830761857605, 1219.2085534065673, 1188.3416718190433, 1202.64955669851, 1190.9046514262532, 1083.6651694460204, 1151.695608071814, 1175.7592214473416, 1174.13537391683, 1162.3934041635036, 1206.6065620514557, 1192.7423490815136, 1206.8218533591355, 1214.1275041557465, 1189.3006691998517, 1169.8809841564193, 1188.7678166573862, 1124.8671340529802, 1048.1797051844828, 1141.9110395690614, 853.8819552434695, 345.59552772678427, 1067.44938459156, 1146.995610364107, 1133.5067555455296, 1103.3306357261438, 453.0305663102493, 394.21558295126994, 1122.1787076685107, 1183.2363429336806, 1039.3898909257066, 968.6406066545094, 1050.5925535779252, 478.7125060064905, 1050.09679180691, 1034.7648604846831, 1103.8058627824669, 1096.266632886147, 358.70267371489666, 349.440351996161, 1035.1595237344495, 959.9150408815864, 836.7849157257372, 416.52973914748054, 971.9159072930636, 1023.0971964515926, 997.4658680783017, 858.742755352463, 651.2104046700988, 1051.4852740802885, 403.55713722211294, 396.43021733981533, 1008.4694850868075, 352.93159996148194, 1014.2199786525676, 749.5229658877846, 786.0523571080619, 589.2324930678118, 414.40936079798263, 723.6108654582957, 924.0687153360055], "overtime": [false, false, false, false, false, true, false, false, false, false, false, false, true, false, false, false, false, false, false, false, false, false, false, false, false, false, false, false, false, false, false, false, true, false, true, true, false, false, false, false, true, true, false, false, false, true, false, true, false, false, false, false, true, true, false, true, true, true, true, false, false, true, true, false, true, true, true, true, false, true, true, true, true, true, true], "really_average_reduce_rate": 0.40379213750954707, "greedy_cost": 1229.3801552502714, "greedy_overtime": false, "algo": "ppo"}