{"reward": [-1140.714914815388, -1180.7488443807588, -1187.9431913900273, -833.65676013208, -1193.3707560028597, -1212.1641554412697, -1166.478747375579, -1193.2771267481417, -1104.2081449886127, -889.1905866149527, -1085.389093242995, -862.5481807046375, -1070.1237075569293, -385.84229354085375, -1086.500756187951, -1117.8360714878506, -778.905934436917, -1079.385864080497, -1170.657167567479, -1002.2597601163562, -1097.7201592014349, -1100.2121770728088, -751.5719749738644, -1103.6390199656591, -851.0890003905346, -738.9341926047201, -1043.0054006295547, -1090.0164638908477, -1133.0021466909159, -1149.3755006293018, -884.1947864266848, -1127.26228533714, -749.5557673451764, -777.2508840660471, -1111.339854330522, -379.25673654233094, -1007.8502629428166, -1053.0981050058078, -933.671133197425, -342.8645216435287, -1038.4817122723807, -721.5230632804055, -820.3983378910553, -669.6452881440144, -899.1263821276457, -1015.5668754716394, -335.0920919858013, -653.2456588592563, -1015.0361476983029, -394.27790058718057, -1049.8560774584296, -951.0278867681689, -747.9081723954894, -949.9168247168135, -1001.2502613652864, -1009.8456151744904, -939.4483871767104, -616.294286136981, -395.166507858755, -397.0179567249864, -904.2921685240502, -318.68186911754316], "cost": [1140.714914815388, 1180.7488443807588, 1187.9431913900273, 833.65676013208, 1193.3707560028597, 1212.1641554412697, 1166.478747375579, 1193.2771267481417, 1104.2081449886127, 889.1905866149527, 1085.389093242995, 862.5481807046375, 1070.1237075569293, 385.84229354085375, 1086.500756187951, 1117.8360714878506, 778.905934436917, 1079.385864080497, 1170.657167567479, 1002.2597601163562, 1097.7201592014349, 1100.2121770728088, 751.5719749738644, 1103.6390199656591, 851.0890003905346, 738.9341926047201, 1043.0054006295547, 1090.0164638908477, 1133.0021466909159, 1149.3755006293018, 884.1947864266848, 1127.26228533714, 749.5557673451764, 777.2508840660471, 1111.339854330522, 379.25673654233094, 1007.8502629428166, 1053.0981050058078, 933.671133197425, 342.8645216435287, 1038.4817122723807, 721.5230632804055, 820.3983378910553, 669.6452881440144, 899.1263821276457, 1015.5668754716394, 335.0920919858013, 653.2456588592563, 1015.0361476983029, 394.27790058718057, 1049.8560774584296, 951.0278867681689, 747.9081723954894, 949.9168247168135, 1001.2502613652864, 1009.8456151744904, 939.4483871767104, 616.294286136981, 395.166507858755, 397.0179567249864, 904.2921685240502, 318.68186911754316], "overtime": [false, false, false, true, false, false, false, false, false, true, false, true, false, true, false, false, true, false, false, true, false, false, true, false, true, true, false, false, false, false, true, false, true, true, false, true, false, false, true, true, false, true, true, true, false, false, true, true, false, true, false, false, true, false, false, false, true, true, true, true, true, true], "really_average_reduce_rate": 0.40379213750954707, "greedy_cost": 1229.3801552502714, "greedy_overtime": false, "algo": "ppo"}