{"reward": [-1211.8886684677834, -1213.8225021241692, -1223.9217901141096, -1243.0179905689877, -1245.1185726297733, -1256.9176558149973, -1256.321998114017, -1221.7943173797885, -1245.5756638904375, -1237.3690867437874, -1240.4736216783792, -1230.5788925189054, -1223.1853645819333, -1224.382033697972, -1213.584923475524, -1245.3603107520003, -1161.744035074729, -1221.154751347312, -1248.7018084983147, -1269.5199800579805, -410.9034248980319, -1199.739687440218, -1205.348204504735, -1275.490168600175, -1207.8219383648873, -1249.9551782920387, -1274.4491485472947, -1177.1427248022603, -1164.6084848381472, -1222.4246352505581, -1245.1418420744862, -1175.4645539395317, -1241.2831932177105, -1207.4071413939344, -1208.1575174403088, -1198.8128999928651, -1176.622910435134, -1149.9960951013952, -1200.1839780275793, -1186.4499879714278, -1212.779299143943, -1218.5276483023067, -1176.8812835045246, -1147.2412561380943, -1185.0409816974106, -1198.2537455099625, -1160.1822724172002, -1180.1318050553548, -1148.1477035787043, -1172.5034869486278, -1174.7363856689715, -1205.8914932622658, -1111.793002507938, -1156.1426979737907, -1171.2320540588717, -1179.3285510211706, -1169.034441814766, -1184.8176002696891, -1122.3618624402857, -1093.1210852960214, -1132.3906054899178, -376.46849741654444, -1105.357834191536, -1170.7022342107252, -1069.8212638788104, -1161.702845404846, -1153.9406629054608, -1134.5393170828554, -1169.680813554124, -1108.5264516448133, -1210.4678764603561, -1170.637072396977, -1142.6981164569124, -1135.2326030524166, -1136.2888464969387, -785.8902072139542, -1145.5444027053006, -1106.6724636486263, -357.38125600410604, -1130.933068537022, -1102.99308402392, -1155.104183811554, -1067.2079571558625, -1030.7843395788962, -355.5667111165074, -457.7560781349521, -1117.6351553515428, -1051.6906904058708, -1061.1415141344337, -362.97703653636387, -1068.8928460229276, -1077.8427153120376, -1072.9354276702454, -1109.137499322751, -1074.340509111434, -1004.9254245607922, -1016.7599887632665, -1051.6316470478564, -1099.795929899588, -680.9430398310996, -402.75687450482513, -1047.2182774904736, -991.2607825510476, -732.6627317169858, -813.7653881823451, -911.3450294051125, -986.3502015467071, -978.0542641230021, -956.0765708373663, -672.6941929432, -654.4556062428837, -1008.4559551679147, -684.1326736027279, -876.1815563138847, -697.3121316688037, -797.4695951362695, -841.5868592350181, -447.0764600984287], "cost": [1211.8886684677834, 1213.8225021241692, 1223.9217901141096, 1243.0179905689877, 1245.1185726297733, 1256.9176558149973, 1256.321998114017, 1221.7943173797885, 1245.5756638904375, 1237.3690867437874, 1240.4736216783792, 1230.5788925189054, 1223.1853645819333, 1224.382033697972, 1213.584923475524, 1245.3603107520003, 1161.744035074729, 1221.154751347312, 1248.7018084983147, 1269.5199800579805, 410.9034248980319, 1199.739687440218, 1205.348204504735, 1275.490168600175, 1207.8219383648873, 1249.9551782920387, 1274.4491485472947, 1177.1427248022603, 1164.6084848381472, 1222.4246352505581, 1245.1418420744862, 1175.4645539395317, 1241.2831932177105, 1207.4071413939344, 1208.1575174403088, 1198.8128999928651, 1176.622910435134, 1149.9960951013952, 1200.1839780275793, 1186.4499879714278, 1212.779299143943, 1218.5276483023067, 1176.8812835045246, 1147.2412561380943, 1185.0409816974106, 1198.2537455099625, 1160.1822724172002, 1180.1318050553548, 1148.1477035787043, 1172.5034869486278, 1174.7363856689715, 1205.8914932622658, 1111.793002507938, 1156.1426979737907, 1171.2320540588717, 1179.3285510211706, 1169.034441814766, 1184.8176002696891, 1122.3618624402857, 1093.1210852960214, 1132.3906054899178, 376.46849741654444, 1105.357834191536, 1170.7022342107252, 1069.8212638788104, 1161.702845404846, 1153.9406629054608, 1134.5393170828554, 1169.680813554124, 1108.5264516448133, 1210.4678764603561, 1170.637072396977, 1142.6981164569124, 1135.2326030524166, 1136.2888464969387, 785.8902072139542, 1145.5444027053006, 1106.6724636486263, 357.38125600410604, 1130.933068537022, 1102.99308402392, 1155.104183811554, 1067.2079571558625, 1030.7843395788962, 355.5667111165074, 457.7560781349521, 1117.6351553515428, 1051.6906904058708, 1061.1415141344337, 362.97703653636387, 1068.8928460229276, 1077.8427153120376, 1072.9354276702454, 1109.137499322751, 1074.340509111434, 1004.9254245607922, 1016.7599887632665, 1051.6316470478564, 1099.795929899588, 680.9430398310996, 402.75687450482513, 1047.2182774904736, 991.2607825510476, 732.6627317169858, 813.7653881823451, 911.3450294051125, 986.3502015467071, 978.0542641230021, 956.0765708373663, 672.6941929432, 654.4556062428837, 1008.4559551679147, 684.1326736027279, 876.1815563138847, 697.3121316688037, 797.4695951362695, 841.5868592350181, 447.0764600984287], "overtime": [false, false, false, false, false, false, false, false, false, false, false, false, false, false, false, false, false, false, false, false, true, false, false, false, false, false, false, false, false, false, false, false, false, false, false, false, false, false, false, false, false, false, false, true, false, false, false, false, false, false, false, false, false, false, false, false, false, false, true, false, false, true, false, false, false, false, false, false, false, true, false, false, false, false, false, true, false, false, true, false, false, false, false, true, true, true, false, false, true, true, false, false, false, false, false, false, false, false, false, true, true, false, false, true, true, false, false, false, false, true, true, false, true, true, true, true, true, true], "really_average_reduce_rate": 0.40379213750954707, "greedy_cost": 1229.3801552502714, "greedy_overtime": false, "algo": "ppo"}