{"reward": [-1259.5260542759381, -1191.399338598949, -1216.6539601916536, -1262.2660214902462, -1235.7761992830585, -1222.7671960266207, -1240.3452790384638, -1242.642909200619, -1225.2043839148985, -1206.9079613673211, -1201.725877917641, -1173.6607753018466, -1200.3465432497478, -1160.5811230946329, -1160.506190252871, -1208.074894550265, -1131.0467989370222, -1201.9889307640024, -1149.481626091123, -1195.6348944570486, -1215.4276471536882, -1194.7521276513573, -1201.580856671509, -1144.5897983991158, -1159.61118088222, -1108.902760799051, -1179.6132291077347, -1189.271071909442, -1163.391987821813, -1203.026177223435, -1176.2251137283997, -1185.3635337815613, -1122.324097129748, -1165.2537943667821, -1166.237677780743, -970.6170830382399, -1179.385133721502, -1197.9611328792844, -868.6009472685765, -1151.5548830518956, -1204.6591842917064, -1119.621673004263, -1122.3239559993795, -1121.8386135008172, -1147.0422586733373, -1066.2767452386008, -1094.1812935161868, -1094.6680095890438, -1096.4949833340286, -817.6271529173939, -1118.4381802694124, -1062.6656913879042, -1112.398656679736, -817.984162182025, -1128.5272349538468, -1015.7792249058748, -821.072975463755, -997.423943404778, -1012.3841062188703, -457.27517142548214, -983.9855144794002, -440.22440517141473, -1034.596186699578, -1095.9903154648928, -1009.6446325581794, -1109.6229676956398, -1029.9604744827752, -1017.0606827616966, -811.8867891248781, -1058.2817004787632, -819.954997660946, -970.2317080703459, -601.7411614152321, -1083.5880370181605, -466.5534237401934, -713.6289276400762, -1033.2944406635493, -456.1756769907568, -411.8033595029266, -664.5863029259435, -1074.6917221021458, -332.78867697275246, -735.1407045229522, -312.39473928913475, -912.1811385930511, -382.03980517850243, -634.4432723501044], "cost": [1259.5260542759381, 1191.399338598949, 1216.6539601916536, 1262.2660214902462, 1235.7761992830585, 1222.7671960266207, 1240.3452790384638, 1242.642909200619, 1225.2043839148985, 1206.9079613673211, 1201.725877917641, 1173.6607753018466, 1200.3465432497478, 1160.5811230946329, 1160.506190252871, 1208.074894550265, 1131.0467989370222, 1201.9889307640024, 1149.481626091123, 1195.6348944570486, 1215.4276471536882, 1194.7521276513573, 1201.580856671509, 1144.5897983991158, 1159.61118088222, 1108.902760799051, 1179.6132291077347, 1189.271071909442, 1163.391987821813, 1203.026177223435, 1176.2251137283997, 1185.3635337815613, 1122.324097129748, 1165.2537943667821, 1166.237677780743, 970.6170830382399, 1179.385133721502, 1197.9611328792844, 868.6009472685765, 1151.5548830518956, 1204.6591842917064, 1119.621673004263, 1122.3239559993795, 1121.8386135008172, 1147.0422586733373, 1066.2767452386008, 1094.1812935161868, 1094.6680095890438, 1096.4949833340286, 817.6271529173939, 1118.4381802694124, 1062.6656913879042, 1112.398656679736, 817.984162182025, 1128.5272349538468, 1015.7792249058748, 821.072975463755, 997.423943404778, 1012.3841062188703, 457.27517142548214, 983.9855144794002, 440.22440517141473, 1034.596186699578, 1095.9903154648928, 1009.6446325581794, 1109.6229676956398, 1029.9604744827752, 1017.0606827616966, 811.8867891248781, 1058.2817004787632, 819.954997660946, 970.2317080703459, 601.7411614152321, 1083.5880370181605, 466.5534237401934, 713.6289276400762, 1033.2944406635493, 456.1756769907568, 411.8033595029266, 664.5863029259435, 1074.6917221021458, 332.78867697275246, 735.1407045229522, 312.39473928913475, 912.1811385930511, 382.03980517850243, 634.4432723501044], "overtime": [false, false, false, false, false, false, false, false, false, false, false, false, false, false, false, false, false, false, false, false, false, false, false, false, false, false, false, false, false, false, false, false, false, false, false, true, false, false, true, false, false, false, false, false, false, false, false, false, false, true, false, false, false, true, false, true, true, false, false, true, false, true, true, false, true, false, false, false, true, false, true, true, true, false, true, true, false, true, true, true, false, true, true, true, true, true, true], "really_average_reduce_rate": 0.40379213750954707, "greedy_cost": 1229.3801552502714, "greedy_overtime": false, "algo": "ppo"}