{"reward": [-1184.5500909074672, -1144.5578686035974, -1157.2842922247842, -1139.8096726275517, -1186.3014726087354, -1120.3733797089285, -1172.02096817932, -1209.6333144032385, -1211.2740773668509, -1195.7558468799843, -1145.5527628982904, -1196.8209869597565, -1211.9896062834464, -373.70965618710017, -1143.691099635558, -1189.061979276975, -1181.329730705636, -1133.4596355410938, -1045.1352132213476, -1091.9874947233116, -1099.770033220397, -1119.4745961873875, -1141.9160215337006, -1091.943824045238, -1178.478034022907, -379.99169091174355, -746.9958152307469, -1167.6781630823098, -1084.8936218294589, -835.1534879895112, -1072.6143652446003, -1007.9306549963064, -1050.847801424795, -1088.1221511477875, -1114.197196403955, -882.7090232897075, -1068.3552145956078, -1066.4313825338327, -1066.821304393056, -1089.3160677709895, -1061.3478125704162, -1096.0677691375463, -1091.7198315439457, -681.770936323497, -414.10418502167784, -658.2282261520437, -1096.7039232682248, -981.6113705208984, -1048.1864615711745, -334.5717625092715, -434.0953449251595, -1018.3942468020218, -967.637060545562, -355.6149948613903, -675.4940067880592, -396.86967384066423, -387.93605493155303, -379.2911198010388, -700.3973111484659], "cost": [1184.5500909074672, 1144.5578686035974, 1157.2842922247842, 1139.8096726275517, 1186.3014726087354, 1120.3733797089285, 1172.02096817932, 1209.6333144032385, 1211.2740773668509, 1195.7558468799843, 1145.5527628982904, 1196.8209869597565, 1211.9896062834464, 373.70965618710017, 1143.691099635558, 1189.061979276975, 1181.329730705636, 1133.4596355410938, 1045.1352132213476, 1091.9874947233116, 1099.770033220397, 1119.4745961873875, 1141.9160215337006, 1091.943824045238, 1178.478034022907, 379.99169091174355, 746.9958152307469, 1167.6781630823098, 1084.8936218294589, 835.1534879895112, 1072.6143652446003, 1007.9306549963064, 1050.847801424795, 1088.1221511477875, 1114.197196403955, 882.7090232897075, 1068.3552145956078, 1066.4313825338327, 1066.821304393056, 1089.3160677709895, 1061.3478125704162, 1096.0677691375463, 1091.7198315439457, 681.770936323497, 414.10418502167784, 658.2282261520437, 1096.7039232682248, 981.6113705208984, 1048.1864615711745, 334.5717625092715, 434.0953449251595, 1018.3942468020218, 967.637060545562, 355.6149948613903, 675.4940067880592, 396.86967384066423, 387.93605493155303, 379.2911198010388, 700.3973111484659], "overtime": [false, false, false, false, false, true, false, false, false, false, false, false, false, true, false, false, false, false, true, true, false, false, false, false, false, true, true, false, false, true, false, true, true, false, false, true, false, false, false, false, false, false, false, true, true, true, false, false, true, true, true, false, false, true, true, true, true, true, true], "really_average_reduce_rate": 0.40379213750954707, "greedy_cost": 1229.3801552502714, "greedy_overtime": false, "algo": "ppo"}