{"reward": [-1331.8384832280503, -1335.1253659710746, -1302.3239207466786, -1269.745576950488, -1318.7172675648237, -1309.7823006309752, -1287.1805043874303, -1386.4433076457494, -1339.8724236785054, -1263.8658801924157, -1326.1736042049615, -1309.6018374994494, -1347.8910855736297, -1320.4798024473619, -1327.753731823116, -1013.1190090512669, -1280.8097457985957, -1282.448906832598, -1273.6020311303355, -1280.66668839842, -1336.6103515748025, -1290.9387781639207, -1290.7132166415631, -1286.3130491502206, -1248.3631569161726, -1202.2520562136083, -1275.3912771505954, -818.4481465538777, -1300.9977257589896, -1218.147925637709, -1239.469665808231, -1303.5413103212975, -1243.2043899582236, -1303.6124292111397, -1254.9254800105564, -1253.543370945481, -1266.7955753043095, -1153.32213658654, -1226.897216985942, -1234.1490325893922, -1211.4762646400466, -1174.0923781936146, -1258.3074058947618, -1226.157101385891, -1211.6721238232312, -1175.3311315910519, -1206.4860840914305, -1217.1964347566936, -1202.6098518237093, -1142.9828741694896, -1192.4065865944792, -1268.2111758411954, -1189.3862418132646, -1216.0926049169063, -1184.8943394156909, -1218.4048289449509, -942.9568357225133, -1099.161445712456, -751.00891678798, -770.6242935631881, -1242.3082444384042, -798.1777636970014, -1106.051373415952, -1129.8757201760818, -341.4186457720212, -1121.5826823065997, -812.2876642067538, -756.8803219565375, -1121.17403971687, -1125.7807304507392, -1174.545354205016, -884.0534710036491, -560.8862595113557, -1169.302089188574, -1112.3303568178603, -1117.599863236807, -1101.4834001314073, -755.3607047614544, -1076.8230692674215, -345.8738209177089, -1145.3976289826626, -742.9399606436117, -507.74830494804286, -445.93423223360423, -1065.8092143625302, -994.2323041998583, -1103.965820806883], "cost": [1331.8384832280503, 1335.1253659710746, 1302.3239207466786, 1269.745576950488, 1318.7172675648237, 1309.7823006309752, 1287.1805043874303, 1386.4433076457494, 1339.8724236785054, 1263.8658801924157, 1326.1736042049615, 1309.6018374994494, 1347.8910855736297, 1320.4798024473619, 1327.753731823116, 1013.1190090512669, 1280.8097457985957, 1282.448906832598, 1273.6020311303355, 1280.66668839842, 1336.6103515748025, 1290.9387781639207, 1290.7132166415631, 1286.3130491502206, 1248.3631569161726, 1202.2520562136083, 1275.3912771505954, 818.4481465538777, 1300.9977257589896, 1218.147925637709, 1239.469665808231, 1303.5413103212975, 1243.2043899582236, 1303.6124292111397, 1254.9254800105564, 1253.543370945481, 1266.7955753043095, 1153.32213658654, 1226.897216985942, 1234.1490325893922, 1211.4762646400466, 1174.0923781936146, 1258.3074058947618, 1226.157101385891, 1211.6721238232312, 1175.3311315910519, 1206.4860840914305, 1217.1964347566936, 1202.6098518237093, 1142.9828741694896, 1192.4065865944792, 1268.2111758411954, 1189.3862418132646, 1216.0926049169063, 1184.8943394156909, 1218.4048289449509, 942.9568357225133, 1099.161445712456, 751.00891678798, 770.6242935631881, 1242.3082444384042, 798.1777636970014, 1106.051373415952, 1129.8757201760818, 341.4186457720212, 1121.5826823065997, 812.2876642067538, 756.8803219565375, 1121.17403971687, 1125.7807304507392, 1174.545354205016, 884.0534710036491, 560.8862595113557, 1169.302089188574, 1112.3303568178603, 1117.599863236807, 1101.4834001314073, 755.3607047614544, 1076.8230692674215, 345.8738209177089, 1145.3976289826626, 742.9399606436117, 507.74830494804286, 445.93423223360423, 1065.8092143625302, 994.2323041998583, 1103.965820806883], "overtime": [false, false, false, false, false, false, false, false, false, false, false, false, false, false, false, true, false, false, false, false, false, false, false, false, false, false, false, true, false, false, true, false, false, false, false, false, false, false, false, false, false, false, false, false, false, false, false, false, false, true, false, false, false, false, false, false, true, false, true, true, false, true, false, false, true, false, true, true, false, false, false, true, true, false, false, false, false, true, true, true, false, true, true, true, true, true, true], "really_average_reduce_rate": 0.4102783407999981, "greedy_cost": 1294.498758557802, "greedy_overtime": false, "algo": "ppo"}