{"reward": [-1317.0236088047545, -1379.7312776846902, -1318.2736657008438, -1324.275856923517, -1316.2285612720057, -616.2245008537175, -1311.1753954795934, -860.9973443128445, -1274.5233730425132, -1311.0219621084161, -1340.9882818214967, -1251.9113409429135, -1235.2360792731495, -1312.7538175150091, -1270.0138881603439, -1308.0099483668898, -1249.128267800742, -1305.7671199833142, -1320.9098901174502, -1290.2176896733974, -1305.3720713535788, -1336.611813283693, -429.6102734661754, -1275.9118425264114, -1306.2266952627906, -1305.144000457189, -1261.7853664015324, -1293.0534116662573, -1317.5013531512582, -1278.541985995676, -1326.301978839458, -1261.990936041949, -1312.8826482511213, -1253.7223554971622, -1143.0205552045995, -1267.5204129699146, -1243.7491512936908, -1304.7808772711828, -1201.0237011959587, -1278.111907005533, -1294.118506979495, -1259.1440182428987, -1267.1063177178141, -1281.8774284274596, -1241.686573897097, -1252.2100189016485, -1235.0586469958998, -1259.5800776113938, -1250.4938093596982, -1255.321109417938, -1205.1046142195346, -1211.604927523872, -1149.9796156854648, -1233.0012406281005, -1229.3108380420963, -1251.1687898714274, -812.3221899193059, -1297.2871401054497, -547.15230307281, -858.6014235262472, -1170.963140656379, -1182.856772569641, -1268.0867044841025, -1161.4698750774744, -1203.3251449216066, -1148.113506766334, -1118.4986697740017, -1194.231363711385, -1125.6056730404125, -1162.8889041499613, -533.4762502749636, -1164.6640610119323, -1191.7269841312336, -1249.787206946974, -1165.8538609676532, -1191.3931790112333, -1126.9440567828801, -790.6617177861923, -377.65487971355213, -1148.0144196254757, -982.1911417300441, -1117.8119190920704, -1196.8054637030507, -1123.8649840036214, -929.3654048958605, -1177.1701402042602, -354.0165607342869, -1113.3810113812701, -1168.9777531218522, -370.89830657894703, -1141.1172650031656, -313.4813210028316, -986.6865023613999, -741.4150517628527, -1061.700558736399, -406.3033617368157, -328.64245389598415, -662.0086122352352, -797.4514045787042, -451.26423888938467, -353.61708260660987], "cost": [1317.0236088047545, 1379.7312776846902, 1318.2736657008438, 1324.275856923517, 1316.2285612720057, 616.2245008537175, 1311.1753954795934, 860.9973443128445, 1274.5233730425132, 1311.0219621084161, 1340.9882818214967, 1251.9113409429135, 1235.2360792731495, 1312.7538175150091, 1270.0138881603439, 1308.0099483668898, 1249.128267800742, 1305.7671199833142, 1320.9098901174502, 1290.2176896733974, 1305.3720713535788, 1336.611813283693, 429.6102734661754, 1275.9118425264114, 1306.2266952627906, 1305.144000457189, 1261.7853664015324, 1293.0534116662573, 1317.5013531512582, 1278.541985995676, 1326.301978839458, 1261.990936041949, 1312.8826482511213, 1253.7223554971622, 1143.0205552045995, 1267.5204129699146, 1243.7491512936908, 1304.7808772711828, 1201.0237011959587, 1278.111907005533, 1294.118506979495, 1259.1440182428987, 1267.1063177178141, 1281.8774284274596, 1241.686573897097, 1252.2100189016485, 1235.0586469958998, 1259.5800776113938, 1250.4938093596982, 1255.321109417938, 1205.1046142195346, 1211.604927523872, 1149.9796156854648, 1233.0012406281005, 1229.3108380420963, 1251.1687898714274, 812.3221899193059, 1297.2871401054497, 547.15230307281, 858.6014235262472, 1170.963140656379, 1182.856772569641, 1268.0867044841025, 1161.4698750774744, 1203.3251449216066, 1148.113506766334, 1118.4986697740017, 1194.231363711385, 1125.6056730404125, 1162.8889041499613, 533.4762502749636, 1164.6640610119323, 1191.7269841312336, 1249.787206946974, 1165.8538609676532, 1191.3931790112333, 1126.9440567828801, 790.6617177861923, 377.65487971355213, 1148.0144196254757, 982.1911417300441, 1117.8119190920704, 1196.8054637030507, 1123.8649840036214, 929.3654048958605, 1177.1701402042602, 354.0165607342869, 1113.3810113812701, 1168.9777531218522, 370.89830657894703, 1141.1172650031656, 313.4813210028316, 986.6865023613999, 741.4150517628527, 1061.700558736399, 406.3033617368157, 328.64245389598415, 662.0086122352352, 797.4514045787042, 451.26423888938467, 353.61708260660987], "overtime": [false, false, false, false, false, true, false, true, false, false, false, false, false, false, false, false, false, false, false, false, false, false, true, false, false, false, false, false, false, false, false, false, false, false, false, false, false, false, false, false, false, false, false, false, false, false, false, false, false, false, false, false, false, false, false, false, true, false, true, true, false, false, false, false, false, false, false, false, false, false, true, false, false, false, false, false, false, true, true, false, true, false, false, false, true, false, true, false, false, true, true, true, true, true, false, true, true, true, true, true, true], "really_average_reduce_rate": 0.4102783407999981, "greedy_cost": 1294.498758557802, "greedy_overtime": false, "algo": "ppo"}