{"reward": [-1357.8117757149873, -1324.6116230417501, -1311.5342850059183, -1327.9205701213791, -1315.6321287141836, -1282.7390325051363, -1247.1707674040176, -1251.856274062516, -1289.0926828000227, -1327.0887020814707, -1293.3082208739038, -1237.744888284532, -1365.5704959206194, -1284.964919761288, -1285.1006447502416, -1237.1442277730905, -1268.5742033681179, -1289.8670575154847, -1235.7770271433608, -1279.7726897068785, -1315.034202646296, -1280.0610156003474, -1351.2333192792257, -1296.7291524838654, -1265.7681424985265, -1238.4331359208472, -409.22940413188184, -1304.715420365995, -1271.0137010163714, -434.2677981429825, -538.531737591913, -1230.7054292022062, -1289.223638648885, -1266.822732293773, -1234.8461212470384, -1294.5658775628258, -1254.8604269904731, -1254.017820888292, -1184.567382661477, -1305.4418285871943, -1243.605263779015, -1226.74009247643, -1245.5996274562922, -414.6943793342262, -552.7673626707776, -438.3408990843035, -1275.1044140074484, -1145.9220513291373, -1250.1112340563066, -1144.035549330283, -1168.6058877508158, -967.8355707801319, -426.1317956557497, -1232.6627913926634, -1227.7048201615646, -1179.9101836236375, -427.6317360022384, -411.97228840962043, -1191.5265880980808, -1211.8992493887524, -1182.2164733872003, -366.89486770817075, -1176.131134970821, -1244.691033892343, -1174.0134420756995, -1204.8392592086172, -877.7492810845281, -1179.13858598195, -578.9798922374939, -1195.1325225472635, -1144.0856718936652, -1141.6345429039088, -1141.4478923806078, -1174.9852979932725, -1188.745900135301, -739.1680594927353, -1177.065139488587, -551.0297644326372, -1087.0582946485843, -727.8432648923153, -751.8557476871458, -879.1896772637677, -1162.016182178929, -369.37358578947374, -681.0082124689591, -491.3541334013641, -387.720331605384, -688.8801182824556, -1022.7822450343895], "cost": [1357.8117757149873, 1324.6116230417501, 1311.5342850059183, 1327.9205701213791, 1315.6321287141836, 1282.7390325051363, 1247.1707674040176, 1251.856274062516, 1289.0926828000227, 1327.0887020814707, 1293.3082208739038, 1237.744888284532, 1365.5704959206194, 1284.964919761288, 1285.1006447502416, 1237.1442277730905, 1268.5742033681179, 1289.8670575154847, 1235.7770271433608, 1279.7726897068785, 1315.034202646296, 1280.0610156003474, 1351.2333192792257, 1296.7291524838654, 1265.7681424985265, 1238.4331359208472, 409.22940413188184, 1304.715420365995, 1271.0137010163714, 434.2677981429825, 538.531737591913, 1230.7054292022062, 1289.223638648885, 1266.822732293773, 1234.8461212470384, 1294.5658775628258, 1254.8604269904731, 1254.017820888292, 1184.567382661477, 1305.4418285871943, 1243.605263779015, 1226.74009247643, 1245.5996274562922, 414.6943793342262, 552.7673626707776, 438.3408990843035, 1275.1044140074484, 1145.9220513291373, 1250.1112340563066, 1144.035549330283, 1168.6058877508158, 967.8355707801319, 426.1317956557497, 1232.6627913926634, 1227.7048201615646, 1179.9101836236375, 427.6317360022384, 411.97228840962043, 1191.5265880980808, 1211.8992493887524, 1182.2164733872003, 366.89486770817075, 1176.131134970821, 1244.691033892343, 1174.0134420756995, 1204.8392592086172, 877.7492810845281, 1179.13858598195, 578.9798922374939, 1195.1325225472635, 1144.0856718936652, 1141.6345429039088, 1141.4478923806078, 1174.9852979932725, 1188.745900135301, 739.1680594927353, 1177.065139488587, 551.0297644326372, 1087.0582946485843, 727.8432648923153, 751.8557476871458, 879.1896772637677, 1162.016182178929, 369.37358578947374, 681.0082124689591, 491.3541334013641, 387.720331605384, 688.8801182824556, 1022.7822450343895], "overtime": [false, false, false, false, false, false, false, false, false, false, false, false, false, false, false, false, false, false, false, false, false, false, false, false, false, false, true, false, false, true, true, false, false, false, false, false, false, false, false, false, false, false, false, true, true, true, false, true, false, false, false, true, true, false, false, false, true, true, false, false, false, true, false, false, false, false, true, false, true, false, false, false, false, false, false, true, false, true, false, true, true, true, false, true, true, true, true, true, true], "really_average_reduce_rate": 0.4102783407999981, "greedy_cost": 1294.498758557802, "greedy_overtime": false, "algo": "ppo"}