{"reward": [-1304.0644382038345, -1281.9163539176432, -1317.44760405385, -1310.44492705048, -1320.3201482199318, -1339.4697138719166, -1358.0944645681977, -1357.2513286250173, -1298.237670897673, -1282.0123133791885, -1327.7069514302912, -1291.1106978656162, -1274.8502836007524, -1303.9678950430928, -1290.758365746652, -1292.0918861200464, -1341.8621123218352, -1294.4889615839727, -1285.0798772916758, -1269.7324058138668, -1256.7581308149267, -1278.007037462005, -1261.7980229118182, -1336.932742593856, -381.79487521702396, -1282.702162542753, -1214.7124816483904, -1285.5573237893823, -1272.0527863318944, -1230.9211577917813, -1223.1588185530254, -1248.6883007052265, -1298.9565900703983, -1310.034620466279, -1227.6416464909257, -1015.921558387065, -756.4654130964815, -1281.970982153285, -1287.899559552586, -1246.9772395087311, -1250.1137496307865, -1171.281934064943, -1148.2293241057637, -469.1596658005845, -1206.7597888579965, -1216.2136256379356, -1300.0997724975362, -1213.8987050226417, -1201.522472351622, -600.8961218875928, -1196.3427556323259, -1202.065351629853, -1196.667238143617, -1112.5664551478435, -1118.617936476999, -517.2163543083612, -1216.5253613721025, -1108.7135585436688, -1031.207231477658, -1147.760490938658, -1097.258013910791, -1230.1869099663195, -1190.7796922248046, -1184.6559811778639, -1193.49389032877, -1146.3320145569087, -1191.8020182840523, -1246.0193753274143, -1247.5216211688041, -1149.9528112561622, -757.7787836002083, -908.9712462946679, -915.9577738460056, -1124.9256600762249, -350.90129291635935, -907.5307348209615, -899.1368419896711, -340.80152393194845, -1100.3807882910128, -794.2385160540322], "cost": [1304.0644382038345, 1281.9163539176432, 1317.44760405385, 1310.44492705048, 1320.3201482199318, 1339.4697138719166, 1358.0944645681977, 1357.2513286250173, 1298.237670897673, 1282.0123133791885, 1327.7069514302912, 1291.1106978656162, 1274.8502836007524, 1303.9678950430928, 1290.758365746652, 1292.0918861200464, 1341.8621123218352, 1294.4889615839727, 1285.0798772916758, 1269.7324058138668, 1256.7581308149267, 1278.007037462005, 1261.7980229118182, 1336.932742593856, 381.79487521702396, 1282.702162542753, 1214.7124816483904, 1285.5573237893823, 1272.0527863318944, 1230.9211577917813, 1223.1588185530254, 1248.6883007052265, 1298.9565900703983, 1310.034620466279, 1227.6416464909257, 1015.921558387065, 756.4654130964815, 1281.970982153285, 1287.899559552586, 1246.9772395087311, 1250.1137496307865, 1171.281934064943, 1148.2293241057637, 469.1596658005845, 1206.7597888579965, 1216.2136256379356, 1300.0997724975362, 1213.8987050226417, 1201.522472351622, 600.8961218875928, 1196.3427556323259, 1202.065351629853, 1196.667238143617, 1112.5664551478435, 1118.617936476999, 517.2163543083612, 1216.5253613721025, 1108.7135585436688, 1031.207231477658, 1147.760490938658, 1097.258013910791, 1230.1869099663195, 1190.7796922248046, 1184.6559811778639, 1193.49389032877, 1146.3320145569087, 1191.8020182840523, 1246.0193753274143, 1247.5216211688041, 1149.9528112561622, 757.7787836002083, 908.9712462946679, 915.9577738460056, 1124.9256600762249, 350.90129291635935, 907.5307348209615, 899.1368419896711, 340.80152393194845, 1100.3807882910128, 794.2385160540322], "overtime": [false, false, false, false, false, false, false, false, false, false, false, false, false, false, false, false, false, false, false, false, false, false, false, false, true, false, false, false, false, false, false, false, false, false, false, true, true, false, false, false, false, false, false, true, false, false, false, true, false, true, false, false, false, false, true, true, false, false, true, false, false, false, false, false, false, false, false, false, false, false, true, true, true, false, true, true, true, true, true, true], "really_average_reduce_rate": 0.4102783407999981, "greedy_cost": 1294.498758557802, "greedy_overtime": false, "algo": "ppo"}