{"reward": [-1250.3566933395523, -1316.347368985489, -1331.4128981706122, -1314.3075491745856, -1364.6098066410425, -1307.3699916154985, -1335.1120701630412, -1268.1767398046143, -1247.3890622049184, -372.33543298185776, -1266.9972532796578, -1265.2128716171062, -1343.1436675394511, -1270.937464154726, -1305.8294470037047, -1274.6462565015906, -1307.3002767507073, -1281.633288295427, -1303.6931472968033, -1287.0304832077022, -1259.7519709086237, -1221.2766590318547, -1280.3493709529096, -1281.7743890720424, -1256.9983946465602, -1318.0075240622268, -1274.1396099992276, -1187.9835831721866, -1207.052171793636, -1251.5220692782284, -1276.1519724326115, -1297.7045520905494, -1236.2298730349628, -1273.9781200057917, -1316.854167878534, -1246.0009067336184, -1211.9184114305572, -1212.1916246431686, -1192.4589949470296, -1215.8788039553353, -1283.4789974591515, -1238.7380106737373, -1264.6643066045733, -1200.2728705187224, -1240.400862742942, -1201.986419818206, -1168.4586261305576, -1222.012606622828, -1104.676605118094, -385.6181195501052, -358.8006983176618, -413.5179903444368, -1135.434442882463, -1095.705413111383, -1133.9459256063585, -337.8474497267326, -1136.1015954582294, -1100.153103566328, -1050.7925453940024, -1009.1231685999967, -1071.2735056446209, -743.7871692996838, -980.6306376755329, -446.23330560768943, -983.0176986704575, -901.4404211974139, -1003.5634767854214, -310.143208442293, -339.12869853371745, -701.5293364231195, -327.6597674743364, -1079.9804051164253, -655.4280432106184, -324.3963787891901, -407.94494993496704, -400.23711906331573, -313.0012369495907, -382.54340955780805], "cost": [1250.3566933395523, 1316.347368985489, 1331.4128981706122, 1314.3075491745856, 1364.6098066410425, 1307.3699916154985, 1335.1120701630412, 1268.1767398046143, 1247.3890622049184, 372.33543298185776, 1266.9972532796578, 1265.2128716171062, 1343.1436675394511, 1270.937464154726, 1305.8294470037047, 1274.6462565015906, 1307.3002767507073, 1281.633288295427, 1303.6931472968033, 1287.0304832077022, 1259.7519709086237, 1221.2766590318547, 1280.3493709529096, 1281.7743890720424, 1256.9983946465602, 1318.0075240622268, 1274.1396099992276, 1187.9835831721866, 1207.052171793636, 1251.5220692782284, 1276.1519724326115, 1297.7045520905494, 1236.2298730349628, 1273.9781200057917, 1316.854167878534, 1246.0009067336184, 1211.9184114305572, 1212.1916246431686, 1192.4589949470296, 1215.8788039553353, 1283.4789974591515, 1238.7380106737373, 1264.6643066045733, 1200.2728705187224, 1240.400862742942, 1201.986419818206, 1168.4586261305576, 1222.012606622828, 1104.676605118094, 385.6181195501052, 358.8006983176618, 413.5179903444368, 1135.434442882463, 1095.705413111383, 1133.9459256063585, 337.8474497267326, 1136.1015954582294, 1100.153103566328, 1050.7925453940024, 1009.1231685999967, 1071.2735056446209, 743.7871692996838, 980.6306376755329, 446.23330560768943, 983.0176986704575, 901.4404211974139, 1003.5634767854214, 310.143208442293, 339.12869853371745, 701.5293364231195, 327.6597674743364, 1079.9804051164253, 655.4280432106184, 324.3963787891901, 407.94494993496704, 400.23711906331573, 313.0012369495907, 382.54340955780805], "overtime": [true, false, false, false, false, false, false, false, false, true, false, false, false, false, false, false, false, false, false, false, false, false, false, false, false, false, false, true, true, false, false, false, false, false, false, false, false, false, true, false, false, false, false, false, false, false, false, false, false, true, true, true, false, false, false, true, true, false, true, false, false, true, true, true, true, true, false, true, true, true, true, false, true, true, true, true, true, true], "really_average_reduce_rate": 0.4102783407999981, "greedy_cost": 1294.498758557802, "greedy_overtime": false, "algo": "ppo"}