{"reward": [-1338.7228950104393, -1389.3386660358683, -1287.0448558796759, -1342.367877173079, -1248.6059507811815, -1290.0029427107972, -1307.8125574496662, -1298.3822851101488, -1330.7834656020154, -1315.9769935635563, -1310.9459671626616, -1305.477320760191, -1301.9276873347717, -1221.085632666032, -1305.0044582253136, -1292.646347374739, -1369.7435554588399, -839.7249889172982, -1320.0806684615, -1312.0607018098235, -1316.3524272468123, -1296.519199885167, -1324.2025093038376, -1287.5181797134132, -1247.9603802196962, -1249.0377095018787, -1296.2913482491297, -1201.0971890233081, -1225.130373271657, -1210.2910484631082, -1256.0222133043967, -1192.2747698576372, -1228.9081814217284, -1250.3548085932246, -856.5100758091259, -1271.894542718381, -1303.937073736591, -1262.4369010270477, -1279.1585756090471, -490.48314817138015, -1266.6071355868037, -1237.1701982440618, -1208.293452973673, -1189.7595209674073, -1226.4913380130376, -1181.3411660972695, -1202.6871532927635, -1232.5779499791565, -533.186939452598, -1171.8846745115704, -1188.0163522509486, -1169.7503278200882, -1121.6845288452785, -1138.9706578251157, -766.6067781991507, -1170.9441029810898, -1154.590275721587, -1142.7965495331766, -412.4682713958341, -1126.802164811454, -1146.3338001170284, -884.3683824499973, -505.2061837132553, -512.5707897081227, -905.2481347479858, -1152.5129677810517, -711.0660456871889, -337.7726993106026, -1099.3028024772275, -344.3404643187857, -1078.3926149622905, -355.0998002575152, -300.3976213629078, -383.21629034036755, -1059.6200257476698, -748.1303032662624, -734.6304376353881, -314.0158360800332, -311.21752357511775, -1019.0978243755168, -325.89323073342433, -948.4456344361226, -821.126428691354, -839.7172109972406, -822.4486863455267, -306.4746102600732], "cost": [1338.7228950104393, 1389.3386660358683, 1287.0448558796759, 1342.367877173079, 1248.6059507811815, 1290.0029427107972, 1307.8125574496662, 1298.3822851101488, 1330.7834656020154, 1315.9769935635563, 1310.9459671626616, 1305.477320760191, 1301.9276873347717, 1221.085632666032, 1305.0044582253136, 1292.646347374739, 1369.7435554588399, 839.7249889172982, 1320.0806684615, 1312.0607018098235, 1316.3524272468123, 1296.519199885167, 1324.2025093038376, 1287.5181797134132, 1247.9603802196962, 1249.0377095018787, 1296.2913482491297, 1201.0971890233081, 1225.130373271657, 1210.2910484631082, 1256.0222133043967, 1192.2747698576372, 1228.9081814217284, 1250.3548085932246, 856.5100758091259, 1271.894542718381, 1303.937073736591, 1262.4369010270477, 1279.1585756090471, 490.48314817138015, 1266.6071355868037, 1237.1701982440618, 1208.293452973673, 1189.7595209674073, 1226.4913380130376, 1181.3411660972695, 1202.6871532927635, 1232.5779499791565, 533.186939452598, 1171.8846745115704, 1188.0163522509486, 1169.7503278200882, 1121.6845288452785, 1138.9706578251157, 766.6067781991507, 1170.9441029810898, 1154.590275721587, 1142.7965495331766, 412.4682713958341, 1126.802164811454, 1146.3338001170284, 884.3683824499973, 505.2061837132553, 512.5707897081227, 905.2481347479858, 1152.5129677810517, 711.0660456871889, 337.7726993106026, 1099.3028024772275, 344.3404643187857, 1078.3926149622905, 355.0998002575152, 300.3976213629078, 383.21629034036755, 1059.6200257476698, 748.1303032662624, 734.6304376353881, 314.0158360800332, 311.21752357511775, 1019.0978243755168, 325.89323073342433, 948.4456344361226, 821.126428691354, 839.7172109972406, 822.4486863455267, 306.4746102600732], "overtime": [false, false, false, false, false, true, false, false, false, false, false, false, true, false, false, false, false, true, false, false, false, false, false, false, false, false, false, true, false, false, false, false, false, false, true, false, false, false, false, true, false, false, false, false, false, false, false, false, true, false, false, false, true, false, true, false, false, false, true, false, false, true, true, true, true, false, true, true, false, true, true, true, true, true, false, true, true, true, true, false, true, true, true, true, true, true], "really_average_reduce_rate": 0.4102783407999981, "greedy_cost": 1294.498758557802, "greedy_overtime": false, "algo": "ppo"}