{"reward": [-1189.231107557658, -1244.0935803521243, -1302.7172194059945, -1260.1225025321257, -1252.1522824365077, -1274.4104731177722, -1184.9882647448683, -551.510601991927, -1229.4714181535692, -419.2656114676967, -1208.1126255989352, -1273.4307557391098, -1012.1201751255616, -1175.9401371208492, -512.7088008338585, -1174.5474397100595, -798.1697420008105, -1219.7046212153227, -1165.817815718594, -1221.3970980495767, -1177.3879280705837, -1143.1590652020275, -1314.496811546767, -777.8111276834453, -424.1042892594635, -1205.6532624699726, -377.0208995474221, -520.2202395656335, -1231.687195901656, -1154.7563861691206, -1248.0337493357706, -1261.2506596328226, -357.80929691261593, -1173.334073196752, -1225.3917534110224, -1169.6895796276715, -373.5194252265429, -1180.7413818153923, -500.3058843808061, -469.4429756043198, -833.9119255676212, -1218.2561652800252, -361.08957442640326, -312.15571389762664, -376.6695089165586, -813.3062052614513, -1096.280968204094, -802.9233611471575, -1066.88521308979, -1022.9073514611832, -497.1472452989404, -1151.5885856025664, -1137.2227246566488, -1100.5750452413215, -365.9204525723586, -1146.5336764695314, -776.7056532873116, -1067.5514523090235, -980.3608701057734, -273.5018868266977, -1042.7667687479773, -741.6863536121601, -1061.6230281512062, -1020.2237137167616, -463.9338837274165, -333.0980731636192, -476.27389701313325, -338.3283841325621, -406.37239095925344, -433.7883962170222], "cost": [1189.231107557658, 1244.0935803521243, 1302.7172194059945, 1260.1225025321257, 1252.1522824365077, 1274.4104731177722, 1184.9882647448683, 551.510601991927, 1229.4714181535692, 419.2656114676967, 1208.1126255989352, 1273.4307557391098, 1012.1201751255616, 1175.9401371208492, 512.7088008338585, 1174.5474397100595, 798.1697420008105, 1219.7046212153227, 1165.817815718594, 1221.3970980495767, 1177.3879280705837, 1143.1590652020275, 1314.496811546767, 777.8111276834453, 424.1042892594635, 1205.6532624699726, 377.0208995474221, 520.2202395656335, 1231.687195901656, 1154.7563861691206, 1248.0337493357706, 1261.2506596328226, 357.80929691261593, 1173.334073196752, 1225.3917534110224, 1169.6895796276715, 373.5194252265429, 1180.7413818153923, 500.3058843808061, 469.4429756043198, 833.9119255676212, 1218.2561652800252, 361.08957442640326, 312.15571389762664, 376.6695089165586, 813.3062052614513, 1096.280968204094, 802.9233611471575, 1066.88521308979, 1022.9073514611832, 497.1472452989404, 1151.5885856025664, 1137.2227246566488, 1100.5750452413215, 365.9204525723586, 1146.5336764695314, 776.7056532873116, 1067.5514523090235, 980.3608701057734, 273.5018868266977, 1042.7667687479773, 741.6863536121601, 1061.6230281512062, 1020.2237137167616, 463.9338837274165, 333.0980731636192, 476.27389701313325, 338.3283841325621, 406.37239095925344, 433.7883962170222], "overtime": [false, false, false, false, false, false, false, true, false, true, false, false, true, false, true, false, true, false, false, false, false, false, false, true, true, false, true, true, false, false, false, false, true, false, false, false, true, false, true, true, true, false, true, true, true, true, false, true, true, true, true, false, false, true, true, false, true, false, false, true, false, true, true, false, true, true, true, true, true, true], "really_average_reduce_rate": 0.4102783407999981, "greedy_cost": 1294.498758557802, "greedy_overtime": false, "algo": "ppo"}