{"reward": [-1226.424779097922, -1260.0468122650866, -1251.4632765496606, -1318.3271605649772, -1212.5009131748784, -1277.8081390986683, -1206.3884247730387, -1208.1901260108966, -1215.2088300858254, -1220.0331740095737, -1285.2877961578224, -1256.6616162536477, -1189.7091121860215, -1225.0714900922399, -1225.3806649188507, -1228.8830194662887, -1232.118853608044, -1232.5531457271054, -1197.5205731251183, -1150.2560280186956, -1111.6220729795184, -1182.2875624768064, -1237.8993195677083, -1188.553570797462, -1179.3713149939656, -392.2598598449676, -1218.5706563459426, -1149.4423655467292, -389.028489545593, -1166.1618911658786, -403.3737335417512, -1219.763584423307, -1234.7222011970543, -1217.6174529650991, -1205.1826124053543, -1155.4416952712545, -351.76208850974206, -1166.8748316674864, -1178.1890061795523, -756.9228855629257, -489.0080793878995, -911.1287484936598, -342.3042514095828, -1043.0237639717384, -910.4786302257334], "cost": [1226.424779097922, 1260.0468122650866, 1251.4632765496606, 1318.3271605649772, 1212.5009131748784, 1277.8081390986683, 1206.3884247730387, 1208.1901260108966, 1215.2088300858254, 1220.0331740095737, 1285.2877961578224, 1256.6616162536477, 1189.7091121860215, 1225.0714900922399, 1225.3806649188507, 1228.8830194662887, 1232.118853608044, 1232.5531457271054, 1197.5205731251183, 1150.2560280186956, 1111.6220729795184, 1182.2875624768064, 1237.8993195677083, 1188.553570797462, 1179.3713149939656, 392.2598598449676, 1218.5706563459426, 1149.4423655467292, 389.028489545593, 1166.1618911658786, 403.3737335417512, 1219.763584423307, 1234.7222011970543, 1217.6174529650991, 1205.1826124053543, 1155.4416952712545, 351.76208850974206, 1166.8748316674864, 1178.1890061795523, 756.9228855629257, 489.0080793878995, 911.1287484936598, 342.3042514095828, 1043.0237639717384, 910.4786302257334], "overtime": [false, false, false, false, false, false, false, false, false, false, false, false, false, false, false, false, false, false, false, false, true, false, false, false, false, true, false, false, true, false, true, false, false, false, false, false, true, false, false, true, true, true, true, true, true], "really_average_reduce_rate": 0.4102783407999981, "greedy_cost": 1294.498758557802, "greedy_overtime": false, "algo": "ppo"}