{"reward": [-1298.6281588641643, -426.06317463259194, -872.4092536756026, -1241.3673634248598, -1272.3433058311136, -1242.4123612732064, -1231.8828540934344, -1160.310793508189, -1279.0463837653679, -1291.4159210991015, -1235.266510828873, -1282.6717122939972, -333.3609964466558, -1130.026431759968, -1116.892474930277, -1174.2078078554462, -1144.5239550575989, -1181.1810493130986, -765.7479687949357, -1139.829246474458, -1147.630037472378, -1203.1527817892652, -318.1603737336677, -1112.2778975415135, -1111.0564019285512, -1156.6021088667212, -1124.0306473165833, -1149.8523716641778, -1235.1176277664763, -1145.8007397315744, -1107.9415253634286, -473.8886313688942, -1132.7894939954297, -462.34189757307996, -1124.381020337706, -1076.9084652053746, -377.6427856509571, -1048.151368492357, -391.67638082583426, -1080.9456287166663, -1153.9228018345398, -1162.9452328174284, -1143.4930519788336, -1108.6180369739138, -742.4695744380448, -749.0033334387741, -381.91917134119205, -1104.3354718122262, -1047.4015708291251, -339.3770500211326, -685.1980641478018, -518.2769453170056, -1137.7991526778314, -1032.642452434636, -294.4127390869614, -1081.3592187729935, -355.1383260374609, -661.0974427677969, -728.0024176923175, -1041.0437059669468], "cost": [1298.6281588641643, 426.06317463259194, 872.4092536756026, 1241.3673634248598, 1272.3433058311136, 1242.4123612732064, 1231.8828540934344, 1160.310793508189, 1279.0463837653679, 1291.4159210991015, 1235.266510828873, 1282.6717122939972, 333.3609964466558, 1130.026431759968, 1116.892474930277, 1174.2078078554462, 1144.5239550575989, 1181.1810493130986, 765.7479687949357, 1139.829246474458, 1147.630037472378, 1203.1527817892652, 318.1603737336677, 1112.2778975415135, 1111.0564019285512, 1156.6021088667212, 1124.0306473165833, 1149.8523716641778, 1235.1176277664763, 1145.8007397315744, 1107.9415253634286, 473.8886313688942, 1132.7894939954297, 462.34189757307996, 1124.381020337706, 1076.9084652053746, 377.6427856509571, 1048.151368492357, 391.67638082583426, 1080.9456287166663, 1153.9228018345398, 1162.9452328174284, 1143.4930519788336, 1108.6180369739138, 742.4695744380448, 749.0033334387741, 381.91917134119205, 1104.3354718122262, 1047.4015708291251, 339.3770500211326, 685.1980641478018, 518.2769453170056, 1137.7991526778314, 1032.642452434636, 294.4127390869614, 1081.3592187729935, 355.1383260374609, 661.0974427677969, 728.0024176923175, 1041.0437059669468], "overtime": [false, true, true, false, false, false, false, false, false, false, false, false, true, false, true, false, false, false, true, false, false, false, true, false, false, false, false, false, false, false, true, true, false, true, false, false, true, false, true, false, false, false, false, false, true, true, true, false, false, true, true, true, true, false, true, true, true, true, true, true], "really_average_reduce_rate": 0.4102783407999981, "greedy_cost": 1294.498758557802, "greedy_overtime": false, "algo": "ppo"}