{"reward": [-1384.9328245099173, -1359.8578642619962, -1328.5884800517927, -1327.957028117897, -1336.9067315170269, -1307.5837562975476, -1317.5053020194168, -1327.6595602753289, -1274.4817680255976, -1321.5017637563026, -1301.3879117290676, -1275.865148083223, -1324.0724155774055, -1321.0660647702489, -1328.3004387731762, -1327.3225193846126, -1312.8871700174268, -1333.6853983173148, -1223.6629975266937, -1248.3902885661364, -1224.8107014390164, -1162.6653615722523, -1282.6230836421619, -1320.3441055061107, -1286.1939459588934, -1302.123990695467, -1289.1884904036478, -1274.9563654795566, -1344.7445881293527, -1271.286379899232, -1223.667871563686, -399.6816884937137, -1273.3396304515654, -1284.7042366431099, -1331.0952045889562, -1257.7584075041573, -1320.052289386792, -812.9092481182789, -1359.2855540945468, -1314.3394372084924, -1311.8857380060206, -1244.7635356314295, -1260.0404064424333, -1280.2026183704843, -1307.5593483763, -1241.9797901263644, -895.8855353737993, -847.2750861068628, -1239.9101592990196, -1200.436253962228, -1255.0101217764422, -1248.5991120668036, -1240.7152468065267, -1253.6573495412606, -1173.1825058431546, -1228.7895851158812, -1243.6090616021863, -1174.964237441448, -1192.5868878633246, -1247.4113665228983, -1177.3632811892032, -1233.3177505495025, -1123.4309699684936, -1234.6303264463131, -1191.5717601801637, -1210.5189571022788, -1193.2830526837702, -396.259996999623, -1182.0857739844073, -369.78234587804417, -1110.9315026460122, -1129.1309098765996, -1147.47658262344, -1121.909137068903, -406.85226852348063, -723.1537654454727, -1150.2603326476262, -514.377300986331, -794.0808719900621, -784.117912240708, -1120.8278454414933, -1068.903120417659, -877.6842963732869, -898.9768537072459, -1166.247871861578, -1168.8234373513237, -655.9287938759846, -339.3776299790199, -1129.7670878666636, -330.33303524033164, -1151.4724655925663, -437.9259994624181, -1139.100919601051, -1145.1471627142835, -772.1864523362831, -1053.2705629265217, -806.8806512151281, -1022.7640896065807, -1180.2585792401978, -1150.758891703337, -1039.403593626721, -1076.3896388800806, -1068.3195332011394, -825.696478830147, -369.7175976463686, -1023.619204150904, -741.7354713021118, -703.8685743577497, -780.4991481924059], "cost": [1384.9328245099173, 1359.8578642619962, 1328.5884800517927, 1327.957028117897, 1336.9067315170269, 1307.5837562975476, 1317.5053020194168, 1327.6595602753289, 1274.4817680255976, 1321.5017637563026, 1301.3879117290676, 1275.865148083223, 1324.0724155774055, 1321.0660647702489, 1328.3004387731762, 1327.3225193846126, 1312.8871700174268, 1333.6853983173148, 1223.6629975266937, 1248.3902885661364, 1224.8107014390164, 1162.6653615722523, 1282.6230836421619, 1320.3441055061107, 1286.1939459588934, 1302.123990695467, 1289.1884904036478, 1274.9563654795566, 1344.7445881293527, 1271.286379899232, 1223.667871563686, 399.6816884937137, 1273.3396304515654, 1284.7042366431099, 1331.0952045889562, 1257.7584075041573, 1320.052289386792, 812.9092481182789, 1359.2855540945468, 1314.3394372084924, 1311.8857380060206, 1244.7635356314295, 1260.0404064424333, 1280.2026183704843, 1307.5593483763, 1241.9797901263644, 895.8855353737993, 847.2750861068628, 1239.9101592990196, 1200.436253962228, 1255.0101217764422, 1248.5991120668036, 1240.7152468065267, 1253.6573495412606, 1173.1825058431546, 1228.7895851158812, 1243.6090616021863, 1174.964237441448, 1192.5868878633246, 1247.4113665228983, 1177.3632811892032, 1233.3177505495025, 1123.4309699684936, 1234.6303264463131, 1191.5717601801637, 1210.5189571022788, 1193.2830526837702, 396.259996999623, 1182.0857739844073, 369.78234587804417, 1110.9315026460122, 1129.1309098765996, 1147.47658262344, 1121.909137068903, 406.85226852348063, 723.1537654454727, 1150.2603326476262, 514.377300986331, 794.0808719900621, 784.117912240708, 1120.8278454414933, 1068.903120417659, 877.6842963732869, 898.9768537072459, 1166.247871861578, 1168.8234373513237, 655.9287938759846, 339.3776299790199, 1129.7670878666636, 330.33303524033164, 1151.4724655925663, 437.9259994624181, 1139.100919601051, 1145.1471627142835, 772.1864523362831, 1053.2705629265217, 806.8806512151281, 1022.7640896065807, 1180.2585792401978, 1150.758891703337, 1039.403593626721, 1076.3896388800806, 1068.3195332011394, 825.696478830147, 369.7175976463686, 1023.619204150904, 741.7354713021118, 703.8685743577497, 780.4991481924059], "overtime": [false, false, false, false, false, false, false, false, false, false, false, false, false, false, false, false, false, false, false, false, false, false, false, false, false, false, false, false, false, false, false, true, false, false, false, false, false, true, false, false, false, false, false, false, false, false, true, true, false, false, false, false, false, false, true, false, false, false, false, false, false, false, true, false, false, false, false, true, false, true, false, false, false, true, true, true, false, true, true, true, false, false, true, true, false, false, true, true, false, true, false, true, false, false, true, true, true, true, false, false, true, false, false, true, true, true, true, true, true], "really_average_reduce_rate": 0.4102783407999981, "greedy_cost": 1294.498758557802, "greedy_overtime": false, "algo": "ppo"}