{"reward": [-1487.9412243891422, -1595.1416399423222, -1525.036246193191, -1506.6051279440705, -491.576509945821, -951.737088649682, -1458.6044907960022, -1455.1772936387829, -1510.9126450687736, -1518.2493961328823, -1434.9385580136818, -1480.4854890332551, -1479.698167867139, -1512.4955187779572, -1428.8594697682845, -1466.0456075479747, -1428.2747313765447, -1477.1278457685291, -1477.3854612727469, -1480.8615703215917, -1431.8713422866072, -923.5767795996359, -1471.7048036277863, -1487.9814837208398, -1350.0566364990366, -1421.7276400605697, -475.46424694757883, -1402.2162213296635, -1357.9418469940126, -1511.9847220945458, -1448.0302092582372, -1396.702590460377, -1380.0996376059302, -1412.5208892731837, -1368.413343551624, -1352.6739882926827, -1367.3673598107046, -1337.14240953614, -1426.342178448262, -893.1485518530935, -1355.307031738154, -1320.9502573830725, -1343.480684414478, -1429.7543765043195, -1311.6283143479193, -1371.072998247994, -532.0392792249469, -424.3562796635086, -1361.170446861619, -901.4107365791399, -1455.3851230205871, -564.3416011493282, -1326.045043464145, -1346.3942471354926, -1284.030788120162, -529.7393019026612, -844.0063957563218, -1340.197574577229, -1285.398583112237, -1302.5780322994383, -470.8551649822854, -1196.6044121536243, -1040.5310988328974, -835.0032942252877, -559.4048546849009, -417.9258585524091], "cost": [1487.9412243891422, 1595.1416399423222, 1525.036246193191, 1506.6051279440705, 491.576509945821, 951.737088649682, 1458.6044907960022, 1455.1772936387829, 1510.9126450687736, 1518.2493961328823, 1434.9385580136818, 1480.4854890332551, 1479.698167867139, 1512.4955187779572, 1428.8594697682845, 1466.0456075479747, 1428.2747313765447, 1477.1278457685291, 1477.3854612727469, 1480.8615703215917, 1431.8713422866072, 923.5767795996359, 1471.7048036277863, 1487.9814837208398, 1350.0566364990366, 1421.7276400605697, 475.46424694757883, 1402.2162213296635, 1357.9418469940126, 1511.9847220945458, 1448.0302092582372, 1396.702590460377, 1380.0996376059302, 1412.5208892731837, 1368.413343551624, 1352.6739882926827, 1367.3673598107046, 1337.14240953614, 1426.342178448262, 893.1485518530935, 1355.307031738154, 1320.9502573830725, 1343.480684414478, 1429.7543765043195, 1311.6283143479193, 1371.072998247994, 532.0392792249469, 424.3562796635086, 1361.170446861619, 901.4107365791399, 1455.3851230205871, 564.3416011493282, 1326.045043464145, 1346.3942471354926, 1284.030788120162, 529.7393019026612, 844.0063957563218, 1340.197574577229, 1285.398583112237, 1302.5780322994383, 470.8551649822854, 1196.6044121536243, 1040.5310988328974, 835.0032942252877, 559.4048546849009, 417.9258585524091], "overtime": [false, false, false, false, true, true, false, false, false, false, false, false, false, false, false, false, false, false, false, false, false, true, false, false, false, false, true, false, false, false, false, false, false, false, false, false, false, false, false, true, false, true, false, false, false, false, true, true, false, true, false, true, false, false, false, true, true, false, false, false, true, true, true, true, true, true], "really_average_reduce_rate": 0.4200277180482062, "greedy_cost": 1477.7884874041388, "greedy_overtime": false, "algo": "ppo"}