{"reward": [-1578.6911064908752, -1552.1457389573015, -1583.3653940286865, -1511.3970214573203, -1491.572734540635, -1572.5009399716096, -1527.7555013329911, -1556.076688198605, -1473.699653553991, -1565.8849428237706, -1461.318965264298, -1493.5477671169122, -1543.0002674459022, -1566.2380059128725, -1513.1618619106064, -1487.5827825116833, -1475.2676956219977, -1446.1606678145192, -1497.8035001874064, -1512.9822577084328, -1530.6759890684013, -1464.0173189972809, -1490.7912241817542, -1502.2248149505353, -1515.1698093928308, -1434.7472881626898, -1474.3568454556168, -1415.158777200403, -1493.9085677611267, -1500.1657549593408, -1558.37490272386, -1450.5790898000362, -1453.7911094969422, -1427.1969861890373, -1481.7167631326154, -1412.5639530286192, -1475.2646688245425, -1467.857043528139, -1485.4813887567534, -1451.4257678402873, -1403.1081909907982, -990.2212979346415, -1445.1479367255517, -1416.3437969399977, -1444.3082413605332, -1386.1327681086866, -463.9537333904392, -1460.1097875766645, -1385.358179821652, -1392.4287994767728, -1410.3861944601776, -893.749981708293, -1350.544229063951, -1376.1774166166874, -1377.5882055341363, -1467.7629221988743, -1343.141254944643, -1397.8318479653637, -1404.028267927766, -443.5990084346105, -1350.0378508652573, -1439.7724755454522, -1400.860416329624, -1045.4858420162648, -1417.568386895452, -438.2057672191502, -563.4999827894567, -1398.837127817878, -1409.2481955788285, -1387.4528544446457, -1345.1288930125634, -1396.611495349659, -1302.6353218529002, -843.0114874781012, -1280.4622608953157, -544.183632575488, -1298.6525801163725, -992.4233355060215, -917.715638198107], "cost": [1578.6911064908752, 1552.1457389573015, 1583.3653940286865, 1511.3970214573203, 1491.572734540635, 1572.5009399716096, 1527.7555013329911, 1556.076688198605, 1473.699653553991, 1565.8849428237706, 1461.318965264298, 1493.5477671169122, 1543.0002674459022, 1566.2380059128725, 1513.1618619106064, 1487.5827825116833, 1475.2676956219977, 1446.1606678145192, 1497.8035001874064, 1512.9822577084328, 1530.6759890684013, 1464.0173189972809, 1490.7912241817542, 1502.2248149505353, 1515.1698093928308, 1434.7472881626898, 1474.3568454556168, 1415.158777200403, 1493.9085677611267, 1500.1657549593408, 1558.37490272386, 1450.5790898000362, 1453.7911094969422, 1427.1969861890373, 1481.7167631326154, 1412.5639530286192, 1475.2646688245425, 1467.857043528139, 1485.4813887567534, 1451.4257678402873, 1403.1081909907982, 990.2212979346415, 1445.1479367255517, 1416.3437969399977, 1444.3082413605332, 1386.1327681086866, 463.9537333904392, 1460.1097875766645, 1385.358179821652, 1392.4287994767728, 1410.3861944601776, 893.749981708293, 1350.544229063951, 1376.1774166166874, 1377.5882055341363, 1467.7629221988743, 1343.141254944643, 1397.8318479653637, 1404.028267927766, 443.5990084346105, 1350.0378508652573, 1439.7724755454522, 1400.860416329624, 1045.4858420162648, 1417.568386895452, 438.2057672191502, 563.4999827894567, 1398.837127817878, 1409.2481955788285, 1387.4528544446457, 1345.1288930125634, 1396.611495349659, 1302.6353218529002, 843.0114874781012, 1280.4622608953157, 544.183632575488, 1298.6525801163725, 992.4233355060215, 917.715638198107], "overtime": [false, false, false, false, false, false, false, false, false, false, false, false, false, false, false, false, false, false, false, false, false, false, false, false, false, false, false, false, false, false, false, false, false, false, false, false, false, false, false, false, false, true, false, false, true, false, true, false, false, true, true, true, true, false, false, false, false, false, false, true, false, false, false, true, false, true, true, false, false, false, false, false, false, true, true, true, true, true, true], "really_average_reduce_rate": 0.4200277180482062, "greedy_cost": 1477.7884874041388, "greedy_overtime": false, "algo": "ppo"}