{"reward": [-1557.0529074093802, -1486.0762552874446, -1530.9010289987746, -1521.221725363144, -1486.722492984263, -1428.0533235854748, -1364.0228455674558, -1436.0110251965468, -443.5395819902793, -1483.0975682029966, -1488.4677831042657, -1440.776425815542, -1429.135224856977, -1418.6431474528645, -1410.20822299649, -1518.3255858582252, -497.87915601820663, -1480.085082214754, -1446.637025325215, -1466.5663441797817, -1495.3173613017148, -1443.8842562986263, -1445.078625971294, -1456.1856630860552, -1467.4952670158823, -1388.1047120983346, -1426.804199393187, -1421.6817306010535, -1311.722373108389, -1420.8947358143796, -1430.2654876442816, -1400.5438575250482, -1344.142080559479, -1427.1419768659318, -1381.0017876402103, -1031.2307117370697, -1375.3875530579123, -1429.0200237594647, -1389.203244133069, -548.721650823252, -1347.3711908806215, -1391.5448526465048, -1365.0674828714311, -1365.1724985555463, -1392.3461205408717, -1393.8126375933457, -1349.8027412171195, -1352.609597373261, -1308.3252871873326, -1341.7553895836973, -1327.809932862641, -445.94598073516033, -548.5675480396301, -1266.5916524949575, -426.2337050538789, -1222.2466552307076, -1322.7224929191173, -441.00634405961233, -1338.5401662715908, -1214.0246386605309, -997.3691101574329, -345.8729193611257, -1266.127078968408, -1323.6204525010005, -1271.9024873357637, -863.5035620636954, -1167.7585397306177, -1286.9122316732255, -1167.493130677138, -829.7066147725377, -1057.0200719254829, -720.9339606363509, -874.772820285642, -1173.6496220044887, -550.4499632532151], "cost": [1557.0529074093802, 1486.0762552874446, 1530.9010289987746, 1521.221725363144, 1486.722492984263, 1428.0533235854748, 1364.0228455674558, 1436.0110251965468, 443.5395819902793, 1483.0975682029966, 1488.4677831042657, 1440.776425815542, 1429.135224856977, 1418.6431474528645, 1410.20822299649, 1518.3255858582252, 497.87915601820663, 1480.085082214754, 1446.637025325215, 1466.5663441797817, 1495.3173613017148, 1443.8842562986263, 1445.078625971294, 1456.1856630860552, 1467.4952670158823, 1388.1047120983346, 1426.804199393187, 1421.6817306010535, 1311.722373108389, 1420.8947358143796, 1430.2654876442816, 1400.5438575250482, 1344.142080559479, 1427.1419768659318, 1381.0017876402103, 1031.2307117370697, 1375.3875530579123, 1429.0200237594647, 1389.203244133069, 548.721650823252, 1347.3711908806215, 1391.5448526465048, 1365.0674828714311, 1365.1724985555463, 1392.3461205408717, 1393.8126375933457, 1349.8027412171195, 1352.609597373261, 1308.3252871873326, 1341.7553895836973, 1327.809932862641, 445.94598073516033, 548.5675480396301, 1266.5916524949575, 426.2337050538789, 1222.2466552307076, 1322.7224929191173, 441.00634405961233, 1338.5401662715908, 1214.0246386605309, 997.3691101574329, 345.8729193611257, 1266.127078968408, 1323.6204525010005, 1271.9024873357637, 863.5035620636954, 1167.7585397306177, 1286.9122316732255, 1167.493130677138, 829.7066147725377, 1057.0200719254829, 720.9339606363509, 874.772820285642, 1173.6496220044887, 550.4499632532151], "overtime": [false, false, false, false, false, false, true, false, true, false, false, false, false, true, false, false, true, false, false, false, false, false, false, true, false, false, false, false, false, false, false, false, false, false, false, true, false, false, false, true, false, false, true, false, false, false, false, false, false, false, false, true, true, false, true, false, false, true, false, true, true, true, true, false, true, true, false, false, false, true, true, true, true, true, true], "really_average_reduce_rate": 0.4200277180482062, "greedy_cost": 1477.7884874041388, "greedy_overtime": false, "algo": "ppo"}