{"reward": [-1000.0760442303856, -1540.9236218721976, -1444.149054786228, -1417.2246956806073, -1493.5660577497354, -492.46690202102985, -1509.6836392878552, -1513.2396064465865, -1514.5113841724774, -1456.3701324641154, -1549.9468820530085, -1430.660878324537, -1482.59775305967, -1444.9417032832287, -1442.5425094531295, -1506.3997496677828, -1535.939801884955, -1518.442631170237, -1479.9253265765963, -1483.6596500881292, -1459.1074579516899, -1514.9364940281032, -1457.2810268239589, -1483.5301442382024, -645.4527227217704, -1397.11429428285, -1474.557722862614, -1488.086234987034, -1445.2396124999877, -1485.0087209754445, -1450.6564066398328, -1481.5675759536032, -1504.6829500987192, -1377.4045110215156, -1397.0370559397252, -1487.130700062868, -1454.1401391529296, -1478.8170361300372, -1399.5811480714199, -1480.2360946913163, -1332.10385081687, -1410.1316912774926, -449.10708809931754, -935.8984044297873, -1434.619336053412, -1399.8326152946902, -438.8340384783874, -463.49573370503253, -1337.8773493240499, -1399.8852269670372, -447.8030215940064, -1396.2168551315272, -1389.0942262079568, -1392.494053015365, -1335.7778920084513, -459.9451042422091, -1351.803783468809, -1316.5903435194678, -1352.6222779506359, -431.13924042809754, -1342.4427424865878, -1384.0660708152682, -1253.8759808300242, -1010.3676272871346, -534.0592204179148, -1306.593314552307, -885.3594425559036, -1315.6738608964347, -1328.1069581932575, -933.4401500102874, -1141.2289262413044, -545.8163143993543, -1316.9001095298868, -403.18260074507447, -1286.0683368776372], "cost": [1000.0760442303856, 1540.9236218721976, 1444.149054786228, 1417.2246956806073, 1493.5660577497354, 492.46690202102985, 1509.6836392878552, 1513.2396064465865, 1514.5113841724774, 1456.3701324641154, 1549.9468820530085, 1430.660878324537, 1482.59775305967, 1444.9417032832287, 1442.5425094531295, 1506.3997496677828, 1535.939801884955, 1518.442631170237, 1479.9253265765963, 1483.6596500881292, 1459.1074579516899, 1514.9364940281032, 1457.2810268239589, 1483.5301442382024, 645.4527227217704, 1397.11429428285, 1474.557722862614, 1488.086234987034, 1445.2396124999877, 1485.0087209754445, 1450.6564066398328, 1481.5675759536032, 1504.6829500987192, 1377.4045110215156, 1397.0370559397252, 1487.130700062868, 1454.1401391529296, 1478.8170361300372, 1399.5811480714199, 1480.2360946913163, 1332.10385081687, 1410.1316912774926, 449.10708809931754, 935.8984044297873, 1434.619336053412, 1399.8326152946902, 438.8340384783874, 463.49573370503253, 1337.8773493240499, 1399.8852269670372, 447.8030215940064, 1396.2168551315272, 1389.0942262079568, 1392.494053015365, 1335.7778920084513, 459.9451042422091, 1351.803783468809, 1316.5903435194678, 1352.6222779506359, 431.13924042809754, 1342.4427424865878, 1384.0660708152682, 1253.8759808300242, 1010.3676272871346, 534.0592204179148, 1306.593314552307, 885.3594425559036, 1315.6738608964347, 1328.1069581932575, 933.4401500102874, 1141.2289262413044, 545.8163143993543, 1316.9001095298868, 403.18260074507447, 1286.0683368776372], "overtime": [true, false, false, false, true, true, false, false, false, false, false, false, false, false, false, false, false, false, false, false, false, false, false, false, true, false, false, false, false, false, false, false, false, false, false, false, false, false, false, false, true, false, true, true, false, false, true, true, true, false, true, false, false, false, false, true, false, true, false, true, false, false, false, true, true, false, true, false, false, true, true, true, true, true, true], "really_average_reduce_rate": 0.4200277180482062, "greedy_cost": 1477.7884874041388, "greedy_overtime": false, "algo": "ppo"}