{"reward": [-1550.6026870623891, -1562.9044228422736, -1504.5024058489971, -1496.0797009935984, -1468.952887429335, -1439.9531048616961, -1473.437347327126, -1544.1744695838638, -1479.3451681906542, -1450.0833962926079, -1558.4983878192027, -1502.6421770186164, -1470.3135544968861, -1461.424952179539, -1482.8547046496815, -1561.8005563697322, -1408.765958785555, -1460.7869982873, -1437.2119136944689, -472.57826019593506, -1453.6917153625473, -1495.6299849040067, -1396.33609454915, -1429.4540506423268, -1345.4715610757476, -1343.5625154103245, -1465.3877284261694, -1378.3416488144728, -1403.1081324945108, -1434.9580167268234, -1380.5002868228964, -569.4309230260089, -1375.4422205401115, -1363.6158636682944, -1424.707314884421, -467.53987431644447, -1436.9883038377482, -1366.2287585724805, -1424.8085742814928, -1360.8274220298415, -1351.5381729563053, -1355.439803985319, -436.3767930332571, -1300.3679595851713, -434.5433818366285, -1330.135121426041, -1324.4541915690627, -1343.9568371541236, -1318.8088845846237, -1259.7855164296277, -1325.6360465777193, -846.4929944152192, -1271.409743975187, -1276.3132530649568, -1291.4023828344327, -413.17179512344273, -423.2987448319605, -363.3512599144501, -1292.5491879695646, -528.7721224838866, -1166.8510562223282, -1309.8222349626749, -535.5402325558849, -544.2578013436498, -973.8721836330269, -521.76504149694, -1191.0504477151383, -418.20565333120527, -342.34616715633314, -751.4830072140221, -408.9828564674592, -1147.1490176764032, -720.1638873909502], "cost": [1550.6026870623891, 1562.9044228422736, 1504.5024058489971, 1496.0797009935984, 1468.952887429335, 1439.9531048616961, 1473.437347327126, 1544.1744695838638, 1479.3451681906542, 1450.0833962926079, 1558.4983878192027, 1502.6421770186164, 1470.3135544968861, 1461.424952179539, 1482.8547046496815, 1561.8005563697322, 1408.765958785555, 1460.7869982873, 1437.2119136944689, 472.57826019593506, 1453.6917153625473, 1495.6299849040067, 1396.33609454915, 1429.4540506423268, 1345.4715610757476, 1343.5625154103245, 1465.3877284261694, 1378.3416488144728, 1403.1081324945108, 1434.9580167268234, 1380.5002868228964, 569.4309230260089, 1375.4422205401115, 1363.6158636682944, 1424.707314884421, 467.53987431644447, 1436.9883038377482, 1366.2287585724805, 1424.8085742814928, 1360.8274220298415, 1351.5381729563053, 1355.439803985319, 436.3767930332571, 1300.3679595851713, 434.5433818366285, 1330.135121426041, 1324.4541915690627, 1343.9568371541236, 1318.8088845846237, 1259.7855164296277, 1325.6360465777193, 846.4929944152192, 1271.409743975187, 1276.3132530649568, 1291.4023828344327, 413.17179512344273, 423.2987448319605, 363.3512599144501, 1292.5491879695646, 528.7721224838866, 1166.8510562223282, 1309.8222349626749, 535.5402325558849, 544.2578013436498, 973.8721836330269, 521.76504149694, 1191.0504477151383, 418.20565333120527, 342.34616715633314, 751.4830072140221, 408.9828564674592, 1147.1490176764032, 720.1638873909502], "overtime": [false, false, false, false, false, false, false, false, false, false, false, false, false, false, false, false, false, false, false, true, false, false, false, false, false, false, false, false, false, false, false, true, false, false, false, true, false, false, false, false, false, false, true, true, true, false, true, false, false, false, false, true, false, false, false, true, true, true, false, true, false, false, true, true, true, true, false, true, true, true, true, true, true], "really_average_reduce_rate": 0.4200277180482062, "greedy_cost": 1477.7884874041388, "greedy_overtime": false, "algo": "ppo"}