{"reward": [-1463.6941806660973, -1487.1369079476688, -508.1523697503653, -1498.4036047145066, -1482.0709929078444, -1526.3149903056487, -1476.7263834969233, -1414.8128712551766, -1452.1792390592484, -1447.2533479767012, -1462.1753899799292, -1478.2324592218267, -1465.697746372363, -1466.59100513409, -1096.953265289562, -1402.0661227228122, -1421.4164323388238, -1447.54740311373, -1502.165360956928, -1422.7431073414818, -1359.3701457039917, -1377.2666597136763, -1399.1436858880054, -1406.2367902434153, -1431.6319976941027, -1406.0251624143407, -1424.9183528783183, -1398.521874673236, -1362.0689049213659, -1335.9403104102523, -1375.6597888512633, -1449.805222259481, -1381.591573076528, -1422.877267787353, -1411.086531201006, -1442.579786988823, -1388.0087417460982, -1348.5974721902792, -1383.1498735287596, -1359.6866075528596, -854.3153251387821, -1366.8260665362143, -592.6512412649299, -1001.53321961754, -1416.029991706126, -1374.9779836039245, -401.77690714788616, -1268.2011295900766, -1369.6243838918865, -549.2393744222635, -1298.3476871753583, -430.1350475381966, -1307.5106284373526, -1373.6357403244547, -1345.4485043221537, -1362.729729940323, -553.6753159549462, -1328.3913658748102, -1365.1275068626458, -1305.3660301213615, -1230.9808250491783, -406.1311230800394, -386.3394281521254, -1298.8086173701747, -853.0527111940362, -1294.7000452118923, -997.4733107048551, -873.9174439813565, -504.09933593294556, -979.6703982724059, -1291.3375019157395, -1278.015157044613, -440.04324727104023, -1233.2915035639783, -922.9178540963023, -514.7672851656098, -922.7496079104485, -378.2065101803744, -345.0702028144431, -781.6733918177334], "cost": [1463.6941806660973, 1487.1369079476688, 508.1523697503653, 1498.4036047145066, 1482.0709929078444, 1526.3149903056487, 1476.7263834969233, 1414.8128712551766, 1452.1792390592484, 1447.2533479767012, 1462.1753899799292, 1478.2324592218267, 1465.697746372363, 1466.59100513409, 1096.953265289562, 1402.0661227228122, 1421.4164323388238, 1447.54740311373, 1502.165360956928, 1422.7431073414818, 1359.3701457039917, 1377.2666597136763, 1399.1436858880054, 1406.2367902434153, 1431.6319976941027, 1406.0251624143407, 1424.9183528783183, 1398.521874673236, 1362.0689049213659, 1335.9403104102523, 1375.6597888512633, 1449.805222259481, 1381.591573076528, 1422.877267787353, 1411.086531201006, 1442.579786988823, 1388.0087417460982, 1348.5974721902792, 1383.1498735287596, 1359.6866075528596, 854.3153251387821, 1366.8260665362143, 592.6512412649299, 1001.53321961754, 1416.029991706126, 1374.9779836039245, 401.77690714788616, 1268.2011295900766, 1369.6243838918865, 549.2393744222635, 1298.3476871753583, 430.1350475381966, 1307.5106284373526, 1373.6357403244547, 1345.4485043221537, 1362.729729940323, 553.6753159549462, 1328.3913658748102, 1365.1275068626458, 1305.3660301213615, 1230.9808250491783, 406.1311230800394, 386.3394281521254, 1298.8086173701747, 853.0527111940362, 1294.7000452118923, 997.4733107048551, 873.9174439813565, 504.09933593294556, 979.6703982724059, 1291.3375019157395, 1278.015157044613, 440.04324727104023, 1233.2915035639783, 922.9178540963023, 514.7672851656098, 922.7496079104485, 378.2065101803744, 345.0702028144431, 781.6733918177334], "overtime": [false, false, true, false, false, false, false, true, false, false, false, false, false, false, true, true, false, false, false, false, false, false, false, false, false, false, false, false, false, false, true, false, false, false, false, false, false, false, false, false, true, false, true, true, false, true, true, false, false, true, false, true, false, false, false, false, true, false, false, false, false, true, true, false, true, false, true, true, true, true, false, false, true, false, true, true, true, true, true, true], "really_average_reduce_rate": 0.4200277180482062, "greedy_cost": 1477.7884874041388, "greedy_overtime": false, "algo": "ppo"}