{"reward": [-1555.5783198707086, -1551.5941365604103, -1551.4992863889227, -1532.5434479943196, -1553.609324306501, -1511.9253536365652, -1496.7587668316821, -1474.7911007113203, -1483.6564989016865, -1556.3549658965321, -1522.6706735264697, -1502.0082056018518, -1452.7080823996107, -1493.8900394119976, -1427.5175212875847, -977.395898997857, -648.8101954293719, -1496.2536861895214, -1403.8956219579748, -1520.997115473962, -1154.481921173716, -1439.5420511323493, -1506.045067393509, -1480.556839257544, -1470.6686442421847, -1380.089409448989, -1469.5150287883087, -1431.43551392138, -1483.3167521628366, -936.1604998267156, -449.1541858747134, -1492.2255415471927, -1490.3169036673476, -1464.5299147684034, -1469.7900471861194, -1488.2148950030473, -1408.4557444695668, -1384.7777026972453, -1449.409932596777, -1402.4114786701548, -430.0745939407961, -1472.7549320807768, -479.8219346550105, -1441.747054337599, -941.5366538583573, -1349.0522378282715, -1434.6764774336953, -1437.9751136314221, -1413.8820498505984, -1461.0110797342854, -1124.6533526663766, -1420.4847077727786, -1454.2577822678165, -1415.1549219686174, -1410.4683638387635, -1384.90561261327, -469.53024950212796, -1349.6770781309708, -1411.4775910678875, -885.2125880754458, -456.50697304955673, -1481.0986094728203, -949.4020180127574, -1417.470894008419, -1337.9360067718947, -814.7928958842341, -1370.3720107482832, -1384.908213264234, -1406.3003706062493, -1006.3883870560486, -417.2256365149374, -852.6858481201616, -527.454911028165, -1313.815417126072, -1282.6271362162652, -1374.2258063971155, -1278.0426657552375, -904.1551273965551, -1348.043324986873, -1352.843261107924, -1348.200531816948, -1348.558088422465, -1391.8261594449812, -1319.1943292397636, -1350.5461649204979, -1262.9626066386045, -1307.881042968295, -792.0733665933177, -1337.3116969097875, -1237.3942840613893, -985.251630906835, -749.4355705583737, -508.4137065067605, -429.146714356579, -1240.9855948725246, -334.14979932047424], "cost": [1555.5783198707086, 1551.5941365604103, 1551.4992863889227, 1532.5434479943196, 1553.609324306501, 1511.9253536365652, 1496.7587668316821, 1474.7911007113203, 1483.6564989016865, 1556.3549658965321, 1522.6706735264697, 1502.0082056018518, 1452.7080823996107, 1493.8900394119976, 1427.5175212875847, 977.395898997857, 648.8101954293719, 1496.2536861895214, 1403.8956219579748, 1520.997115473962, 1154.481921173716, 1439.5420511323493, 1506.045067393509, 1480.556839257544, 1470.6686442421847, 1380.089409448989, 1469.5150287883087, 1431.43551392138, 1483.3167521628366, 936.1604998267156, 449.1541858747134, 1492.2255415471927, 1490.3169036673476, 1464.5299147684034, 1469.7900471861194, 1488.2148950030473, 1408.4557444695668, 1384.7777026972453, 1449.409932596777, 1402.4114786701548, 430.0745939407961, 1472.7549320807768, 479.8219346550105, 1441.747054337599, 941.5366538583573, 1349.0522378282715, 1434.6764774336953, 1437.9751136314221, 1413.8820498505984, 1461.0110797342854, 1124.6533526663766, 1420.4847077727786, 1454.2577822678165, 1415.1549219686174, 1410.4683638387635, 1384.90561261327, 469.53024950212796, 1349.6770781309708, 1411.4775910678875, 885.2125880754458, 456.50697304955673, 1481.0986094728203, 949.4020180127574, 1417.470894008419, 1337.9360067718947, 814.7928958842341, 1370.3720107482832, 1384.908213264234, 1406.3003706062493, 1006.3883870560486, 417.2256365149374, 852.6858481201616, 527.454911028165, 1313.815417126072, 1282.6271362162652, 1374.2258063971155, 1278.0426657552375, 904.1551273965551, 1348.043324986873, 1352.843261107924, 1348.200531816948, 1348.558088422465, 1391.8261594449812, 1319.1943292397636, 1350.5461649204979, 1262.9626066386045, 1307.881042968295, 792.0733665933177, 1337.3116969097875, 1237.3942840613893, 985.251630906835, 749.4355705583737, 508.4137065067605, 429.146714356579, 1240.9855948725246, 334.14979932047424], "overtime": [false, false, false, false, false, false, false, false, false, false, false, false, false, false, false, true, true, false, false, false, true, false, false, false, false, false, true, false, false, true, true, false, false, false, false, false, false, false, false, false, true, false, true, false, true, false, false, false, false, false, true, false, false, false, false, true, true, false, false, true, true, false, true, false, false, true, false, true, false, true, true, true, true, false, false, false, true, true, false, false, false, false, false, false, false, false, false, true, false, false, true, true, true, true, true, true], "really_average_reduce_rate": 0.4200277180482062, "greedy_cost": 1477.7884874041388, "greedy_overtime": false, "algo": "ppo"}