{"reward": [-1491.059071282652, -1529.9157580080998, -909.8553736351328, -1496.7226216150627, -1464.4709851929272, -1480.9408909837066, -1578.8763130397922, -1530.6671574284703, -1471.1805523411754, -1465.563129047576, -1503.7425803255014, -1546.2555608787577, -1463.0458288167238, -1435.4867987841378, -1451.1161181198713, -1495.3017324725815, -1477.8231753358243, -1498.7880471570413, -1484.4905158990807, -1434.1786941058565, -1470.4738261838272, -1516.572052546572, -1432.4844536833743, -1462.3075314276289, -1509.0083759013844, -1408.4452593972896, -1431.467000586019, -1427.032794697862, -909.2922410872853, -577.6355942888375, -1395.9477410284896, -610.1891575714293, -1365.9246628257356, -1477.271711105686, -1469.896195135992, -1453.5183327015493, -1452.003348462722, -1439.0607166950965, -1443.7473721161766, -1426.4051892782654, -1423.8291454867558, -1392.7562677346923, -1363.7908753454878, -1405.9828679212842, -1335.1091457195955, -1347.7315437415248, -394.47789565603244, -604.2235196788054, -1425.2606113480877, -1417.467486079671, -1412.8058183111993, -1387.4533170203586, -1433.1985605542277, -1387.2773076866845, -934.5843660497103, -1361.916564705036, -1395.130629597065, -1364.1066405000627, -1372.03026961837, -1309.0198296305539, -1331.187753048679, -1343.0456856928959, -1306.4855502731168, -886.2887595880027, -1339.5921754170583, -1368.3035544825254, -1116.1089319674013, -1340.7538276115522, -1364.2493307359332, -521.0168870995471, -521.7451278302167, -1337.222328357342, -1032.625996530875, -965.1524223402421, -1332.522057864247, -1316.361052734349, -396.7513863879347, -1303.9241999018468, -1297.158543850649, -1310.8866573765602, -533.0881124590616, -385.1868001926781, -1296.0443789292501, -383.6800206922458, -403.54590810554083, -513.539823494181, -1300.6875823741125, -564.5568714076559, -1349.166019129698, -575.5346280508303, -762.9965235726063, -1263.0992952218837, -1180.3231992881367, -1212.7448287071468, -425.50758897013003, -1236.4823383116802, -943.8477911047449, -522.0209696069824, -1202.3811298735068, -355.91681580555627, -379.7435528765432, -1193.1312230533183, -532.2571330115106, -955.0531788359301, -692.444194746054], "cost": [1491.059071282652, 1529.9157580080998, 909.8553736351328, 1496.7226216150627, 1464.4709851929272, 1480.9408909837066, 1578.8763130397922, 1530.6671574284703, 1471.1805523411754, 1465.563129047576, 1503.7425803255014, 1546.2555608787577, 1463.0458288167238, 1435.4867987841378, 1451.1161181198713, 1495.3017324725815, 1477.8231753358243, 1498.7880471570413, 1484.4905158990807, 1434.1786941058565, 1470.4738261838272, 1516.572052546572, 1432.4844536833743, 1462.3075314276289, 1509.0083759013844, 1408.4452593972896, 1431.467000586019, 1427.032794697862, 909.2922410872853, 577.6355942888375, 1395.9477410284896, 610.1891575714293, 1365.9246628257356, 1477.271711105686, 1469.896195135992, 1453.5183327015493, 1452.003348462722, 1439.0607166950965, 1443.7473721161766, 1426.4051892782654, 1423.8291454867558, 1392.7562677346923, 1363.7908753454878, 1405.9828679212842, 1335.1091457195955, 1347.7315437415248, 394.47789565603244, 604.2235196788054, 1425.2606113480877, 1417.467486079671, 1412.8058183111993, 1387.4533170203586, 1433.1985605542277, 1387.2773076866845, 934.5843660497103, 1361.916564705036, 1395.130629597065, 1364.1066405000627, 1372.03026961837, 1309.0198296305539, 1331.187753048679, 1343.0456856928959, 1306.4855502731168, 886.2887595880027, 1339.5921754170583, 1368.3035544825254, 1116.1089319674013, 1340.7538276115522, 1364.2493307359332, 521.0168870995471, 521.7451278302167, 1337.222328357342, 1032.625996530875, 965.1524223402421, 1332.522057864247, 1316.361052734349, 396.7513863879347, 1303.9241999018468, 1297.158543850649, 1310.8866573765602, 533.0881124590616, 385.1868001926781, 1296.0443789292501, 383.6800206922458, 403.54590810554083, 513.539823494181, 1300.6875823741125, 564.5568714076559, 1349.166019129698, 575.5346280508303, 762.9965235726063, 1263.0992952218837, 1180.3231992881367, 1212.7448287071468, 425.50758897013003, 1236.4823383116802, 943.8477911047449, 522.0209696069824, 1202.3811298735068, 355.91681580555627, 379.7435528765432, 1193.1312230533183, 532.2571330115106, 955.0531788359301, 692.444194746054], "overtime": [false, false, true, false, false, false, false, false, false, false, false, false, false, true, false, false, false, false, false, false, false, false, false, false, false, false, false, false, true, true, false, true, true, false, false, false, false, false, false, false, false, false, false, false, false, false, true, true, false, false, false, true, false, false, true, false, false, false, false, false, false, false, false, true, false, false, true, false, false, true, true, false, true, true, false, false, true, false, false, false, true, true, false, true, true, true, false, true, false, true, true, false, true, true, true, false, true, true, false, true, true, true, true, true, true], "really_average_reduce_rate": 0.4200277180482062, "greedy_cost": 1477.7884874041388, "greedy_overtime": false, "algo": "ppo"}