{"reward": [-1529.509727044842, -1542.3378145111253, -1484.2429674121279, -1499.4171151235241, -1410.275086513143, -1505.8496411434653, -1494.6365180490066, -1483.6895618995097, -1113.2604367709998, -971.741924465801, -1449.4448374320668, -1462.3340187875274, -1332.9120476927053, -1429.49464999456, -919.3531628390768, -1317.008809133507, -1494.0120992675422, -1433.0704449072482, -1430.5580825805764, -1490.3751499101336, -1368.1934744920852, -1400.0208831494583, -1386.3168758961099, -1409.7570548894441, -950.2060583774088, -1338.5908891432834, -1414.7628966997754, -1374.9921077092458, -1387.7494396161478, -1342.0238917109193, -1444.774761539316, -1378.0454815400494, -1383.5958679532635, -1309.3874700350227, -1347.1711003485227, -1383.4290260785174, -456.2680952025763, -1357.8206975646308, -1271.1737541732277, -1371.9744803315675, -1363.9310409259422, -596.7149234377688, -1349.0586933723935, -1289.9249310458913, -1333.0723060128928, -419.2053532599658, -1283.7838655096564, -460.41800064319744, -435.90555001338, -1034.507373710247, -398.90154374427163, -1294.0823473871403, -434.0884644192641, -568.6403317279461, -1323.7584025272913, -1310.087679839824, -1273.8753731914796, -1261.831392292818, -841.0417438965655, -532.1109378246681, -1298.4633469632363, -1266.5381939980018, -1146.579287050291, -522.0336405964471, -1328.8540946884448, -343.15546635488954, -1212.779043877451, -349.72945469405477, -1183.62275147912, -1190.0694442858721, -1128.9185990802848, -309.73210540149364, -424.0564329040704, -1159.4419321395912, -1192.33575316104, -1132.1466889926794], "cost": [1529.509727044842, 1542.3378145111253, 1484.2429674121279, 1499.4171151235241, 1410.275086513143, 1505.8496411434653, 1494.6365180490066, 1483.6895618995097, 1113.2604367709998, 971.741924465801, 1449.4448374320668, 1462.3340187875274, 1332.9120476927053, 1429.49464999456, 919.3531628390768, 1317.008809133507, 1494.0120992675422, 1433.0704449072482, 1430.5580825805764, 1490.3751499101336, 1368.1934744920852, 1400.0208831494583, 1386.3168758961099, 1409.7570548894441, 950.2060583774088, 1338.5908891432834, 1414.7628966997754, 1374.9921077092458, 1387.7494396161478, 1342.0238917109193, 1444.774761539316, 1378.0454815400494, 1383.5958679532635, 1309.3874700350227, 1347.1711003485227, 1383.4290260785174, 456.2680952025763, 1357.8206975646308, 1271.1737541732277, 1371.9744803315675, 1363.9310409259422, 596.7149234377688, 1349.0586933723935, 1289.9249310458913, 1333.0723060128928, 419.2053532599658, 1283.7838655096564, 460.41800064319744, 435.90555001338, 1034.507373710247, 398.90154374427163, 1294.0823473871403, 434.0884644192641, 568.6403317279461, 1323.7584025272913, 1310.087679839824, 1273.8753731914796, 1261.831392292818, 841.0417438965655, 532.1109378246681, 1298.4633469632363, 1266.5381939980018, 1146.579287050291, 522.0336405964471, 1328.8540946884448, 343.15546635488954, 1212.779043877451, 349.72945469405477, 1183.62275147912, 1190.0694442858721, 1128.9185990802848, 309.73210540149364, 424.0564329040704, 1159.4419321395912, 1192.33575316104, 1132.1466889926794], "overtime": [false, false, false, false, false, false, false, false, true, true, false, false, false, false, true, false, false, false, false, false, false, false, false, false, true, false, false, false, false, false, false, false, false, false, false, false, true, true, false, false, false, true, false, false, false, true, false, true, true, true, true, false, true, true, true, false, false, true, true, true, false, true, true, true, false, true, true, true, true, false, true, true, true, true, true, true], "really_average_reduce_rate": 0.4200277180482062, "greedy_cost": 1477.7884874041388, "greedy_overtime": false, "algo": "ppo"}