{"reward": [-1495.764643976903, -1470.3240479850488, -1519.8142904745785, -1499.9110356338426, -1536.6062235702946, -1478.2843186026817, -1560.7613060325484, -1481.3746373911488, -1513.106494323071, -452.53658449583673, -1494.0483180202446, -1425.76197673413, -1449.8798008799092, -1442.4379760726176, -1481.884563491094, -1415.9977803181298, -1411.7457271754001, -1367.2236798640247, -1356.005310871154, -1426.9044117795495, -1390.5955609584976, -1411.7964420926662, -1384.7001938963026, -1336.7399496603573, -1386.4743396623714, -885.7892639199642, -587.8711680424028, -1436.5635703948046, -1304.3141243062173, -1403.5818695409416, -1346.873082213495, -399.0744201959483, -1369.6479650618699, -1335.8456377000073, -1296.8431931124353, -888.290253086434, -422.42096813842653, -1305.1758951369206, -1362.0416385872297, -1351.6076634917779, -358.3529867860581, -1297.9113197352924, -958.5479004929118, -1324.9308399507684, -1192.6229520701054, -1270.4241683049959, -459.325352710243, -912.3497965108597, -452.27440037061433, -1189.5936225247383, -534.0840367221086, -767.1254647589194], "cost": [1495.764643976903, 1470.3240479850488, 1519.8142904745785, 1499.9110356338426, 1536.6062235702946, 1478.2843186026817, 1560.7613060325484, 1481.3746373911488, 1513.106494323071, 452.53658449583673, 1494.0483180202446, 1425.76197673413, 1449.8798008799092, 1442.4379760726176, 1481.884563491094, 1415.9977803181298, 1411.7457271754001, 1367.2236798640247, 1356.005310871154, 1426.9044117795495, 1390.5955609584976, 1411.7964420926662, 1384.7001938963026, 1336.7399496603573, 1386.4743396623714, 885.7892639199642, 587.8711680424028, 1436.5635703948046, 1304.3141243062173, 1403.5818695409416, 1346.873082213495, 399.0744201959483, 1369.6479650618699, 1335.8456377000073, 1296.8431931124353, 888.290253086434, 422.42096813842653, 1305.1758951369206, 1362.0416385872297, 1351.6076634917779, 358.3529867860581, 1297.9113197352924, 958.5479004929118, 1324.9308399507684, 1192.6229520701054, 1270.4241683049959, 459.325352710243, 912.3497965108597, 452.27440037061433, 1189.5936225247383, 534.0840367221086, 767.1254647589194], "overtime": [false, false, false, false, false, false, false, false, false, true, false, false, false, false, false, false, false, false, false, false, false, false, false, false, false, true, true, false, false, false, false, true, false, false, true, true, true, false, false, false, true, false, true, false, false, false, true, true, true, true, true, true], "really_average_reduce_rate": 0.4200277180482062, "greedy_cost": 1477.7884874041388, "greedy_overtime": false, "algo": "ppo"}