{"reward": [-1632.0690115589846, -1681.395735121558, -1539.817484122105, -1527.6293934789203, -1595.6120676483968, -1566.8050428692718, -1170.3603627471343, -1538.7216064297588, -1532.8891199188588, -1533.9731594890748, -1526.7437070301462, -1509.0155785294817, -1507.4251551073141, -1569.7800073719868, -1511.4209422357856, -609.9660410957507, -1494.9001205463528, -1503.954103357699, -1448.8778557426206, -1451.9668044461496, -969.6239755208696, -1491.506701522573, -1393.1613255881625, -1432.573079023697, -1491.8967641169766, -1442.3360289028008, -1464.0204044051939, -1499.8331141509582, -1519.6428097288594, -1489.0879803665728, -1422.7895552724233, -1479.335667010295, -1478.042276045476, -903.9509928990894, -1439.3716573510424, -1413.853946724097, -1490.015030950438, -505.12808286707804, -1407.2123938396214, -1407.1506084607838, -962.876716858558, -1308.9395453029404, -1227.5710533249928, -1387.5005015992472, -1438.1876695477229, -1017.9651856705914, -1343.1910616366931, -919.0848865047373, -426.63341228327715, -425.27165900507003, -1297.5776392356945, -447.06370604859677, -444.175850171484], "cost": [1632.0690115589846, 1681.395735121558, 1539.817484122105, 1527.6293934789203, 1595.6120676483968, 1566.8050428692718, 1170.3603627471343, 1538.7216064297588, 1532.8891199188588, 1533.9731594890748, 1526.7437070301462, 1509.0155785294817, 1507.4251551073141, 1569.7800073719868, 1511.4209422357856, 609.9660410957507, 1494.9001205463528, 1503.954103357699, 1448.8778557426206, 1451.9668044461496, 969.6239755208696, 1491.506701522573, 1393.1613255881625, 1432.573079023697, 1491.8967641169766, 1442.3360289028008, 1464.0204044051939, 1499.8331141509582, 1519.6428097288594, 1489.0879803665728, 1422.7895552724233, 1479.335667010295, 1478.042276045476, 903.9509928990894, 1439.3716573510424, 1413.853946724097, 1490.015030950438, 505.12808286707804, 1407.2123938396214, 1407.1506084607838, 962.876716858558, 1308.9395453029404, 1227.5710533249928, 1387.5005015992472, 1438.1876695477229, 1017.9651856705914, 1343.1910616366931, 919.0848865047373, 426.63341228327715, 425.27165900507003, 1297.5776392356945, 447.06370604859677, 444.175850171484], "overtime": [false, false, true, false, false, false, true, false, false, false, false, false, false, false, false, true, false, false, false, false, true, false, true, false, false, false, false, false, false, false, true, false, false, true, false, false, false, true, false, false, true, true, true, false, false, true, false, true, true, true, true, true, true], "really_average_reduce_rate": 0.4250601678698009, "greedy_cost": 1614.5077802546414, "greedy_overtime": false, "algo": "ppo"}