{"reward": [-1649.1295932539922, -1647.3785618026657, -1583.9312420743609, -1569.5446624625556, -1622.2182554120582, -1603.7309284595035, -1560.1523218369111, -1596.0405598020927, -1571.9634029085653, -1667.67383826973, -1553.8674021490012, -1556.5914284281537, -1534.045011916049, -1488.949474823391, -1529.6674434053148, -1573.362793829254, -1512.0998100194709, -1612.489548536278, -1591.4949760175866, -1506.5092203340496, -1021.6012607285371, -1546.2767888445594, -1436.0839279781094, -1498.9452395130224, -1492.8255561088774, -462.4631498295627, -1512.7474333972111, -1533.60475959151, -956.094055463522, -594.3370195675274, -518.5171416613831, -1431.1515297987132, -1472.7435740579945, -1482.7370932260342, -1381.1967798744417, -1525.9127064527668, -1478.3534436556422, -1436.6908397402156, -1446.1222700646993, -1509.9332757281331, -1409.0270530763553, -1348.9985131203093, -1404.073851529742, -453.1527959268726, -1357.3027761816618, -1373.2308575557354, -557.332896181876, -513.037685721423, -1300.9976266540777, -823.7248020666462, -494.8709167674465, -535.7421574745143, -462.3106020359228, -413.4199371061473, -404.7682321812303], "cost": [1649.1295932539922, 1647.3785618026657, 1583.9312420743609, 1569.5446624625556, 1622.2182554120582, 1603.7309284595035, 1560.1523218369111, 1596.0405598020927, 1571.9634029085653, 1667.67383826973, 1553.8674021490012, 1556.5914284281537, 1534.045011916049, 1488.949474823391, 1529.6674434053148, 1573.362793829254, 1512.0998100194709, 1612.489548536278, 1591.4949760175866, 1506.5092203340496, 1021.6012607285371, 1546.2767888445594, 1436.0839279781094, 1498.9452395130224, 1492.8255561088774, 462.4631498295627, 1512.7474333972111, 1533.60475959151, 956.094055463522, 594.3370195675274, 518.5171416613831, 1431.1515297987132, 1472.7435740579945, 1482.7370932260342, 1381.1967798744417, 1525.9127064527668, 1478.3534436556422, 1436.6908397402156, 1446.1222700646993, 1509.9332757281331, 1409.0270530763553, 1348.9985131203093, 1404.073851529742, 453.1527959268726, 1357.3027761816618, 1373.2308575557354, 557.332896181876, 513.037685721423, 1300.9976266540777, 823.7248020666462, 494.8709167674465, 535.7421574745143, 462.3106020359228, 413.4199371061473, 404.7682321812303], "overtime": [false, false, false, false, false, false, false, false, false, false, false, false, false, true, false, false, false, false, false, false, true, false, false, false, false, true, false, false, true, true, true, false, false, false, true, false, false, false, true, false, false, true, false, true, false, true, true, true, false, true, true, true, true, true, true], "really_average_reduce_rate": 0.4250601678698009, "greedy_cost": 1614.5077802546414, "greedy_overtime": false, "algo": "ppo"}