{"reward": [-1715.354435596197, -560.8959196867047, -1652.2941544141247, -1631.7926545518462, -1687.2851744137524, -1564.3945320943092, -1635.3594539027297, -1680.087816991798, -1642.006216956946, -1642.9973690762201, -1593.9575810715367, -1652.9265723676426, -1688.3540343133284, -1641.199347065315, -1677.9416791084043, -1691.3676539347798, -1666.098896000153, -1698.6261816523229, -1658.0396501550545, -1611.4842040231458, -1602.6851454405778, -1606.6225951619176, -1623.6863098471144, -1584.1597491823509, -1595.278626713885, -999.786960157034, -1538.4925462743556, -1539.1292244201154, -1579.3797413422908, -1538.8395068623877, -1590.3273111574435, -1576.2565997594322, -1561.539716485915, -1505.3147927748325, -1602.124617018122, -1569.7268577180441, -1561.1879654958384, -489.65863976092993, -1529.596213632775, -1586.9226714928088, -1530.4805888539183, -1484.5649036249793, -816.8989074947777, -902.8131348005116, -1502.2063477482477, -1516.518827925055, -1496.6218252439617, -1441.4976941814357, -1510.4891172519317, -1461.5377074936305, -1427.383891825276, -1443.7592490011837, -604.7594139437845, -1372.7198254382708, -490.68001100766475, -1062.827292357031, -1394.9669456658892, -1323.4838250293496, -1423.3378933202189, -1367.949708678285, -1408.0009126651005, -1397.1484710094799, -870.9124280809888, -415.2178497715386, -571.1495584816299, -1308.4481570122118, -1277.8253954191216, -421.39122684277584, -1335.38433768575, -1373.0530720654688, -384.12607768516995, -395.5420907134468, -1331.4976189958218, -815.4714479253435, -390.37188896127964], "cost": [1715.354435596197, 560.8959196867047, 1652.2941544141247, 1631.7926545518462, 1687.2851744137524, 1564.3945320943092, 1635.3594539027297, 1680.087816991798, 1642.006216956946, 1642.9973690762201, 1593.9575810715367, 1652.9265723676426, 1688.3540343133284, 1641.199347065315, 1677.9416791084043, 1691.3676539347798, 1666.098896000153, 1698.6261816523229, 1658.0396501550545, 1611.4842040231458, 1602.6851454405778, 1606.6225951619176, 1623.6863098471144, 1584.1597491823509, 1595.278626713885, 999.786960157034, 1538.4925462743556, 1539.1292244201154, 1579.3797413422908, 1538.8395068623877, 1590.3273111574435, 1576.2565997594322, 1561.539716485915, 1505.3147927748325, 1602.124617018122, 1569.7268577180441, 1561.1879654958384, 489.65863976092993, 1529.596213632775, 1586.9226714928088, 1530.4805888539183, 1484.5649036249793, 816.8989074947777, 902.8131348005116, 1502.2063477482477, 1516.518827925055, 1496.6218252439617, 1441.4976941814357, 1510.4891172519317, 1461.5377074936305, 1427.383891825276, 1443.7592490011837, 604.7594139437845, 1372.7198254382708, 490.68001100766475, 1062.827292357031, 1394.9669456658892, 1323.4838250293496, 1423.3378933202189, 1367.949708678285, 1408.0009126651005, 1397.1484710094799, 870.9124280809888, 415.2178497715386, 571.1495584816299, 1308.4481570122118, 1277.8253954191216, 421.39122684277584, 1335.38433768575, 1373.0530720654688, 384.12607768516995, 395.5420907134468, 1331.4976189958218, 815.4714479253435, 390.37188896127964], "overtime": [false, true, false, false, false, false, false, false, false, false, false, false, false, false, false, false, false, false, false, false, false, false, false, false, false, true, false, false, false, false, false, false, false, false, false, false, false, true, false, false, false, false, true, true, false, true, false, false, false, false, false, false, true, true, true, true, false, false, true, false, false, false, true, true, true, false, false, true, false, true, true, true, true, true, true], "really_average_reduce_rate": 0.4250601678698009, "greedy_cost": 1614.5077802546414, "greedy_overtime": false, "algo": "ppo"}