{"reward": [-1615.696959287748, -1710.6207570800284, -1627.6287015431108, -1680.2975303007206, -1529.812779902546, -1590.8652159712938, -1690.8455261037611, -1674.4981216549143, -1628.4528103288817, -1599.899271848258, -1640.5483329885003, -1568.5390737534974, -1612.578449950564, -1603.0148910475723, -1574.7352676337416, -1551.9035898950985, -1541.6917759110695, -1588.0467560685602, -1599.950940101324, -469.7771033529375, -1586.6871361168016, -1539.0338140663882, -1625.0172386831616, -1573.420369127375, -1634.7270383840803, -1536.9324215579413, -1576.7474607860304, -534.5738828037024, -668.3278801547456, -1562.4916654205238, -1518.5332461049877, -1428.5302597336852, -1511.1856040724376, -1440.4897032084687, -1535.768608934926, -994.8627426622336, -1474.0517699529237, -1115.4691782429077, -1380.2453648497908, -1408.4979251988423, -624.4365331802423, -1502.4715830414011, -1482.0168675029008, -1465.4376318277227, -1349.46938355797, -1416.9116089619135, -1358.1334799260178, -1400.1496637826974, -1395.598031880279, -457.85021136154415, -472.06543020913375, -1331.011382757732, -576.2842598834911, -1399.3784536456048, -1424.7971051727893, -388.64839257365077, -571.8769259235819, -882.086928558368, -1393.5462805876323, -593.9655282451865, -1281.583782320702, -421.79986163780086, -972.7037440161595, -519.1714221539162, -1286.5714931575396, -1255.2944994125794, -1375.6408870005523, -571.6797390101381, -896.8281255600783, -501.42598382065086, -1372.4842698194543, -425.0858391705714, -1203.3811845623143, -360.7996100380738, -928.0333528397796, -1268.2533220537096, -470.67859916441114], "cost": [1615.696959287748, 1710.6207570800284, 1627.6287015431108, 1680.2975303007206, 1529.812779902546, 1590.8652159712938, 1690.8455261037611, 1674.4981216549143, 1628.4528103288817, 1599.899271848258, 1640.5483329885003, 1568.5390737534974, 1612.578449950564, 1603.0148910475723, 1574.7352676337416, 1551.9035898950985, 1541.6917759110695, 1588.0467560685602, 1599.950940101324, 469.7771033529375, 1586.6871361168016, 1539.0338140663882, 1625.0172386831616, 1573.420369127375, 1634.7270383840803, 1536.9324215579413, 1576.7474607860304, 534.5738828037024, 668.3278801547456, 1562.4916654205238, 1518.5332461049877, 1428.5302597336852, 1511.1856040724376, 1440.4897032084687, 1535.768608934926, 994.8627426622336, 1474.0517699529237, 1115.4691782429077, 1380.2453648497908, 1408.4979251988423, 624.4365331802423, 1502.4715830414011, 1482.0168675029008, 1465.4376318277227, 1349.46938355797, 1416.9116089619135, 1358.1334799260178, 1400.1496637826974, 1395.598031880279, 457.85021136154415, 472.06543020913375, 1331.011382757732, 576.2842598834911, 1399.3784536456048, 1424.7971051727893, 388.64839257365077, 571.8769259235819, 882.086928558368, 1393.5462805876323, 593.9655282451865, 1281.583782320702, 421.79986163780086, 972.7037440161595, 519.1714221539162, 1286.5714931575396, 1255.2944994125794, 1375.6408870005523, 571.6797390101381, 896.8281255600783, 501.42598382065086, 1372.4842698194543, 425.0858391705714, 1203.3811845623143, 360.7996100380738, 928.0333528397796, 1268.2533220537096, 470.67859916441114], "overtime": [false, false, false, false, false, false, false, false, false, false, false, false, false, false, false, false, false, false, false, true, false, false, false, false, false, false, false, true, true, false, false, true, false, false, false, true, false, true, true, true, true, false, false, false, true, false, true, true, false, true, true, false, true, false, false, true, true, true, false, true, true, true, true, true, false, true, true, true, true, true, false, true, true, true, true, true, true], "really_average_reduce_rate": 0.4250601678698009, "greedy_cost": 1614.5077802546414, "greedy_overtime": false, "algo": "ppo"}