{"reward": [-1568.2687272878372, -1630.4462553915391, -1703.1603115569244, -1724.0948433169178, -1019.5899080032194, -1677.3892973895274, -1617.1545962550783, -1598.7672323110885, -1649.5448474306806, -1564.842571652719, -1624.81398841749, -1578.137915170296, -1592.8608680327989, -1615.631307214546, -1581.8255421828476, -1056.6394839179236, -1572.9881901870858, -1589.2364575163754, -1507.8930461173886, -1577.191223550514, -1597.1889413175827, -1532.9265837816984, -1488.601729206769, -1561.1067611871572, -1567.8493205088, -1521.8610304056406, -1474.344918485843, -626.4561781096827, -564.741550586643, -1517.615863137796, -1549.851354049742, -982.0617125642475, -561.9527638866193, -1497.1034451840542, -1495.651356877805, -1449.7914143783232, -1461.5710558216654, -1453.3999683219388, -1452.6271483169494, -1453.1909559402898, -1042.8516205920553, -950.9721162345444, -1434.934552782812, -1468.6117072927393, -596.1865476214886, -597.582744523669, -1384.821863125609, -1383.7409863561677, -936.7384556122488, -1422.6910630715547, -1061.792556000725, -800.3191969495263, -1423.5565546671678, -1317.7566021750592, -1365.812884617467, -1327.6459402083049, -1348.3074186006554, -1344.4613532020078, -924.7761179885264, -384.46453034127103, -1292.5416379401365, -995.8125469221726, -454.87300306773733, -411.54186840813605, -417.40430113441295, -517.2260262028689, -429.98501672947765], "cost": [1568.2687272878372, 1630.4462553915391, 1703.1603115569244, 1724.0948433169178, 1019.5899080032194, 1677.3892973895274, 1617.1545962550783, 1598.7672323110885, 1649.5448474306806, 1564.842571652719, 1624.81398841749, 1578.137915170296, 1592.8608680327989, 1615.631307214546, 1581.8255421828476, 1056.6394839179236, 1572.9881901870858, 1589.2364575163754, 1507.8930461173886, 1577.191223550514, 1597.1889413175827, 1532.9265837816984, 1488.601729206769, 1561.1067611871572, 1567.8493205088, 1521.8610304056406, 1474.344918485843, 626.4561781096827, 564.741550586643, 1517.615863137796, 1549.851354049742, 982.0617125642475, 561.9527638866193, 1497.1034451840542, 1495.651356877805, 1449.7914143783232, 1461.5710558216654, 1453.3999683219388, 1452.6271483169494, 1453.1909559402898, 1042.8516205920553, 950.9721162345444, 1434.934552782812, 1468.6117072927393, 596.1865476214886, 597.582744523669, 1384.821863125609, 1383.7409863561677, 936.7384556122488, 1422.6910630715547, 1061.792556000725, 800.3191969495263, 1423.5565546671678, 1317.7566021750592, 1365.812884617467, 1327.6459402083049, 1348.3074186006554, 1344.4613532020078, 924.7761179885264, 384.46453034127103, 1292.5416379401365, 995.8125469221726, 454.87300306773733, 411.54186840813605, 417.40430113441295, 517.2260262028689, 429.98501672947765], "overtime": [false, false, false, false, true, false, false, false, false, false, false, false, false, false, false, true, false, false, true, false, false, false, false, false, false, false, false, true, true, false, false, true, true, false, false, false, false, true, false, false, true, true, false, false, true, true, false, false, true, false, true, true, false, false, false, false, false, false, true, true, false, true, true, true, true, true, true], "really_average_reduce_rate": 0.4250601678698009, "greedy_cost": 1614.5077802546414, "greedy_overtime": false, "algo": "ppo"}