{"reward": [-1700.7561571780222, -1655.8270014874838, -1633.346293160618, -1591.726606633664, -1631.2978260357966, -1581.7013243411568, -1634.2436001970634, -1638.9241752014698, -1473.5749101019105, -1609.2102136969957, -1561.9241920126228, -1643.7162742110997, -1639.6446483408763, -1645.1786910795706, -477.36485928673284, -1600.0912291522795, -1570.9413760834284, -1648.3486276360693, -1626.806579183806, -1574.6394401813577, -1616.838052971876, -1690.2811276004484, -1631.0020145283925, -1605.0836512677838, -1565.7841638066254, -1625.8824373423513, -1597.818389325804, -1656.8696093692356, -1620.9899314846016, -1629.2750137302655, -1670.851502899258, -1608.355642697811, -1634.179525141261, -1609.5877485274625, -1540.1554329458622, -1564.020864062208, -1499.9454268120976, -1584.3139984132154, -1598.060007837099, -1596.4451321897852, -1623.1962306391076, -509.9960879375878, -1551.555300639849, -1507.3924955365624, -1579.72531395087, -1492.7677091600647, -1556.5185377514647, -1163.863536893343, -1536.9222635728117, -1068.1718079368954, -1218.5105557985794, -1511.8168256594797, -1480.1490091264905, -1560.1463053662333, -674.3259028770307, -1477.115582622961, -1556.1488727081753, -1486.332277540704, -1554.9982603425724, -498.03925951480863, -1504.8436597321474, -590.3230136917902, -1172.4925142220038, -1449.181095098741, -432.13157964078687, -468.90465034537, -639.1605332100111, -1540.3111617157049, -1386.8638560643242, -1143.411588812714, -1526.1916096803088, -1117.5035389490233, -1067.771092737745, -1469.9615390445488, -1461.8249026573073, -1372.6466431311796, -856.0486351326755, -1438.4179303945689, -1311.1024459051346, -849.2023164753236, -1429.3451856306292, -1363.5730415575117, -590.9071297237464, -516.5969995610973, -421.4080463324207, -963.2934367024893, -1029.8860464339139], "cost": [1700.7561571780222, 1655.8270014874838, 1633.346293160618, 1591.726606633664, 1631.2978260357966, 1581.7013243411568, 1634.2436001970634, 1638.9241752014698, 1473.5749101019105, 1609.2102136969957, 1561.9241920126228, 1643.7162742110997, 1639.6446483408763, 1645.1786910795706, 477.36485928673284, 1600.0912291522795, 1570.9413760834284, 1648.3486276360693, 1626.806579183806, 1574.6394401813577, 1616.838052971876, 1690.2811276004484, 1631.0020145283925, 1605.0836512677838, 1565.7841638066254, 1625.8824373423513, 1597.818389325804, 1656.8696093692356, 1620.9899314846016, 1629.2750137302655, 1670.851502899258, 1608.355642697811, 1634.179525141261, 1609.5877485274625, 1540.1554329458622, 1564.020864062208, 1499.9454268120976, 1584.3139984132154, 1598.060007837099, 1596.4451321897852, 1623.1962306391076, 509.9960879375878, 1551.555300639849, 1507.3924955365624, 1579.72531395087, 1492.7677091600647, 1556.5185377514647, 1163.863536893343, 1536.9222635728117, 1068.1718079368954, 1218.5105557985794, 1511.8168256594797, 1480.1490091264905, 1560.1463053662333, 674.3259028770307, 1477.115582622961, 1556.1488727081753, 1486.332277540704, 1554.9982603425724, 498.03925951480863, 1504.8436597321474, 590.3230136917902, 1172.4925142220038, 1449.181095098741, 432.13157964078687, 468.90465034537, 639.1605332100111, 1540.3111617157049, 1386.8638560643242, 1143.411588812714, 1526.1916096803088, 1117.5035389490233, 1067.771092737745, 1469.9615390445488, 1461.8249026573073, 1372.6466431311796, 856.0486351326755, 1438.4179303945689, 1311.1024459051346, 849.2023164753236, 1429.3451856306292, 1363.5730415575117, 590.9071297237464, 516.5969995610973, 421.4080463324207, 963.2934367024893, 1029.8860464339139], "overtime": [false, false, false, false, false, false, false, false, true, false, false, false, false, false, true, false, false, false, false, true, false, false, false, true, false, false, false, false, false, false, false, false, false, false, false, false, false, false, false, false, false, true, false, false, false, false, false, true, false, true, true, false, false, false, true, false, false, false, false, true, false, true, true, false, true, true, true, false, false, true, false, true, true, false, false, false, true, false, true, true, false, true, true, true, true, true, true], "really_average_reduce_rate": 0.4250601678698009, "greedy_cost": 1614.5077802546414, "greedy_overtime": false, "algo": "ppo"}