{"reward": [-1537.266659061537, -1536.7889139092804, -1538.1556192989553, -1639.631058979752, -1566.3507519772002, -1596.7116975104364, -1611.9162543412117, -1578.6579266388992, -1576.8156507187346, -1485.5268890558846, -1542.331187181036, -1534.161754308976, -1501.236199361758, -1503.3389373008997, -577.548305416349, -1468.4148864979122, -1525.0925543826445, -905.9423014787393, -1473.682943061125, -1525.0392920969252, -1593.6815512802175, -984.7131526869903, -1421.931728213885, -1462.0444533004154, -1560.564431604679, -945.6145818247078, -932.8576346920147, -1514.5287663299773, -1458.8955520421841, -1443.1349795689623, -1466.3093424636315, -1415.9207136505936, -1387.62294123549, -1407.7659188045197, -568.3852345636487, -1493.5787278187186, -426.58559355757166, -486.0011026024258, -1349.880689329459, -1380.9738853483923], "cost": [1537.266659061537, 1536.7889139092804, 1538.1556192989553, 1639.631058979752, 1566.3507519772002, 1596.7116975104364, 1611.9162543412117, 1578.6579266388992, 1576.8156507187346, 1485.5268890558846, 1542.331187181036, 1534.161754308976, 1501.236199361758, 1503.3389373008997, 577.548305416349, 1468.4148864979122, 1525.0925543826445, 905.9423014787393, 1473.682943061125, 1525.0392920969252, 1593.6815512802175, 984.7131526869903, 1421.931728213885, 1462.0444533004154, 1560.564431604679, 945.6145818247078, 932.8576346920147, 1514.5287663299773, 1458.8955520421841, 1443.1349795689623, 1466.3093424636315, 1415.9207136505936, 1387.62294123549, 1407.7659188045197, 568.3852345636487, 1493.5787278187186, 426.58559355757166, 486.0011026024258, 1349.880689329459, 1380.9738853483923], "overtime": [false, false, false, false, false, false, false, false, false, false, false, false, false, false, true, false, false, true, false, false, false, true, false, false, false, true, true, false, true, false, false, true, true, false, true, true, true, true, true, true], "really_average_reduce_rate": 0.4250601678698009, "greedy_cost": 1614.5077802546414, "greedy_overtime": false, "algo": "ppo"}