{"reward": [-524.341025435347, -1714.9124971355789, -1630.3687281934824, -1683.7683344370041, -1663.4814747260803, -1684.141743219598, -1655.7247467204184, -1645.7943560422598, -1639.5508912119467, -1647.8460305782235, -1709.963967969372, -1635.537054446024, -1643.322673967119, -1687.028205728317, -1639.8704768814816, -1691.6984233668545, -1661.861638388263, -1649.5309594815244, -1653.2115309338187, -1686.7288931682535, -1689.5401983230097, -1685.7706783630993, -1687.8779612715084, -1645.9543484562462, -1667.3299905754814, -1555.3418478834171, -1695.2434585040164, -1639.4371737644276, -1622.572240223698, -1623.3839433305716, -1677.910418072651, -1042.7271595982454, -1604.8179749126916, -1647.6443245564315, -1631.4926660297633, -1661.2248362083183, -1556.8461308453334, -1684.3879328235257, -1624.382633610694, -1611.4692450566313, -1685.2038272819113, -1666.195898489571, -1664.0490582032428, -1620.2098753436835, -1619.7049240426722, -471.93594697542477, -1631.072491513408, -1585.7712292197261, -1652.382443297711, -1633.3571630584727, -1590.1076207070616, -1583.0070432218915, -1512.6037149187168, -1627.745022619925, -1008.8533859680493, -1514.7664211160409, -1562.0479492495297, -1607.0108481335476, -1550.1451312808329, -1544.525265819067, -986.0498816667399, -1615.8975517478684, -1442.4756745164293, -1627.62087273336, -1599.714199938058, -1591.5307685477835, -1618.0425378650057, -1558.7721602882345, -1608.526451616316, -1586.4161454459004, -1416.593125551698, -1537.4197180425103, -1460.6761610852643, -1151.026599633778, -1486.8533679656405, -1555.501988474308, -1174.3753039641683, -589.7310980821121, -1489.948776853411, -914.4294121355372, -1315.1549051798045, -1517.4325324655977, -1368.92678594849, -1474.3324133683193, -1429.7912938818147, -871.7934951259934, -1440.0880208947137, -895.6655874363797, -1465.949179693778, -972.8471038566344, -603.4319133418894, -1452.6645925778816, -1461.5924525040302, -441.7977067917958, -439.1779026460926, -1333.3738826659699, -437.77472822416536, -1396.9372347845692, -1333.1892805114385, -451.35139448603604, -424.3739582641143, -1294.0686819842365, -458.6751756443829, -1276.3430525647004, -465.5220381729304, -1244.0425079306408, -1273.0543675905285, -402.91178403120506, -806.3929035113464, -351.63430728059274], "cost": [524.341025435347, 1714.9124971355789, 1630.3687281934824, 1683.7683344370041, 1663.4814747260803, 1684.141743219598, 1655.7247467204184, 1645.7943560422598, 1639.5508912119467, 1647.8460305782235, 1709.963967969372, 1635.537054446024, 1643.322673967119, 1687.028205728317, 1639.8704768814816, 1691.6984233668545, 1661.861638388263, 1649.5309594815244, 1653.2115309338187, 1686.7288931682535, 1689.5401983230097, 1685.7706783630993, 1687.8779612715084, 1645.9543484562462, 1667.3299905754814, 1555.3418478834171, 1695.2434585040164, 1639.4371737644276, 1622.572240223698, 1623.3839433305716, 1677.910418072651, 1042.7271595982454, 1604.8179749126916, 1647.6443245564315, 1631.4926660297633, 1661.2248362083183, 1556.8461308453334, 1684.3879328235257, 1624.382633610694, 1611.4692450566313, 1685.2038272819113, 1666.195898489571, 1664.0490582032428, 1620.2098753436835, 1619.7049240426722, 471.93594697542477, 1631.072491513408, 1585.7712292197261, 1652.382443297711, 1633.3571630584727, 1590.1076207070616, 1583.0070432218915, 1512.6037149187168, 1627.745022619925, 1008.8533859680493, 1514.7664211160409, 1562.0479492495297, 1607.0108481335476, 1550.1451312808329, 1544.525265819067, 986.0498816667399, 1615.8975517478684, 1442.4756745164293, 1627.62087273336, 1599.714199938058, 1591.5307685477835, 1618.0425378650057, 1558.7721602882345, 1608.526451616316, 1586.4161454459004, 1416.593125551698, 1537.4197180425103, 1460.6761610852643, 1151.026599633778, 1486.8533679656405, 1555.501988474308, 1174.3753039641683, 589.7310980821121, 1489.948776853411, 914.4294121355372, 1315.1549051798045, 1517.4325324655977, 1368.92678594849, 1474.3324133683193, 1429.7912938818147, 871.7934951259934, 1440.0880208947137, 895.6655874363797, 1465.949179693778, 972.8471038566344, 603.4319133418894, 1452.6645925778816, 1461.5924525040302, 441.7977067917958, 439.1779026460926, 1333.3738826659699, 437.77472822416536, 1396.9372347845692, 1333.1892805114385, 451.35139448603604, 424.3739582641143, 1294.0686819842365, 458.6751756443829, 1276.3430525647004, 465.5220381729304, 1244.0425079306408, 1273.0543675905285, 402.91178403120506, 806.3929035113464, 351.63430728059274], "overtime": [true, false, false, false, false, false, false, false, false, false, false, false, false, false, false, false, false, false, false, false, false, false, false, false, false, true, false, false, false, false, false, true, false, false, false, false, false, false, false, false, false, false, false, false, false, true, false, false, false, false, false, false, false, false, true, false, false, false, false, false, true, false, true, false, false, false, false, false, false, false, false, true, true, true, false, false, true, true, false, true, false, true, true, false, false, true, false, true, false, true, true, false, false, true, true, false, true, false, true, true, true, true, true, false, true, true, true, true, true, true], "really_average_reduce_rate": 0.4250601678698009, "greedy_cost": 1614.5077802546414, "greedy_overtime": false, "algo": "ppo"}