{"reward": [-1659.623362462922, -1647.7146183110685, -1564.7387907495636, -1647.3690180305314, -518.6468813219476, -1587.3742255491763, -1638.8462252121435, -1588.7963212136929, -1615.7736270658866, -1635.574969127272, -1629.8933634560844, -1558.4345875420613, -1629.3092420344256, -1553.1724667393598, -1606.6707312034919, -1548.8931527519878, -1563.1946836531906, -1578.835461071423, -1572.5343453258463, -1591.1593971434606, -1535.635978120026, -1598.2014828665945, -1601.82502539904, -1620.3049337964424, -1602.1677895860935, -1568.5395911426658, -1544.8552973541712, -1149.1975351239366, -1517.5875707954085, -1172.1237259783416, -615.2598718454502, -1537.197574046784, -1535.4150813258627, -1481.1807418621702, -1503.8425281895804, -1534.2007118263853, -1497.2010922988893, -1446.5887675094893, -620.0411588498574, -1565.3961205041876, -1454.3660181565485, -1551.0774821028683, -1516.0038838877897, -1462.9590106617575, -1533.0009501566465, -1492.668684674129, -1512.1441925439142, -607.4203158380184, -993.091030399426, -970.1781041292378, -1376.4024878436899, -1523.1938368439214, -1502.9118985204595, -1498.877782475995, -1439.2397266409544, -1459.0273662427262, -1455.2442566811296, -395.4556532301938, -453.0158269077817, -1370.827766925451, -932.4338639738588, -1437.9034990766459, -1434.3365274928783, -1419.7364912552393, -1423.5238962869732, -1465.431634185771, -1047.462946023345, -1488.5030543067592, -1442.6243105076069, -1422.4512843905957, -1362.4166900914813, -1354.806203676006, -401.5064245828333, -1407.398676817613, -1369.4883685787397, -1252.0628272191432, -625.5888791009597, -394.5561039309391, -470.5841532117316, -416.4701287976465, -871.7077708116078], "cost": [1659.623362462922, 1647.7146183110685, 1564.7387907495636, 1647.3690180305314, 518.6468813219476, 1587.3742255491763, 1638.8462252121435, 1588.7963212136929, 1615.7736270658866, 1635.574969127272, 1629.8933634560844, 1558.4345875420613, 1629.3092420344256, 1553.1724667393598, 1606.6707312034919, 1548.8931527519878, 1563.1946836531906, 1578.835461071423, 1572.5343453258463, 1591.1593971434606, 1535.635978120026, 1598.2014828665945, 1601.82502539904, 1620.3049337964424, 1602.1677895860935, 1568.5395911426658, 1544.8552973541712, 1149.1975351239366, 1517.5875707954085, 1172.1237259783416, 615.2598718454502, 1537.197574046784, 1535.4150813258627, 1481.1807418621702, 1503.8425281895804, 1534.2007118263853, 1497.2010922988893, 1446.5887675094893, 620.0411588498574, 1565.3961205041876, 1454.3660181565485, 1551.0774821028683, 1516.0038838877897, 1462.9590106617575, 1533.0009501566465, 1492.668684674129, 1512.1441925439142, 607.4203158380184, 993.091030399426, 970.1781041292378, 1376.4024878436899, 1523.1938368439214, 1502.9118985204595, 1498.877782475995, 1439.2397266409544, 1459.0273662427262, 1455.2442566811296, 395.4556532301938, 453.0158269077817, 1370.827766925451, 932.4338639738588, 1437.9034990766459, 1434.3365274928783, 1419.7364912552393, 1423.5238962869732, 1465.431634185771, 1047.462946023345, 1488.5030543067592, 1442.6243105076069, 1422.4512843905957, 1362.4166900914813, 1354.806203676006, 401.5064245828333, 1407.398676817613, 1369.4883685787397, 1252.0628272191432, 625.5888791009597, 394.5561039309391, 470.5841532117316, 416.4701287976465, 871.7077708116078], "overtime": [false, false, false, false, true, false, false, false, false, false, false, false, false, false, false, false, false, false, false, false, false, false, false, false, false, false, false, true, false, true, true, true, false, false, false, false, false, true, true, false, false, false, false, false, false, false, false, true, true, true, true, false, true, false, false, false, false, true, true, true, true, true, false, false, false, false, true, false, false, false, false, true, true, true, false, true, true, true, true, true, true], "really_average_reduce_rate": 0.4250601678698009, "greedy_cost": 1614.5077802546414, "greedy_overtime": false, "algo": "ppo"}