{"reward": [-1590.7653961095778, -1683.6224840609557, -1592.513647534524, -1612.9877790861678, -1667.5262185705367, -1509.4105038791351, -1594.4513240832098, -1541.1818371627758, -517.2683858669919, -1610.8156966305153, -1674.5459185755724, -1673.316500009457, -1680.4709911681816, -1688.016646856201, -1625.5687715696, -1609.2870942713696, -1606.7973204358573, -1588.3588944499572, -1630.2580253633403, -1664.1002200105977, -1657.5022861423724, -1643.9734154610528, -1653.9639122265962, -1603.5316425258673, -1593.4206632812043, -1624.04964350923, -1625.8558789542608, -1636.266065299876, -1663.8865280185555, -1635.2044787450707, -1662.4595972466955, -1603.3256158004717, -1554.3259706414503, -1558.982267641976, -1660.0311367484017, -1636.6034259868613, -1631.4735985115465, -503.33451458843405, -1600.411445765246, -1510.720719201631, -1519.0758700444092, -1649.350959557136, -1548.2708768443572, -1592.083611465684, -1533.9929038186094, -1521.6441645015316, -1506.1957003416119, -1482.8806888815109, -1582.0045859851598, -1564.645809848142, -1554.2204166588463, -1508.856386688427, -1599.9971240771015, -1100.278220412759, -1549.0727972333411, -1625.5158311448254, -662.7377652810327, -1562.217968170588, -914.4409773865522, -487.8089164011831, -1449.5472937684606, -603.4238151453432, -1587.4227156675984, -1540.8879694577784, -1384.8507323753186, -1440.1921529262238, -1470.0594540191355, -1526.5122862778524, -1493.8519451952177, -1478.5207750943403, -1543.5692462987815, -628.8506841298938, -1445.0842620020649, -1344.012594579244, -1499.4826216176991, -1388.5045976449646, -1165.4984981811317, -882.5543791494146, -946.451892329538, -1492.5535147101064, -1355.6362830563535, -1351.5347224528812, -461.83727465658427, -496.1310417045187, -1433.0439681553175, -454.8259467466361, -1466.1390768501913, -1386.7262833154673, -1406.608939885655, -1374.0390660857124, -1066.0369210977292, -1388.0450470135831, -1405.1784018895496, -1367.2782847650906, -529.9218013747033, -1327.1143239673042, -1412.031785187209, -437.4579036444982, -429.8404947606658, -573.1432016450821, -956.2490399702814, -1370.7529505001469, -1312.3154429126896, -1370.8701443174766, -382.95245938961386, -516.9744687278102, -776.600332298381, -442.73072306870483, -1189.9306443102748], "cost": [1590.7653961095778, 1683.6224840609557, 1592.513647534524, 1612.9877790861678, 1667.5262185705367, 1509.4105038791351, 1594.4513240832098, 1541.1818371627758, 517.2683858669919, 1610.8156966305153, 1674.5459185755724, 1673.316500009457, 1680.4709911681816, 1688.016646856201, 1625.5687715696, 1609.2870942713696, 1606.7973204358573, 1588.3588944499572, 1630.2580253633403, 1664.1002200105977, 1657.5022861423724, 1643.9734154610528, 1653.9639122265962, 1603.5316425258673, 1593.4206632812043, 1624.04964350923, 1625.8558789542608, 1636.266065299876, 1663.8865280185555, 1635.2044787450707, 1662.4595972466955, 1603.3256158004717, 1554.3259706414503, 1558.982267641976, 1660.0311367484017, 1636.6034259868613, 1631.4735985115465, 503.33451458843405, 1600.411445765246, 1510.720719201631, 1519.0758700444092, 1649.350959557136, 1548.2708768443572, 1592.083611465684, 1533.9929038186094, 1521.6441645015316, 1506.1957003416119, 1482.8806888815109, 1582.0045859851598, 1564.645809848142, 1554.2204166588463, 1508.856386688427, 1599.9971240771015, 1100.278220412759, 1549.0727972333411, 1625.5158311448254, 662.7377652810327, 1562.217968170588, 914.4409773865522, 487.8089164011831, 1449.5472937684606, 603.4238151453432, 1587.4227156675984, 1540.8879694577784, 1384.8507323753186, 1440.1921529262238, 1470.0594540191355, 1526.5122862778524, 1493.8519451952177, 1478.5207750943403, 1543.5692462987815, 628.8506841298938, 1445.0842620020649, 1344.012594579244, 1499.4826216176991, 1388.5045976449646, 1165.4984981811317, 882.5543791494146, 946.451892329538, 1492.5535147101064, 1355.6362830563535, 1351.5347224528812, 461.83727465658427, 496.1310417045187, 1433.0439681553175, 454.8259467466361, 1466.1390768501913, 1386.7262833154673, 1406.608939885655, 1374.0390660857124, 1066.0369210977292, 1388.0450470135831, 1405.1784018895496, 1367.2782847650906, 529.9218013747033, 1327.1143239673042, 1412.031785187209, 437.4579036444982, 429.8404947606658, 573.1432016450821, 956.2490399702814, 1370.7529505001469, 1312.3154429126896, 1370.8701443174766, 382.95245938961386, 516.9744687278102, 776.600332298381, 442.73072306870483, 1189.9306443102748], "overtime": [false, false, false, false, false, false, false, false, true, false, false, false, false, false, false, false, false, false, false, false, false, false, false, true, false, false, false, true, false, false, false, false, false, false, false, false, false, true, true, false, true, false, true, false, false, false, false, true, false, false, false, false, false, true, false, false, true, false, true, true, false, true, false, false, true, false, false, false, false, true, false, true, true, true, false, false, true, true, true, false, true, true, true, true, false, true, false, true, false, false, true, true, false, true, true, true, false, true, true, true, true, false, false, true, true, true, true, true, true], "really_average_reduce_rate": 0.4250601678698009, "greedy_cost": 1614.5077802546414, "greedy_overtime": false, "algo": "ppo"}