{"reward": [-1821.5673232915735, -1789.4304120185236, -1841.6204644538293, -1752.478072238239, -1825.8005110602282, -1825.9457734066818, -1831.0779530134894, -1861.1442972313619, -1800.908354904141, -1889.2680913802988, -1791.77783570909, -1806.477239079123, -1777.9729176349026, -1785.768734208486, -1172.660264687025, -1764.8860796095898, -1768.4685734256268, -1572.8062639689074, -1757.9589348229872, -1756.530047138259, -1728.1049313934714, -1729.924680560269, -1809.862927028575, -1751.576030601776, -1722.488302239833, -1055.8816695642474, -1674.5746215650531, -1644.5653656269892, -1641.9984248719927, -1723.8604014159096, -491.81747865278277, -1644.162600033871, -1032.8591935369927, -1714.6796090004048, -1699.570907541906, -1770.6844902406726, -1607.5171956662932, -1616.2932691419594, -1020.3110871281742, -1226.1732740657674, -1655.6187446902984, -1178.109284139276, -1134.4341854969973, -1731.2040967315359, -1664.9923035527875, -1609.7044491643096, -1522.42561047066, -1371.8684329889247, -1457.2087455274905, -1557.4633886852869, -1632.1589701771375, -1514.1755785238665, -1593.0928515253036, -366.06003668001836, -571.1093734391128, -1484.311235867227, -513.2533291566369, -495.18096286552947, -831.5461797209642, -1360.734464805071, -437.4701541710177, -915.0464207203593], "cost": [1821.5673232915735, 1789.4304120185236, 1841.6204644538293, 1752.478072238239, 1825.8005110602282, 1825.9457734066818, 1831.0779530134894, 1861.1442972313619, 1800.908354904141, 1889.2680913802988, 1791.77783570909, 1806.477239079123, 1777.9729176349026, 1785.768734208486, 1172.660264687025, 1764.8860796095898, 1768.4685734256268, 1572.8062639689074, 1757.9589348229872, 1756.530047138259, 1728.1049313934714, 1729.924680560269, 1809.862927028575, 1751.576030601776, 1722.488302239833, 1055.8816695642474, 1674.5746215650531, 1644.5653656269892, 1641.9984248719927, 1723.8604014159096, 491.81747865278277, 1644.162600033871, 1032.8591935369927, 1714.6796090004048, 1699.570907541906, 1770.6844902406726, 1607.5171956662932, 1616.2932691419594, 1020.3110871281742, 1226.1732740657674, 1655.6187446902984, 1178.109284139276, 1134.4341854969973, 1731.2040967315359, 1664.9923035527875, 1609.7044491643096, 1522.42561047066, 1371.8684329889247, 1457.2087455274905, 1557.4633886852869, 1632.1589701771375, 1514.1755785238665, 1593.0928515253036, 366.06003668001836, 571.1093734391128, 1484.311235867227, 513.2533291566369, 495.18096286552947, 831.5461797209642, 1360.734464805071, 437.4701541710177, 915.0464207203593], "overtime": [false, false, false, false, false, false, false, false, false, false, false, false, false, false, true, false, false, true, false, false, false, false, false, false, false, true, false, false, false, false, true, false, true, false, false, false, false, false, true, true, false, true, true, false, false, false, true, true, true, false, false, false, false, true, true, false, true, true, true, true, true, true], "really_average_reduce_rate": 0.4324602310187972, "greedy_cost": 1761.416584463893, "greedy_overtime": false, "algo": "ppo"}