{"reward": [-1858.6600098266554, -1805.4809987442943, -1809.7735049398902, -1695.9903914261242, -1204.323276929017, -1781.5562253156315, -1165.9163485312363, -1842.1812959462318, -1854.462662180067, -1818.307966407846, -1813.614659046737, -599.4898724402112, -1867.5156983748923, -1804.3843586965756, -1805.8541384052494, -1801.3536061181696, -1808.652386528469, -1749.115286425996, -1802.2498656103028, -1749.9620936572478, -1809.8148394410703, -1815.9596433436327, -1750.358222276653, -1702.6538051771934, -1835.5262489184938, -1786.0105450461904, -1787.049076678288, -1620.5938358966464, -650.242086763428, -1158.3926738832427, -1769.724341142719, -1765.2884900950469, -1737.6745463391962, -542.8745137184482, -1786.0145278207783, -1775.8349205949078, -1690.0295731845117, -1792.5709886701977, -1697.0966871274654, -1761.9687067232016, -1552.2176890228884, -1708.2864037215172, -561.8385649100686, -671.3236627526204, -1756.5110687299825, -1818.754605144794, -1633.7619627143642, -1745.6942480479474, -1686.0593115037786, -1598.1790962940654, -1746.6622587423496, -1667.2426928248267, -1643.3061804151735, -1715.8973615797893, -1461.5650043843789, -1079.4723136808718, -1626.2251791424876, -679.8673351449612, -577.9805292912014, -1611.116503887997, -1621.4747325244641, -1078.2755619888003, -1675.9417352212697, -549.615554673886, -1546.1436717736165, -481.46329031400364, -1622.6284517822974, -994.6573801457873, -1452.0715109640082, -1546.2236168956385, -651.835005791159, -458.03773060674763, -499.8492438036203, -1113.61113367986, -1552.0828808517394, -518.7871770768423, -1491.3961612993587, -1056.3155121867824, -1429.7561134087855, -520.5659114336877, -550.6407389529979, -451.13372988644034, -452.9498113176317, -461.86036898568267, -876.6601936438583], "cost": [1858.6600098266554, 1805.4809987442943, 1809.7735049398902, 1695.9903914261242, 1204.323276929017, 1781.5562253156315, 1165.9163485312363, 1842.1812959462318, 1854.462662180067, 1818.307966407846, 1813.614659046737, 599.4898724402112, 1867.5156983748923, 1804.3843586965756, 1805.8541384052494, 1801.3536061181696, 1808.652386528469, 1749.115286425996, 1802.2498656103028, 1749.9620936572478, 1809.8148394410703, 1815.9596433436327, 1750.358222276653, 1702.6538051771934, 1835.5262489184938, 1786.0105450461904, 1787.049076678288, 1620.5938358966464, 650.242086763428, 1158.3926738832427, 1769.724341142719, 1765.2884900950469, 1737.6745463391962, 542.8745137184482, 1786.0145278207783, 1775.8349205949078, 1690.0295731845117, 1792.5709886701977, 1697.0966871274654, 1761.9687067232016, 1552.2176890228884, 1708.2864037215172, 561.8385649100686, 671.3236627526204, 1756.5110687299825, 1818.754605144794, 1633.7619627143642, 1745.6942480479474, 1686.0593115037786, 1598.1790962940654, 1746.6622587423496, 1667.2426928248267, 1643.3061804151735, 1715.8973615797893, 1461.5650043843789, 1079.4723136808718, 1626.2251791424876, 679.8673351449612, 577.9805292912014, 1611.116503887997, 1621.4747325244641, 1078.2755619888003, 1675.9417352212697, 549.615554673886, 1546.1436717736165, 481.46329031400364, 1622.6284517822974, 994.6573801457873, 1452.0715109640082, 1546.2236168956385, 651.835005791159, 458.03773060674763, 499.8492438036203, 1113.61113367986, 1552.0828808517394, 518.7871770768423, 1491.3961612993587, 1056.3155121867824, 1429.7561134087855, 520.5659114336877, 550.6407389529979, 451.13372988644034, 452.9498113176317, 461.86036898568267, 876.6601936438583], "overtime": [false, false, false, true, true, false, true, false, false, false, false, true, false, false, false, false, false, false, false, false, false, false, false, false, false, false, false, true, true, true, false, false, false, true, false, false, false, false, false, false, true, true, true, true, false, false, false, false, false, true, false, false, false, false, true, true, false, true, true, false, false, true, false, true, false, true, false, true, true, false, true, true, true, true, false, true, false, true, false, true, true, true, true, true, true], "really_average_reduce_rate": 0.4324602310187972, "greedy_cost": 1761.416584463893, "greedy_overtime": false, "algo": "ppo"}