{"reward": [-1847.1553692748043, -1784.0999041802731, -1782.4909313646142, -1733.8098112686923, -1780.9434946122499, -1827.1357435982031, -1776.8494086257563, -1726.3884771556513, -1774.368062085529, -1775.1736922992297, -1792.0660253576382, -1789.2953022044812, -1659.562754134407, -1685.5877648729095, -1091.5199430742198, -1644.4780993452757, -1079.1344904871744, -1126.344347695466, -580.6444117848574, -1752.9120166369182, -1664.8212998549745, -559.4996881464774, -1681.1604386228792, -1691.3351247567582, -1741.174693103637, -1042.2022203344477, -632.6586384549827, -530.9619188559058, -1621.282456295807, -1675.5046640567027, -1588.0795139893612, -628.0105881133954, -1677.0064566050667, -1612.8769968168253, -1496.195915352069, -506.294035375826, -511.1010350489709, -1542.90231781507, -452.2522167417127, -1559.1753193213153, -628.2568369897737, -1022.9367339906092, -1486.8780351335927, -910.1186299267507, -444.4963811381627, -507.7372745898179, -601.7317566468193, -1101.6927535960365, -1473.4717616428538, -1525.7493322207035, -867.4073734602053, -605.8300968391729, -581.3332211817522, -1505.273621866201, -511.5473848939128, -390.9914988851638, -1021.882100899554, -540.3919979783891, -496.04583324044927, -1024.3212313684537], "cost": [1847.1553692748043, 1784.0999041802731, 1782.4909313646142, 1733.8098112686923, 1780.9434946122499, 1827.1357435982031, 1776.8494086257563, 1726.3884771556513, 1774.368062085529, 1775.1736922992297, 1792.0660253576382, 1789.2953022044812, 1659.562754134407, 1685.5877648729095, 1091.5199430742198, 1644.4780993452757, 1079.1344904871744, 1126.344347695466, 580.6444117848574, 1752.9120166369182, 1664.8212998549745, 559.4996881464774, 1681.1604386228792, 1691.3351247567582, 1741.174693103637, 1042.2022203344477, 632.6586384549827, 530.9619188559058, 1621.282456295807, 1675.5046640567027, 1588.0795139893612, 628.0105881133954, 1677.0064566050667, 1612.8769968168253, 1496.195915352069, 506.294035375826, 511.1010350489709, 1542.90231781507, 452.2522167417127, 1559.1753193213153, 628.2568369897737, 1022.9367339906092, 1486.8780351335927, 910.1186299267507, 444.4963811381627, 507.7372745898179, 601.7317566468193, 1101.6927535960365, 1473.4717616428538, 1525.7493322207035, 867.4073734602053, 605.8300968391729, 581.3332211817522, 1505.273621866201, 511.5473848939128, 390.9914988851638, 1021.882100899554, 540.3919979783891, 496.04583324044927, 1024.3212313684537], "overtime": [false, false, false, false, false, false, false, false, false, false, false, false, true, false, true, false, true, true, true, false, false, true, false, false, false, true, true, true, false, false, true, true, true, false, false, true, true, false, true, false, true, true, false, true, true, true, true, true, false, true, true, true, true, false, true, true, true, true, true, true], "really_average_reduce_rate": 0.4324602310187972, "greedy_cost": 1761.416584463893, "greedy_overtime": false, "algo": "ppo"}