{"reward": [-1744.9302783847618, -1688.2715895305382, -1787.0809540338362, -1732.5880375086333, -1683.5686814684714, -1680.8747585294134, -1718.554247790184, -1717.647868106542, -1727.5710046535653, -660.2800841755227, -1677.4087902933095, -1693.5284879356552, -515.5631183711627, -522.946675423486, -1544.9507810687835, -1195.0743196940612, -964.989155172835, -1689.0901563960983, -1639.8667405962394, -487.6181471941991, -1628.4218088983855, -1456.5225971037705, -1593.1452120174747, -1585.5094451318412, -1490.1128546942223, -1245.990344175854, -1664.7111189660063, -1042.8665999734949, -1581.1371260714257, -1574.6365116969314, -1452.8534645476757, -488.0356207588775, -1595.6984463741076, -1585.8321083082349, -1587.08305288055, -609.6180424594972, -1240.4716742509038, -621.9425814542175, -1549.4356557127003, -1211.589115978554, -1519.072757003558, -1504.8150990171457, -469.6408350115546, -1507.899096356947, -1090.572795556812, -1389.4674464612274, -589.9339490406123, -828.7385126973035], "cost": [1744.9302783847618, 1688.2715895305382, 1787.0809540338362, 1732.5880375086333, 1683.5686814684714, 1680.8747585294134, 1718.554247790184, 1717.647868106542, 1727.5710046535653, 660.2800841755227, 1677.4087902933095, 1693.5284879356552, 515.5631183711627, 522.946675423486, 1544.9507810687835, 1195.0743196940612, 964.989155172835, 1689.0901563960983, 1639.8667405962394, 487.6181471941991, 1628.4218088983855, 1456.5225971037705, 1593.1452120174747, 1585.5094451318412, 1490.1128546942223, 1245.990344175854, 1664.7111189660063, 1042.8665999734949, 1581.1371260714257, 1574.6365116969314, 1452.8534645476757, 488.0356207588775, 1595.6984463741076, 1585.8321083082349, 1587.08305288055, 609.6180424594972, 1240.4716742509038, 621.9425814542175, 1549.4356557127003, 1211.589115978554, 1519.072757003558, 1504.8150990171457, 469.6408350115546, 1507.899096356947, 1090.572795556812, 1389.4674464612274, 589.9339490406123, 828.7385126973035], "overtime": [false, true, false, false, false, false, false, true, false, true, false, false, true, true, false, true, true, false, false, true, false, true, false, false, true, true, false, true, false, true, true, true, false, true, false, true, true, true, false, true, true, false, true, true, true, true, true, true], "really_average_reduce_rate": 0.4324602310187972, "greedy_cost": 1761.416584463893, "greedy_overtime": false, "algo": "ppo"}