{"reward": [-1897.9471964796262, -1788.310655058623, -1679.6892987568124, -1765.9676549475, -1751.896645156948, -1795.255738437195, -1722.507286914738, -1687.6682642198546, -1789.5966206622418, -1765.4972740552869, -1692.588303305134, -1689.8340033556915, -1635.887294892771, -1757.3669299197854, -1656.101091599512, -535.8070081502941, -1705.8696151315057, -1710.040603140192, -1694.1761558980772, -1620.3873107007996, -1638.8979503834728, -1628.341843595002, -1568.2780448916465, -540.3227890055807, -1648.1045115637962, -1626.5271517740575, -600.4137591558414, -1596.4618562159237, -1658.0644067199808, -1620.420620834884, -1651.466765744035, -644.8851339089222, -1540.5223938002077, -984.709382887482, -1623.5503982705718, -495.19690882173364, -1687.6019062247688, -981.6226405142708, -1555.8743457121407, -1592.2415090817592, -1094.918580799438, -1594.199533930327, -1039.2631962178918, -536.736175551386, -977.2737561218996, -1527.2578419998206, -1556.364399737604, -1545.6560414649741, -1119.8228594721757, -1517.3267236605564, -481.83616494080036, -1516.1702309476404, -1356.1001074039204, -856.5959446392112, -1133.9483479712912, -630.8945980092323, -428.4261178388912, -510.9111993504132], "cost": [1897.9471964796262, 1788.310655058623, 1679.6892987568124, 1765.9676549475, 1751.896645156948, 1795.255738437195, 1722.507286914738, 1687.6682642198546, 1789.5966206622418, 1765.4972740552869, 1692.588303305134, 1689.8340033556915, 1635.887294892771, 1757.3669299197854, 1656.101091599512, 535.8070081502941, 1705.8696151315057, 1710.040603140192, 1694.1761558980772, 1620.3873107007996, 1638.8979503834728, 1628.341843595002, 1568.2780448916465, 540.3227890055807, 1648.1045115637962, 1626.5271517740575, 600.4137591558414, 1596.4618562159237, 1658.0644067199808, 1620.420620834884, 1651.466765744035, 644.8851339089222, 1540.5223938002077, 984.709382887482, 1623.5503982705718, 495.19690882173364, 1687.6019062247688, 981.6226405142708, 1555.8743457121407, 1592.2415090817592, 1094.918580799438, 1594.199533930327, 1039.2631962178918, 536.736175551386, 977.2737561218996, 1527.2578419998206, 1556.364399737604, 1545.6560414649741, 1119.8228594721757, 1517.3267236605564, 481.83616494080036, 1516.1702309476404, 1356.1001074039204, 856.5959446392112, 1133.9483479712912, 630.8945980092323, 428.4261178388912, 510.9111993504132], "overtime": [false, false, true, false, false, false, false, false, false, false, false, false, false, false, false, true, false, false, false, false, false, false, false, true, false, false, true, true, false, false, false, true, false, true, false, true, false, true, true, false, true, false, true, true, true, true, true, false, true, false, true, false, true, true, true, true, true, true], "really_average_reduce_rate": 0.4324602310187972, "greedy_cost": 1761.416584463893, "greedy_overtime": false, "algo": "ppo"}