{"reward": [-1746.8040781738807, -1903.6124085288507, -1795.4468640799466, -1782.6750111718768, -1766.104390636078, -1742.8435744832464, -1786.2901096456974, -539.9293298780916, -1781.2931542282845, -553.256973295146, -1778.9258395146405, -502.83195472037414, -1736.692628136873, -1794.0347700593911, -1782.060349059189, -1697.0123511687298, -1785.1438655131878, -1768.4705208049163, -1722.87013985376, -1812.23771252473, -1764.8653357936457, -1748.5834867775084, -1733.0622344867618, -1709.1335130690786, -1734.338495158918, -1131.3321141393287, -1722.4299456222186, -1758.2075030941999, -1582.4693001049006, -1276.699116881099, -1685.363556807266, -1571.6060369500806, -1759.6241406507236, -1694.2667789015923, -1610.0706889294659, -1072.3543333212474, -1684.3167264493848, -1479.3189258816005, -485.0925351404213, -488.4714334157201, -1698.683690331394, -1004.1748976956395, -1006.8904164958178, -1646.8647790841774, -1632.9884918250157, -1017.4464154509162, -1576.7065073183555, -499.05497598504627, -1568.0311420536038, -1443.2052659454935, -1528.3646079593543, -494.08997540216893, -1514.373621239067, -1507.9047855606493, -491.9321340760963, -1279.9760983113295, -1318.7625729538502, -1371.631007991629, -1515.0358242154036, -1310.0708748840173, -1563.0793236937282, -1428.610349283889, -1472.730262530624, -587.7962179700378, -466.99158834696755, -447.3969969098363, -400.6046869291364, -454.92030981053574, -1030.050776579147], "cost": [1746.8040781738807, 1903.6124085288507, 1795.4468640799466, 1782.6750111718768, 1766.104390636078, 1742.8435744832464, 1786.2901096456974, 539.9293298780916, 1781.2931542282845, 553.256973295146, 1778.9258395146405, 502.83195472037414, 1736.692628136873, 1794.0347700593911, 1782.060349059189, 1697.0123511687298, 1785.1438655131878, 1768.4705208049163, 1722.87013985376, 1812.23771252473, 1764.8653357936457, 1748.5834867775084, 1733.0622344867618, 1709.1335130690786, 1734.338495158918, 1131.3321141393287, 1722.4299456222186, 1758.2075030941999, 1582.4693001049006, 1276.699116881099, 1685.363556807266, 1571.6060369500806, 1759.6241406507236, 1694.2667789015923, 1610.0706889294659, 1072.3543333212474, 1684.3167264493848, 1479.3189258816005, 485.0925351404213, 488.4714334157201, 1698.683690331394, 1004.1748976956395, 1006.8904164958178, 1646.8647790841774, 1632.9884918250157, 1017.4464154509162, 1576.7065073183555, 499.05497598504627, 1568.0311420536038, 1443.2052659454935, 1528.3646079593543, 494.08997540216893, 1514.373621239067, 1507.9047855606493, 491.9321340760963, 1279.9760983113295, 1318.7625729538502, 1371.631007991629, 1515.0358242154036, 1310.0708748840173, 1563.0793236937282, 1428.610349283889, 1472.730262530624, 587.7962179700378, 466.99158834696755, 447.3969969098363, 400.6046869291364, 454.92030981053574, 1030.050776579147], "overtime": [false, false, false, false, false, false, false, true, false, true, false, true, false, false, false, false, false, false, true, false, false, false, false, false, false, true, false, false, true, true, false, true, false, false, false, true, false, true, true, true, false, true, true, false, false, true, false, true, false, true, true, true, false, false, true, true, true, true, false, true, false, false, false, true, true, true, true, true, true], "really_average_reduce_rate": 0.4324602310187972, "greedy_cost": 1761.416584463893, "greedy_overtime": false, "algo": "ppo"}