{"reward": [-1827.4182181943029, -1750.6955599713895, -1821.1545114189494, -1747.844750393463, -1663.2374531004482, -720.9044652611022, -1656.8730512536235, -1751.5991723077107, -1781.750342343907, -1778.5144462191884, -1768.8773812664508, -1668.0725844653148, -639.6975000958236, -1750.4721578332224, -1804.0825790786664, -1761.2041744531696, -1723.865985070394, -1739.6396072066034, -1760.9293494398805, -1699.589094761954, -1727.9003762145912, -1635.5604590576609, -1688.4793016340225, -1714.97093047945, -1648.2715877571059, -522.8111816142682, -498.91247043086213, -1735.7151217464932, -1658.7373525109415, -534.6330758755557, -1657.4016244264965, -1606.7255988246677, -668.8420995683504, -1488.788045426905, -1189.7108252484725, -1000.6247514688866, -1622.4805046640058, -1085.7637710383447, -1151.1236062139, -461.78802617510763, -1019.0665002648805, -477.14369515400364, -502.4556430858929], "cost": [1827.4182181943029, 1750.6955599713895, 1821.1545114189494, 1747.844750393463, 1663.2374531004482, 720.9044652611022, 1656.8730512536235, 1751.5991723077107, 1781.750342343907, 1778.5144462191884, 1768.8773812664508, 1668.0725844653148, 639.6975000958236, 1750.4721578332224, 1804.0825790786664, 1761.2041744531696, 1723.865985070394, 1739.6396072066034, 1760.9293494398805, 1699.589094761954, 1727.9003762145912, 1635.5604590576609, 1688.4793016340225, 1714.97093047945, 1648.2715877571059, 522.8111816142682, 498.91247043086213, 1735.7151217464932, 1658.7373525109415, 534.6330758755557, 1657.4016244264965, 1606.7255988246677, 668.8420995683504, 1488.788045426905, 1189.7108252484725, 1000.6247514688866, 1622.4805046640058, 1085.7637710383447, 1151.1236062139, 461.78802617510763, 1019.0665002648805, 477.14369515400364, 502.4556430858929], "overtime": [false, false, false, false, true, true, false, true, false, false, false, false, true, false, false, false, false, false, false, false, false, false, false, false, false, true, true, false, false, true, false, true, true, true, true, true, false, true, true, true, true, true, true], "really_average_reduce_rate": 0.4324602310187972, "greedy_cost": 1761.416584463893, "greedy_overtime": false, "algo": "ppo"}