{"reward": [-1869.3580584374824, -1857.1135806244624, -1768.5776967814954, -1881.6559257325166, -1810.269432882854, -1803.1001430509712, -1805.5772038758648, -1164.3580938065613, -1132.3747474922143, -1817.7424445977172, -1764.2397133583024, -1731.7147857467946, -1755.6272343845014, -1790.0511064826896, -1050.645392243302, -1696.8633537904643, -1788.8231761665838, -1772.7580563246931, -1721.4019231522743, -1801.4468318870954, -1796.724390586598, -1855.5603227228962, -1678.5057959385679, -1718.242237834558, -1790.0954198035233, -1633.2513196374393, -1803.5095237020969, -1679.3222312563212, -1745.1639679690543, -1648.6579601776705, -1751.7837668970617, -543.2221418240755, -1000.1994892727862, -1128.85409379106, -1724.7356917149948, -1080.6236723390025, -1503.2455548226262, -1723.3824026028724, -1740.3983446005554, -1568.287201031726, -1646.9431647878253, -1678.0563805558916, -1713.6218706220218, -527.1741399227174, -1596.0815632373478, -1662.8433332246543, -1620.2384696763663, -456.1567304523194, -1603.4344110569373, -1208.4419640925264, -1596.2479048090065, -1548.5306493337928, -691.3932778269798, -1661.3880517152797, -1512.5643267889416, -1565.956547604009, -661.9189725795761, -1532.9724307200688, -1469.8640144460746, -449.42061819021575, -1115.4981090714975, -481.55533675421003, -504.469058974385, -526.6099289091677, -448.375816196827], "cost": [1869.3580584374824, 1857.1135806244624, 1768.5776967814954, 1881.6559257325166, 1810.269432882854, 1803.1001430509712, 1805.5772038758648, 1164.3580938065613, 1132.3747474922143, 1817.7424445977172, 1764.2397133583024, 1731.7147857467946, 1755.6272343845014, 1790.0511064826896, 1050.645392243302, 1696.8633537904643, 1788.8231761665838, 1772.7580563246931, 1721.4019231522743, 1801.4468318870954, 1796.724390586598, 1855.5603227228962, 1678.5057959385679, 1718.242237834558, 1790.0954198035233, 1633.2513196374393, 1803.5095237020969, 1679.3222312563212, 1745.1639679690543, 1648.6579601776705, 1751.7837668970617, 543.2221418240755, 1000.1994892727862, 1128.85409379106, 1724.7356917149948, 1080.6236723390025, 1503.2455548226262, 1723.3824026028724, 1740.3983446005554, 1568.287201031726, 1646.9431647878253, 1678.0563805558916, 1713.6218706220218, 527.1741399227174, 1596.0815632373478, 1662.8433332246543, 1620.2384696763663, 456.1567304523194, 1603.4344110569373, 1208.4419640925264, 1596.2479048090065, 1548.5306493337928, 691.3932778269798, 1661.3880517152797, 1512.5643267889416, 1565.956547604009, 661.9189725795761, 1532.9724307200688, 1469.8640144460746, 449.42061819021575, 1115.4981090714975, 481.55533675421003, 504.469058974385, 526.6099289091677, 448.375816196827], "overtime": [false, false, false, false, false, false, false, true, true, false, false, false, false, false, true, true, false, false, false, false, false, false, true, false, false, false, false, false, false, false, false, true, true, true, false, true, true, false, false, false, false, false, false, true, true, false, false, true, false, true, false, true, true, false, true, false, true, false, false, true, true, true, true, true, true], "really_average_reduce_rate": 0.4324602310187972, "greedy_cost": 1761.416584463893, "greedy_overtime": false, "algo": "ppo"}