{"reward": [-1880.2480228811887, -1896.5204061963136, -1776.4677551916623, -1902.264104701999, -1837.6219179011703, -1780.7504307695024, -1841.7873494545006, -551.5936663091461, -1751.4413723383757, -1894.7783308400965, -1763.2428159981048, -1838.2894122365408, -1795.731068143808, -1871.5972645326246, -1752.6641551850742, -1804.721219573722, -1837.4687935012857, -568.2161957698686, -532.1406414506488, -1771.4697195058607, -1715.254183041967, -1734.0948208992202, -1717.3232821657812, -1706.8132908958767, -1792.7007262352581, -1737.7934776825837, -1760.077091597105, -1821.4412625220612, -1783.8187231150375, -1796.5869643749108, -1812.28398508831, -1757.8600894667493, -1650.4123204878733, -1710.2219979990557, -1726.2214801021307, -1771.8601406528728, -1753.9708005736688, -1746.3735479372938, -1631.6433937738564, -1056.705637601595, -1723.022797333683, -1743.3642561132274, -1797.4902195786794, -1747.6896062055055, -1741.7061338785018, -1721.0005585959657, -1726.402611139445, -1652.1036702834353, -1224.9857541118104, -1711.4911636289783, -1628.3501219306877, -1613.4022788978375, -1753.7523537606003, -1679.187102521063, -1670.5553184885446, -1659.5937850078851, -1722.8557087466506, -1020.4398632314698, -1645.2500550421055, -439.14697251236987, -1746.1272391636867, -1685.3313596691116, -1665.4747398567756, -1710.9229068660277, -545.8829354133173, -1615.1709907224226, -1614.845920867148, -1689.3761846349696, -487.9257284933232, -1034.9873464554175, -531.0653057685029, -1615.5943175581108, -947.8063687048755, -1588.9001960985368, -1701.4108559543836, -1600.407199835126, -488.5796758014614, -1544.1656824809604, -500.5840203394368, -591.2165541601275, -1568.5231629559414, -1572.6830957361876, -1484.7876079081566, -1544.5050247945826, -518.7945518366432, -1463.492594610183, -472.496893120501, -1191.5412510040496, -1558.1708750192543, -480.7971139938756, -1525.9473233933666, -500.4946929278038, -470.27973438295527, -1489.2609079775127, -570.4183122168203, -480.48139365736387, -816.8219994143114, -1503.8069962022723, -925.8378230516514, -433.6287795664462, -591.6323587637958, -1344.5399867069723, -591.7096634753799, -1410.333979366822, -432.8994032810161, -420.3832263696473, -1284.323841099524, -493.24872521220703, -373.9643223366417, -520.7023455292825], "cost": [1880.2480228811887, 1896.5204061963136, 1776.4677551916623, 1902.264104701999, 1837.6219179011703, 1780.7504307695024, 1841.7873494545006, 551.5936663091461, 1751.4413723383757, 1894.7783308400965, 1763.2428159981048, 1838.2894122365408, 1795.731068143808, 1871.5972645326246, 1752.6641551850742, 1804.721219573722, 1837.4687935012857, 568.2161957698686, 532.1406414506488, 1771.4697195058607, 1715.254183041967, 1734.0948208992202, 1717.3232821657812, 1706.8132908958767, 1792.7007262352581, 1737.7934776825837, 1760.077091597105, 1821.4412625220612, 1783.8187231150375, 1796.5869643749108, 1812.28398508831, 1757.8600894667493, 1650.4123204878733, 1710.2219979990557, 1726.2214801021307, 1771.8601406528728, 1753.9708005736688, 1746.3735479372938, 1631.6433937738564, 1056.705637601595, 1723.022797333683, 1743.3642561132274, 1797.4902195786794, 1747.6896062055055, 1741.7061338785018, 1721.0005585959657, 1726.402611139445, 1652.1036702834353, 1224.9857541118104, 1711.4911636289783, 1628.3501219306877, 1613.4022788978375, 1753.7523537606003, 1679.187102521063, 1670.5553184885446, 1659.5937850078851, 1722.8557087466506, 1020.4398632314698, 1645.2500550421055, 439.14697251236987, 1746.1272391636867, 1685.3313596691116, 1665.4747398567756, 1710.9229068660277, 545.8829354133173, 1615.1709907224226, 1614.845920867148, 1689.3761846349696, 487.9257284933232, 1034.9873464554175, 531.0653057685029, 1615.5943175581108, 947.8063687048755, 1588.9001960985368, 1701.4108559543836, 1600.407199835126, 488.5796758014614, 1544.1656824809604, 500.5840203394368, 591.2165541601275, 1568.5231629559414, 1572.6830957361876, 1484.7876079081566, 1544.5050247945826, 518.7945518366432, 1463.492594610183, 472.496893120501, 1191.5412510040496, 1558.1708750192543, 480.7971139938756, 1525.9473233933666, 500.4946929278038, 470.27973438295527, 1489.2609079775127, 570.4183122168203, 480.48139365736387, 816.8219994143114, 1503.8069962022723, 925.8378230516514, 433.6287795664462, 591.6323587637958, 1344.5399867069723, 591.7096634753799, 1410.333979366822, 432.8994032810161, 420.3832263696473, 1284.323841099524, 493.24872521220703, 373.9643223366417, 520.7023455292825], "overtime": [false, false, false, false, false, false, false, true, false, false, false, false, false, false, false, false, false, true, true, false, false, false, false, false, false, false, false, false, false, false, false, false, false, false, false, false, false, false, true, true, false, false, false, false, false, false, false, false, true, false, false, true, false, false, true, true, false, true, false, true, false, false, false, false, true, false, false, false, true, true, true, false, true, false, false, false, true, false, true, true, false, false, true, true, true, false, true, true, false, true, false, true, true, false, true, true, true, false, true, true, true, true, true, false, true, true, true, true, true, true], "really_average_reduce_rate": 0.4324602310187972, "greedy_cost": 1761.416584463893, "greedy_overtime": false, "algo": "ppo"}