{"reward": [-1781.9365149484404, -1769.098649827515, -1769.2405547440424, -1845.8841434976196, -1749.8889706012894, -1785.1620917327632, -1769.2866031895403, -1322.734585823659, -717.6278885220272, -1779.480639325549, -1777.9397669201815, -1759.4285814781401, -1747.6235097970264, -1707.1765820747348, -1767.2810850825185, -1803.2252095770752, -1810.4943873220782, -1653.7561693446903, -1774.7302041748178, -1794.2399975573742, -1131.020086100204, -1717.3640059358274, -1810.3417866537911, -1694.8744084493167, -1677.6066203166276, -1563.0442069451888, -1047.5829542614517, -1138.419368204754, -1748.3143716371349, -1690.8948335670225, -1670.226123378491, -664.0490305829791, -1684.2336564687464, -1656.4018935819267, -1620.3326264927825, -1577.478916490469, -1617.5940142585612, -529.1481998557225, -1586.8866369197237, -1056.8467810743496, -1564.1048049825997, -513.1502226951716, -1555.5743564278634, -535.4772463041824, -1551.2739662733215, -476.4642720734423, -490.93464813617976, -1572.769095942053, -1137.444021558269, -1364.9516897468461, -588.5328490905559, -1519.3679994570366, -457.43555335411804, -1457.892513562534], "cost": [1781.9365149484404, 1769.098649827515, 1769.2405547440424, 1845.8841434976196, 1749.8889706012894, 1785.1620917327632, 1769.2866031895403, 1322.734585823659, 717.6278885220272, 1779.480639325549, 1777.9397669201815, 1759.4285814781401, 1747.6235097970264, 1707.1765820747348, 1767.2810850825185, 1803.2252095770752, 1810.4943873220782, 1653.7561693446903, 1774.7302041748178, 1794.2399975573742, 1131.020086100204, 1717.3640059358274, 1810.3417866537911, 1694.8744084493167, 1677.6066203166276, 1563.0442069451888, 1047.5829542614517, 1138.419368204754, 1748.3143716371349, 1690.8948335670225, 1670.226123378491, 664.0490305829791, 1684.2336564687464, 1656.4018935819267, 1620.3326264927825, 1577.478916490469, 1617.5940142585612, 529.1481998557225, 1586.8866369197237, 1056.8467810743496, 1564.1048049825997, 513.1502226951716, 1555.5743564278634, 535.4772463041824, 1551.2739662733215, 476.4642720734423, 490.93464813617976, 1572.769095942053, 1137.444021558269, 1364.9516897468461, 588.5328490905559, 1519.3679994570366, 457.43555335411804, 1457.892513562534], "overtime": [false, false, false, false, false, false, false, true, true, false, false, false, false, false, false, false, false, true, false, false, true, false, false, false, false, true, true, true, false, true, false, true, false, false, false, false, false, true, false, true, false, true, false, true, false, true, true, false, true, true, true, true, true, true], "really_average_reduce_rate": 0.4324602310187972, "greedy_cost": 1761.416584463893, "greedy_overtime": false, "algo": "ppo"}