{"reward": [-1971.3168162718146, -1980.356751253009, -1998.926226021285, -1989.2125696023754, -602.8543478011057, -1973.5644474929577, -1990.5615370688229, -1926.361123117516, -2011.1048714810345, -2052.2962689950978, -2016.9208964927595, -1900.8997947488078, -1936.5144410831954, -1980.4625473818385, -2025.9380538699875, -1975.8886939717008, -1725.4628133175152, -1948.6298817581312, -1857.1501305101356, -1895.074594055583, -1846.4535843166539, -1901.065271299835, -1909.9155595080376, -1629.1596219993473, -1786.6171139685257, -1893.5006165987259, -1663.741494735731, -1854.686366861119, -718.0825925592985, -1841.619080448999, -1681.7678710166927, -1721.1657885409147, -1903.2943813950092, -1845.6965193030164, -1902.4819115881262, -1951.0386347525214, -1759.6675234531708, -1786.525824900316, -1775.4904038421537, -1787.1134666405148, -1837.9403424121822, -1218.4842345281884, -1760.4946668010675, -1124.91340648286, -1725.2919524055428, -1012.5605526321663, -506.5266151890157, -613.1583895479141, -1492.164300720431], "cost": [1971.3168162718146, 1980.356751253009, 1998.926226021285, 1989.2125696023754, 602.8543478011057, 1973.5644474929577, 1990.5615370688229, 1926.361123117516, 2011.1048714810345, 2052.2962689950978, 2016.9208964927595, 1900.8997947488078, 1936.5144410831954, 1980.4625473818385, 2025.9380538699875, 1975.8886939717008, 1725.4628133175152, 1948.6298817581312, 1857.1501305101356, 1895.074594055583, 1846.4535843166539, 1901.065271299835, 1909.9155595080376, 1629.1596219993473, 1786.6171139685257, 1893.5006165987259, 1663.741494735731, 1854.686366861119, 718.0825925592985, 1841.619080448999, 1681.7678710166927, 1721.1657885409147, 1903.2943813950092, 1845.6965193030164, 1902.4819115881262, 1951.0386347525214, 1759.6675234531708, 1786.525824900316, 1775.4904038421537, 1787.1134666405148, 1837.9403424121822, 1218.4842345281884, 1760.4946668010675, 1124.91340648286, 1725.2919524055428, 1012.5605526321663, 506.5266151890157, 613.1583895479141, 1492.164300720431], "overtime": [false, false, false, false, true, false, true, false, false, false, false, true, false, false, false, false, true, false, false, false, false, false, false, true, false, true, true, false, true, false, true, true, false, false, true, false, true, false, true, true, false, true, false, true, true, true, true, true, true], "really_average_reduce_rate": 0.4353916723467749, "greedy_cost": 1972.116521273787, "greedy_overtime": false, "algo": "ppo"}