{"reward": [-2045.8705309072238, -2022.6176677378826, -2013.4177868699387, -1999.0624882084887, -621.6902461804632, -2008.413694043215, -1981.9492361584685, -1980.736161297188, -1918.7472516101968, -2073.860101951677, -1975.5946697509858, -1938.5841463569652, -1876.2541661581029, -1976.0013813770297, -1956.0207332235486, -1903.4578930591897, -1877.6855222944732, -1906.7590388988447, -1899.9468619472539, -1040.1413612638412, -1977.1774679024245, -1837.0552572865984, -1923.014836152012, -1689.8848727880413, -1332.1373693637652, -563.0346240124757, -585.5790070421992, -1855.2391453315133, -1822.796862612386, -1711.8675859021678, -1759.281503552582, -1108.3203439793454, -1058.2708311217177, -1664.8694506201896, -674.7034138198844, -1817.5262587634836, -1740.4272366600314, -1794.7736354407118, -1213.136546143684, -1061.5779966036314, -1771.5847068957721, -1718.9831802563756, -648.9043872495087, -514.1248993241411, -1699.8187639231508, -694.2929710186924, -466.3604403770526, -601.8245264749414], "cost": [2045.8705309072238, 2022.6176677378826, 2013.4177868699387, 1999.0624882084887, 621.6902461804632, 2008.413694043215, 1981.9492361584685, 1980.736161297188, 1918.7472516101968, 2073.860101951677, 1975.5946697509858, 1938.5841463569652, 1876.2541661581029, 1976.0013813770297, 1956.0207332235486, 1903.4578930591897, 1877.6855222944732, 1906.7590388988447, 1899.9468619472539, 1040.1413612638412, 1977.1774679024245, 1837.0552572865984, 1923.014836152012, 1689.8848727880413, 1332.1373693637652, 563.0346240124757, 585.5790070421992, 1855.2391453315133, 1822.796862612386, 1711.8675859021678, 1759.281503552582, 1108.3203439793454, 1058.2708311217177, 1664.8694506201896, 674.7034138198844, 1817.5262587634836, 1740.4272366600314, 1794.7736354407118, 1213.136546143684, 1061.5779966036314, 1771.5847068957721, 1718.9831802563756, 648.9043872495087, 514.1248993241411, 1699.8187639231508, 694.2929710186924, 466.3604403770526, 601.8245264749414], "overtime": [false, false, false, false, true, true, false, false, false, false, false, false, false, false, false, false, false, false, false, true, false, false, false, true, true, true, true, false, false, false, false, true, true, true, true, true, false, false, true, true, false, false, true, true, true, true, true, true], "really_average_reduce_rate": 0.4353916723467749, "greedy_cost": 1972.116521273787, "greedy_overtime": false, "algo": "ppo"}