{"reward": [-1967.6312514647207, -1900.2314154620276, -756.246455193274, -1248.6494823673827, -1964.5918953687155, -750.6754930174907, -1922.1691101452898, -1847.1716625725865, -1916.2196422450359, -1216.7171144767851, -1596.4963733941413, -1726.8305356261142, -1831.6969984785283, -1818.2115599248652, -1857.1153973492708, -1592.4656552943961, -1807.5087831099988, -1732.2186649204239, -1701.6953952264057, -1777.5834038696078, -1691.1351442593805, -674.569030890129, -1833.033890606799, -1237.7840330220563, -1821.616678460735, -1879.0578969472476, -1125.1933062742285, -1782.0383973228375, -707.54786514597, -1064.8576378516202, -1794.795643954343, -1303.2597782982893, -478.3759815010612, -1733.1884662976772, -1555.92691508145, -1112.8373839511353, -1696.8024008246432, -541.6415637729876, -479.55312444217475, -610.8933043610026, -453.09123643632046, -492.06485049754366, -598.2394635406229], "cost": [1967.6312514647207, 1900.2314154620276, 756.246455193274, 1248.6494823673827, 1964.5918953687155, 750.6754930174907, 1922.1691101452898, 1847.1716625725865, 1916.2196422450359, 1216.7171144767851, 1596.4963733941413, 1726.8305356261142, 1831.6969984785283, 1818.2115599248652, 1857.1153973492708, 1592.4656552943961, 1807.5087831099988, 1732.2186649204239, 1701.6953952264057, 1777.5834038696078, 1691.1351442593805, 674.569030890129, 1833.033890606799, 1237.7840330220563, 1821.616678460735, 1879.0578969472476, 1125.1933062742285, 1782.0383973228375, 707.54786514597, 1064.8576378516202, 1794.795643954343, 1303.2597782982893, 478.3759815010612, 1733.1884662976772, 1555.92691508145, 1112.8373839511353, 1696.8024008246432, 541.6415637729876, 479.55312444217475, 610.8933043610026, 453.09123643632046, 492.06485049754366, 598.2394635406229], "overtime": [false, false, true, true, false, true, false, true, false, true, true, false, false, false, false, true, false, false, false, false, false, true, false, true, true, false, true, false, true, true, false, true, true, false, true, true, false, true, true, true, true, true, true], "really_average_reduce_rate": 0.4353916723467749, "greedy_cost": 1972.116521273787, "greedy_overtime": false, "algo": "ppo"}