{"reward": [-2074.496624258795, -1991.1568655541637, -2079.6613372277393, -2087.3834919392234, -2098.678777591251, -2024.4034748497884, -2078.325272633798, -2065.47583438973, -1989.0809707222697, -2034.3579961333717, -2055.2173512885715, -2109.3594620105714, -1839.5100971530471, -2083.7660106327944, -629.622770420182, -2015.4170982888436, -2074.5709799599836, -1975.843039452388, -1943.008417064773, -1972.0840436789208, -1973.3011875938078, -2027.1151228924202, -1947.5530925880282, -2013.1371998366997, -1977.5692370925847, -1987.0479445568199, -1983.8225580974777, -1937.4657145043668, -1916.4627206735793, -1909.0724362085398, -2008.2773616472455, -1883.95390266222, -737.8711842051517, -1898.962627930036, -2017.842738286016, -1901.000182614189, -1968.746911218474, -1932.7406250111114, -1463.2767092675626, -1854.6270798794556, -1934.4486281505601, -1862.254910935733, -1857.126113469937, -1813.9211215249743, -1271.5004422190045, -628.1774309671857, -1834.7421701904022, -1827.6777045540055, -1882.6863453252718, -1824.763723230568, -1194.0607094897048, -589.5791806415933, -1258.7889645014982, -553.046344294343, -1770.530285928474, -1087.0828160209949], "cost": [2074.496624258795, 1991.1568655541637, 2079.6613372277393, 2087.3834919392234, 2098.678777591251, 2024.4034748497884, 2078.325272633798, 2065.47583438973, 1989.0809707222697, 2034.3579961333717, 2055.2173512885715, 2109.3594620105714, 1839.5100971530471, 2083.7660106327944, 629.622770420182, 2015.4170982888436, 2074.5709799599836, 1975.843039452388, 1943.008417064773, 1972.0840436789208, 1973.3011875938078, 2027.1151228924202, 1947.5530925880282, 2013.1371998366997, 1977.5692370925847, 1987.0479445568199, 1983.8225580974777, 1937.4657145043668, 1916.4627206735793, 1909.0724362085398, 2008.2773616472455, 1883.95390266222, 737.8711842051517, 1898.962627930036, 2017.842738286016, 1901.000182614189, 1968.746911218474, 1932.7406250111114, 1463.2767092675626, 1854.6270798794556, 1934.4486281505601, 1862.254910935733, 1857.126113469937, 1813.9211215249743, 1271.5004422190045, 628.1774309671857, 1834.7421701904022, 1827.6777045540055, 1882.6863453252718, 1824.763723230568, 1194.0607094897048, 589.5791806415933, 1258.7889645014982, 553.046344294343, 1770.530285928474, 1087.0828160209949], "overtime": [false, false, false, false, false, false, false, false, false, false, false, false, true, false, true, false, false, false, false, false, false, false, false, false, false, false, false, false, false, false, false, false, true, false, false, false, false, false, true, false, true, false, false, false, true, true, true, false, false, false, true, true, true, true, true, true], "really_average_reduce_rate": 0.4353916723467749, "greedy_cost": 1972.116521273787, "greedy_overtime": false, "algo": "ppo"}