{"reward": [-2099.164302308616, -2021.2160898816974, -2093.9273958706485, -2104.4073906266412, -1255.9266659630175, -1998.5697771460202, -1958.4465702717482, -2114.2064520758854, -2053.7295106032316, -2040.2268148302592, -2006.3719641271346, -2055.4498602731155, -2051.931896350235, -1992.3036561378844, -1451.418280682592, -1954.2912962635519, -1958.729747816818, -2020.6722102199685, -2028.4716633496525, -1938.6507693496367, -1969.365166887596, -1967.4730397166602, -1970.2888075515073, -1952.4952034767532, -792.9084595207496, -1882.1806002812464, -1861.3135667123277, -1902.3196012272504, -761.107709639641, -749.9965183380527, -1904.9675679367233, -1928.2346018883413, -1909.7346876736458, -1669.5158114432913, -1936.2132304726922, -1873.2182210975882, -1933.2899442128198, -1855.0481535396736, -1849.4931872018897, -1807.4523566628538, -1887.5915381707912, -583.9941132772711, -587.3356068412489, -1825.0648251795683, -1852.14956235569, -1800.422813314202, -1773.647337347381, -1821.2358940867814, -1797.0193258208235, -546.558207378499, -668.6230163124113, -1209.5317898094554, -1144.8001533311235, -1870.5570796705226, -1836.1860634038514, -698.0771016345358, -1573.8906203047277, -1806.256362012039, -1739.4413905885447, -1011.203801043769, -1710.9670449566, -1713.8723128651086, -1107.695499995583, -549.1652083142009, -1752.8746359589982, -623.1163772089868, -1814.4473252528542, -673.1938492233119, -1035.2323225618895, -1099.9823518495812, -524.0694050958191, -532.7164050705732, -1695.716846233523, -1687.4399615652785, -1594.0370450002135, -1025.8560730463537, -1010.3167752472496, -1042.4521077449615, -1425.2918932734715, -982.8243510851449], "cost": [2099.164302308616, 2021.2160898816974, 2093.9273958706485, 2104.4073906266412, 1255.9266659630175, 1998.5697771460202, 1958.4465702717482, 2114.2064520758854, 2053.7295106032316, 2040.2268148302592, 2006.3719641271346, 2055.4498602731155, 2051.931896350235, 1992.3036561378844, 1451.418280682592, 1954.2912962635519, 1958.729747816818, 2020.6722102199685, 2028.4716633496525, 1938.6507693496367, 1969.365166887596, 1967.4730397166602, 1970.2888075515073, 1952.4952034767532, 792.9084595207496, 1882.1806002812464, 1861.3135667123277, 1902.3196012272504, 761.107709639641, 749.9965183380527, 1904.9675679367233, 1928.2346018883413, 1909.7346876736458, 1669.5158114432913, 1936.2132304726922, 1873.2182210975882, 1933.2899442128198, 1855.0481535396736, 1849.4931872018897, 1807.4523566628538, 1887.5915381707912, 583.9941132772711, 587.3356068412489, 1825.0648251795683, 1852.14956235569, 1800.422813314202, 1773.647337347381, 1821.2358940867814, 1797.0193258208235, 546.558207378499, 668.6230163124113, 1209.5317898094554, 1144.8001533311235, 1870.5570796705226, 1836.1860634038514, 698.0771016345358, 1573.8906203047277, 1806.256362012039, 1739.4413905885447, 1011.203801043769, 1710.9670449566, 1713.8723128651086, 1107.695499995583, 549.1652083142009, 1752.8746359589982, 623.1163772089868, 1814.4473252528542, 673.1938492233119, 1035.2323225618895, 1099.9823518495812, 524.0694050958191, 532.7164050705732, 1695.716846233523, 1687.4399615652785, 1594.0370450002135, 1025.8560730463537, 1010.3167752472496, 1042.4521077449615, 1425.2918932734715, 982.8243510851449], "overtime": [false, false, false, false, true, false, false, false, false, false, false, false, false, false, true, false, false, false, false, false, false, false, false, true, true, false, false, false, true, true, false, false, false, true, false, false, false, false, false, false, false, true, true, false, false, false, false, false, true, true, true, true, true, false, false, true, true, false, false, true, true, false, true, true, true, true, false, true, true, true, true, true, false, false, true, true, true, true, true, true], "really_average_reduce_rate": 0.4353916723467749, "greedy_cost": 1972.116521273787, "greedy_overtime": false, "algo": "ppo"}