{"reward": [-1985.6050195284752, -574.8396346009428, -1919.6243026250716, -1980.9629940607954, -1891.0475951432084, -1956.7155452929458, -1995.8316681416532, -2029.6892027159229, -1979.2185162436415, -1839.7422581056705, -1904.4233304737797, -1988.8922050020944, -1907.4460634685597, -1881.4643330140796, -1920.3129235954116, -523.088355094213, -1872.3460713664092, -1693.7887075622575, -1915.1333317242393, -660.4977611788266, -1907.2719185969618, -1587.315340008661, -1853.0195283100575, -1862.7756829245122, -1295.5389078228836, -1680.318636508771, -1869.227969785064, -670.4011133209331, -531.055230298834, -1084.924305606735], "cost": [1985.6050195284752, 574.8396346009428, 1919.6243026250716, 1980.9629940607954, 1891.0475951432084, 1956.7155452929458, 1995.8316681416532, 2029.6892027159229, 1979.2185162436415, 1839.7422581056705, 1904.4233304737797, 1988.8922050020944, 1907.4460634685597, 1881.4643330140796, 1920.3129235954116, 523.088355094213, 1872.3460713664092, 1693.7887075622575, 1915.1333317242393, 660.4977611788266, 1907.2719185969618, 1587.315340008661, 1853.0195283100575, 1862.7756829245122, 1295.5389078228836, 1680.318636508771, 1869.227969785064, 670.4011133209331, 531.055230298834, 1084.924305606735], "overtime": [false, true, false, false, false, false, false, false, false, true, false, true, false, false, false, true, false, true, false, true, false, true, false, false, true, true, true, true, true, true], "really_average_reduce_rate": 0.4353916723467749, "greedy_cost": 1972.116521273787, "greedy_overtime": false, "algo": "ppo"}