{"reward": [-2030.7582954600007, -2079.5665619674423, -2093.6619623049437, -2030.2877585651465, -2083.7759372062615, -2052.029320889395, -2093.6804344217117, -1981.1197589469334, -2008.2181874088853, -1993.167818502226, -1984.7481659634784, -1900.2009867284091, -2005.0123294814593, -2046.8498380527922, -1985.5659407053522, -1952.3318290739041, -1960.4218208811915, -1851.8640439618202, -589.8033562615328, -1925.0145400336673, -1908.670142109553, -1959.470687751994, -1933.462348437654, -1992.5408908760635, -2007.86802784171, -1936.7178184706256, -1960.6971736586017, -1958.1267853823774, -1956.622872599987, -1762.706885840492, -1891.4402689132928, -1814.2410111315194, -1916.212017535513, -1957.5952948294014, -1904.523752882415, -1787.3359209021644, -1305.3846819132295, -1861.1257583091144, -1176.010516890035, -585.8475357773058, -1841.9022931799489, -1831.02091468988, -1802.3386843775595, -1848.5580082494225, -1834.8401007432396, -995.8383811844698, -1619.0773735127877, -1783.2684978476452, -1727.6078517166904, -656.6538930815276, -1584.3137381154306, -1812.788497642587, -1761.8499706396196, -1849.9762657600752, -1899.8380181491189, -561.936012010481, -1242.3943588142013, -1792.856228456897, -521.2909539378713, -1740.1297196646608, -521.1264802489892, -1791.2754543655096, -1764.9385394532612, -1528.8693763872889, -1790.4911489361536, -707.0337222158345, -693.5213680661002, -980.9951911859023, -1238.7744589056083, -1667.8703705652897, -500.32759105986906], "cost": [2030.7582954600007, 2079.5665619674423, 2093.6619623049437, 2030.2877585651465, 2083.7759372062615, 2052.029320889395, 2093.6804344217117, 1981.1197589469334, 2008.2181874088853, 1993.167818502226, 1984.7481659634784, 1900.2009867284091, 2005.0123294814593, 2046.8498380527922, 1985.5659407053522, 1952.3318290739041, 1960.4218208811915, 1851.8640439618202, 589.8033562615328, 1925.0145400336673, 1908.670142109553, 1959.470687751994, 1933.462348437654, 1992.5408908760635, 2007.86802784171, 1936.7178184706256, 1960.6971736586017, 1958.1267853823774, 1956.622872599987, 1762.706885840492, 1891.4402689132928, 1814.2410111315194, 1916.212017535513, 1957.5952948294014, 1904.523752882415, 1787.3359209021644, 1305.3846819132295, 1861.1257583091144, 1176.010516890035, 585.8475357773058, 1841.9022931799489, 1831.02091468988, 1802.3386843775595, 1848.5580082494225, 1834.8401007432396, 995.8383811844698, 1619.0773735127877, 1783.2684978476452, 1727.6078517166904, 656.6538930815276, 1584.3137381154306, 1812.788497642587, 1761.8499706396196, 1849.9762657600752, 1899.8380181491189, 561.936012010481, 1242.3943588142013, 1792.856228456897, 521.2909539378713, 1740.1297196646608, 521.1264802489892, 1791.2754543655096, 1764.9385394532612, 1528.8693763872889, 1790.4911489361536, 707.0337222158345, 693.5213680661002, 980.9951911859023, 1238.7744589056083, 1667.8703705652897, 500.32759105986906], "overtime": [false, false, true, false, false, false, false, false, false, false, false, false, false, false, false, false, false, false, true, false, false, false, false, false, false, false, false, false, false, true, false, false, false, false, false, true, true, false, true, true, false, true, true, false, false, true, true, false, true, true, true, false, true, false, false, true, true, false, true, false, true, false, false, true, false, true, true, true, true, true, true], "really_average_reduce_rate": 0.4353916723467749, "greedy_cost": 1972.116521273787, "greedy_overtime": false, "algo": "ppo"}