{"reward": [-1860.8976812199592, -2037.349496785533, -1931.7857172179235, -787.9033113523758, -2005.549277331755, -2019.7557661051017, -1945.6776380500578, -2005.3701838093257, -2022.1824118313473, -1862.066948243661, -1938.8672949086977, -1890.7197934360645, -1866.1521172236282, -1879.108286560812, -1907.2710750591953, -1278.846304900442, -1859.8152761047802, -1148.5400766119458, -1870.695377350526, -1776.157547668248, -1123.8271281532666, -1329.852949130881, -1900.098627767489, -1806.4831574363172, -1869.2644236339074, -1306.001204808811, -1886.5374622080012, -619.8221643719631, -1707.193063373642, -1128.1744011649291, -680.1651572788412, -542.9247091109025, -1094.1952175758404, -1037.3166527918438, -1716.5564069958605, -1226.2643391770503, -1725.1331928457796, -1078.947324945852, -1612.6890928970838, -1643.8141512136544, -1029.76996262121, -552.1789175703374, -486.68539247568685, -468.6199042640439, -1451.0554678070548], "cost": [1860.8976812199592, 2037.349496785533, 1931.7857172179235, 787.9033113523758, 2005.549277331755, 2019.7557661051017, 1945.6776380500578, 2005.3701838093257, 2022.1824118313473, 1862.066948243661, 1938.8672949086977, 1890.7197934360645, 1866.1521172236282, 1879.108286560812, 1907.2710750591953, 1278.846304900442, 1859.8152761047802, 1148.5400766119458, 1870.695377350526, 1776.157547668248, 1123.8271281532666, 1329.852949130881, 1900.098627767489, 1806.4831574363172, 1869.2644236339074, 1306.001204808811, 1886.5374622080012, 619.8221643719631, 1707.193063373642, 1128.1744011649291, 680.1651572788412, 542.9247091109025, 1094.1952175758404, 1037.3166527918438, 1716.5564069958605, 1226.2643391770503, 1725.1331928457796, 1078.947324945852, 1612.6890928970838, 1643.8141512136544, 1029.76996262121, 552.1789175703374, 486.68539247568685, 468.6199042640439, 1451.0554678070548], "overtime": [true, false, false, true, false, false, false, false, false, false, false, false, false, false, false, true, false, true, true, false, true, true, false, true, true, true, false, true, false, true, true, true, true, true, false, true, true, true, false, true, true, true, true, true, true], "really_average_reduce_rate": 0.4353916723467749, "greedy_cost": 1972.116521273787, "greedy_overtime": false, "algo": "ppo"}