{"reward": [-2063.021100826329, -2090.0215195675655, -2065.5254819913694, -1964.6906105534079, -1988.7175225527317, -750.220357075333, -1952.8077776562523, -1989.3882616653495, -1917.8746380249793, -596.6049182051137, -833.2937598132061, -1969.7762956743602, -1964.081710061647, -1310.714639917789, -1858.3946318271853, -1891.845154247434, -1972.1878580988846, -1878.9670687708274, -1834.7796930846487, -1919.385684402055, -1877.4957081775935, -1760.4903673500105, -1907.3493256124868, -1301.5813822533194, -1870.7746190465643, -1685.7786330479682, -775.4683020910711, -1695.7908184720309, -1936.00013977077, -1901.0550360532768, -1811.8987236539106, -1111.25464700642, -1346.8901310016781, -1080.4610508339854, -1829.1041489927206, -1817.4356096392607, -1778.8240658774612, -513.2415656008104, -685.8747362548854, -1655.672572140266, -572.5981816895492, -1265.3171971651072, -547.4943632322547, -1035.4611258350033, -1703.7801617220423, -496.3777445999626, -1611.5651560893768, -1712.3583805343058, -1247.496841742779, -1685.3292587345284, -1691.0152011288815, -547.7656057451201, -497.79898185403107, -1156.598025986403, -529.8840055479761, -926.7310459281323, -679.8865601419842], "cost": [2063.021100826329, 2090.0215195675655, 2065.5254819913694, 1964.6906105534079, 1988.7175225527317, 750.220357075333, 1952.8077776562523, 1989.3882616653495, 1917.8746380249793, 596.6049182051137, 833.2937598132061, 1969.7762956743602, 1964.081710061647, 1310.714639917789, 1858.3946318271853, 1891.845154247434, 1972.1878580988846, 1878.9670687708274, 1834.7796930846487, 1919.385684402055, 1877.4957081775935, 1760.4903673500105, 1907.3493256124868, 1301.5813822533194, 1870.7746190465643, 1685.7786330479682, 775.4683020910711, 1695.7908184720309, 1936.00013977077, 1901.0550360532768, 1811.8987236539106, 1111.25464700642, 1346.8901310016781, 1080.4610508339854, 1829.1041489927206, 1817.4356096392607, 1778.8240658774612, 513.2415656008104, 685.8747362548854, 1655.672572140266, 572.5981816895492, 1265.3171971651072, 547.4943632322547, 1035.4611258350033, 1703.7801617220423, 496.3777445999626, 1611.5651560893768, 1712.3583805343058, 1247.496841742779, 1685.3292587345284, 1691.0152011288815, 547.7656057451201, 497.79898185403107, 1156.598025986403, 529.8840055479761, 926.7310459281323, 679.8865601419842], "overtime": [false, false, false, false, false, true, false, false, false, true, true, false, false, true, false, false, false, false, false, false, false, false, true, true, false, true, true, true, false, false, false, true, true, true, false, true, false, true, true, false, true, true, true, true, false, true, true, false, true, true, false, true, true, true, true, true, true], "really_average_reduce_rate": 0.4353916723467749, "greedy_cost": 1972.116521273787, "greedy_overtime": false, "algo": "ppo"}