{"reward": [-1964.448116673055, -1974.0069311137597, -2107.31513337452, -2031.352629341046, -1968.2905634374088, -1928.393473751089, -2052.2205285087052, -1976.925133754964, -2049.862237012145, -643.2326335821108, -1976.1913534246391, -1952.6806895872126, -1997.4945457340496, -1858.686773353184, -1913.3338756392525, -1238.1639861204478, -1720.6274563511365, -1195.6721936921494, -536.8203353790844, -1872.7732124099225, -1910.2557922889114, -1861.8797551617604, -1857.2372747487402, -1846.4134605354818, -1863.343824188357, -1920.5688247304618, -1937.8238834276524, -1876.3267277743857, -1883.1946199860433, -1846.950072394155, -1840.0600814346046, -1327.9828814488374, -569.6300629480738, -1819.3903793129152, -1084.3279963258099, -1792.1685756393053, -1836.0770829870664, -1779.164738126771, -1812.089733759119, -1900.0707955402415, -1211.643062513917, -1143.9368515117835, -1772.9747519102887, -1808.185797691262, -961.4821427406833, -1290.742807065947, -516.3815217464881, -1508.6308736466804, -648.5466711100372, -675.0789133306032], "cost": [1964.448116673055, 1974.0069311137597, 2107.31513337452, 2031.352629341046, 1968.2905634374088, 1928.393473751089, 2052.2205285087052, 1976.925133754964, 2049.862237012145, 643.2326335821108, 1976.1913534246391, 1952.6806895872126, 1997.4945457340496, 1858.686773353184, 1913.3338756392525, 1238.1639861204478, 1720.6274563511365, 1195.6721936921494, 536.8203353790844, 1872.7732124099225, 1910.2557922889114, 1861.8797551617604, 1857.2372747487402, 1846.4134605354818, 1863.343824188357, 1920.5688247304618, 1937.8238834276524, 1876.3267277743857, 1883.1946199860433, 1846.950072394155, 1840.0600814346046, 1327.9828814488374, 569.6300629480738, 1819.3903793129152, 1084.3279963258099, 1792.1685756393053, 1836.0770829870664, 1779.164738126771, 1812.089733759119, 1900.0707955402415, 1211.643062513917, 1143.9368515117835, 1772.9747519102887, 1808.185797691262, 961.4821427406833, 1290.742807065947, 516.3815217464881, 1508.6308736466804, 648.5466711100372, 675.0789133306032], "overtime": [false, false, false, false, false, false, false, true, false, true, false, false, false, false, false, true, true, true, true, false, false, false, false, false, false, false, false, false, false, false, false, true, true, false, true, false, false, false, false, false, true, true, true, false, true, true, true, true, true, true], "really_average_reduce_rate": 0.4353916723467749, "greedy_cost": 1972.116521273787, "greedy_overtime": false, "algo": "ppo"}