{"reward": [-2227.2058727316908, -2250.367996714139, -2186.4529138880025, -2153.1128937118306, -2216.064464235211, -2179.641121911332, -2201.2079852600277, -2239.293772415173, -676.2880973002029, -2189.3496111640316, -2209.0948808974194, -2174.8432543537465, -2203.386745690691, -2190.236000747539, -2244.9645949724286, -2160.1085452091584, -2087.509143705023, -2177.8308940894885, -2174.154312870901, -2189.7139048037657, -1907.041200894443, -2088.3031209850697, -2123.2762272060195, -2177.841543339238, -748.4660026003417, -2136.6100929505355, -706.2940361202691, -787.7621995666615, -808.8288330485577, -2064.3900787445446, -1258.2167530733618, -2077.3089271644712, -2065.13366290141, -2027.1330244600495, -1754.012607491847, -645.0434685120446, -1967.7792361602021, -2099.425110433018, -1994.182511244287, -2022.6459283085821, -1983.0706962408685, -2013.9153095112833, -1754.8997970774033, -1972.7749536347305, -2026.9998426722375, -1973.322104543792, -2018.9277344147013, -1919.8389028292067, -2001.0805522734954, -1365.1268404134735, -1122.9511211991585, -1943.084061216174, -1306.631345189251, -1686.5304643462136, -1804.5387355678056, -507.321398128187, -1937.172616478457, -1856.6065335141022, -1846.4180208109044, -1866.6923476809272, -1184.8155806660554, -527.4767263509985, -504.7045558450369, -557.1205569592214, -495.38109454752856, -1170.438334640171], "cost": [2227.2058727316908, 2250.367996714139, 2186.4529138880025, 2153.1128937118306, 2216.064464235211, 2179.641121911332, 2201.2079852600277, 2239.293772415173, 676.2880973002029, 2189.3496111640316, 2209.0948808974194, 2174.8432543537465, 2203.386745690691, 2190.236000747539, 2244.9645949724286, 2160.1085452091584, 2087.509143705023, 2177.8308940894885, 2174.154312870901, 2189.7139048037657, 1907.041200894443, 2088.3031209850697, 2123.2762272060195, 2177.841543339238, 748.4660026003417, 2136.6100929505355, 706.2940361202691, 787.7621995666615, 808.8288330485577, 2064.3900787445446, 1258.2167530733618, 2077.3089271644712, 2065.13366290141, 2027.1330244600495, 1754.012607491847, 645.0434685120446, 1967.7792361602021, 2099.425110433018, 1994.182511244287, 2022.6459283085821, 1983.0706962408685, 2013.9153095112833, 1754.8997970774033, 1972.7749536347305, 2026.9998426722375, 1973.322104543792, 2018.9277344147013, 1919.8389028292067, 2001.0805522734954, 1365.1268404134735, 1122.9511211991585, 1943.084061216174, 1306.631345189251, 1686.5304643462136, 1804.5387355678056, 507.321398128187, 1937.172616478457, 1856.6065335141022, 1846.4180208109044, 1866.6923476809272, 1184.8155806660554, 527.4767263509985, 504.7045558450369, 557.1205569592214, 495.38109454752856, 1170.438334640171], "overtime": [false, false, false, false, false, false, false, false, true, false, false, false, false, false, false, false, false, false, false, false, true, false, false, false, true, false, true, true, true, false, true, false, false, false, true, true, false, false, true, false, false, false, true, false, false, false, true, false, false, true, true, false, true, true, false, true, false, false, true, false, true, true, true, true, true, true], "really_average_reduce_rate": 0.4345218917386534, "greedy_cost": 2168.740756180882, "greedy_overtime": false, "algo": "ppo"}