{"reward": [-415.72357947080394, -420.46925830896936, -386.02682621158664, -378.0953684715646, -389.9740573872068, -413.5910700521992, -363.61237694860426, -366.6133346792684, -408.3994247473311, -379.5014703310374, -390.98062157181107, -367.47041134263395, -390.8051824975106, -396.47008707740366, -386.2946268773359, -366.77807766920887, -371.1920206597169, -386.32661756396277, -401.0154246483183, -352.4594817253667, -355.0102449616324, -370.4743865134287, -359.4193166798633, -346.27958899375983, -392.7303131114133, -371.8648130502924, -328.88694213476043, -384.0643289007804, -388.5542355505004, -337.14685186435463, -357.3052529624291, -365.7940285471081, -368.3043261649924, -363.0367760135606, -370.4610244463571, -361.77287119125015, -351.03791179837646, -376.0347111678403, -345.9369944644905, -363.1251266446616, -329.3337482302916, -358.0358493099921, -353.62146094515913, -338.6195751399455, -332.0635090391711, -296.10688599538065, -351.2408859404456, -344.5993964159396, -350.7680489578378, -354.6630409706012, -346.79657311123793, -314.46592223801656, -341.63291900926265, -256.0795321368613, -271.9375080003775, -315.4082379842177, -307.46261617493826, -284.92154177696455, -334.7924154520501, -312.07767452794144, -367.84879471621474, -259.9519687163272, -325.61271987615174, -262.74567231297493, -339.5679369317834, -311.58585309115244, -336.3497274814918, -289.18499355855397, -295.99019697087823, -312.5486327376589, -322.283302743649, -315.39329303321426, -317.18768060122625, -290.5661740428117, -260.53912534891634, -344.3851908964012, -305.6457336211949, -277.635836967798, -298.76999201823025, -286.8705734223221, -319.92001522729174, -318.88048111030827, -276.40585612403237, -279.77138117930866, -290.1885690574349, -288.41377289507534, -272.303253197847, -274.9886632046196, -257.2531764558517, -278.94298795343377, -251.8416375338659, -299.54904998127375, -297.88194013530403, -244.5099485588725, -270.66089777554384, -266.97657282725913, -276.9448979383522, -264.0806432425978, -228.38086815889932, -281.1574091883843, -256.7373723332212, -309.1972629196849, -311.35447436277747, -252.15185816762968, -235.69839673717507, -218.63659056383185, -250.66134997031656, -259.7115673256946, -242.61114857780748], "cost": [415.72357947080394, 420.46925830896936, 386.02682621158664, 378.0953684715646, 389.9740573872068, 413.5910700521992, 363.61237694860426, 366.6133346792684, 408.3994247473311, 379.5014703310374, 390.98062157181107, 367.47041134263395, 390.8051824975106, 396.47008707740366, 386.2946268773359, 366.77807766920887, 371.1920206597169, 386.32661756396277, 401.0154246483183, 352.4594817253667, 355.0102449616324, 370.4743865134287, 359.4193166798633, 346.27958899375983, 392.7303131114133, 371.8648130502924, 328.88694213476043, 384.0643289007804, 388.5542355505004, 337.14685186435463, 357.3052529624291, 365.7940285471081, 368.3043261649924, 363.0367760135606, 370.4610244463571, 361.77287119125015, 351.03791179837646, 376.0347111678403, 345.9369944644905, 363.1251266446616, 329.3337482302916, 358.0358493099921, 353.62146094515913, 338.6195751399455, 332.0635090391711, 296.10688599538065, 351.2408859404456, 344.5993964159396, 350.7680489578378, 354.6630409706012, 346.79657311123793, 314.46592223801656, 341.63291900926265, 256.0795321368613, 271.9375080003775, 315.4082379842177, 307.46261617493826, 284.92154177696455, 334.7924154520501, 312.07767452794144, 367.84879471621474, 259.9519687163272, 325.61271987615174, 262.74567231297493, 339.5679369317834, 311.58585309115244, 336.3497274814918, 289.18499355855397, 295.99019697087823, 312.5486327376589, 322.283302743649, 315.39329303321426, 317.18768060122625, 290.5661740428117, 260.53912534891634, 344.3851908964012, 305.6457336211949, 277.635836967798, 298.76999201823025, 286.8705734223221, 319.92001522729174, 318.88048111030827, 276.40585612403237, 279.77138117930866, 290.1885690574349, 288.41377289507534, 272.303253197847, 274.9886632046196, 257.2531764558517, 278.94298795343377, 251.8416375338659, 299.54904998127375, 297.88194013530403, 244.5099485588725, 270.66089777554384, 266.97657282725913, 276.9448979383522, 264.0806432425978, 228.38086815889932, 281.1574091883843, 256.7373723332212, 309.1972629196849, 311.35447436277747, 252.15185816762968, 235.69839673717507, 218.63659056383185, 250.66134997031656, 259.7115673256946, 242.61114857780748], "overtime": [false, false, false, false, false, false, false, false, false, false, false, false, false, false, false, false, false, true, false, false, false, false, false, false, false, false, false, false, false, false, false, false, false, false, false, false, false, false, false, false, false, false, false, false, false, true, false, false, false, false, false, false, false, true, false, false, false, false, false, false, false, true, false, true, false, false, false, false, false, false, false, false, false, false, true, false, false, true, false, false, false, false, true, true, true, false, false, false, true, false, true, false, true, true, true, true, false, true, true, true, false, false, false, true, true, true, true, true, true], "really_average_reduce_rate": 0.37715151458866525, "greedy_cost": 393.1305129207018, "greedy_overtime": false, "algo": "ppo"}