{"reward": [-36.288950728680945, -37.48912948887796, -35.07680209559389, -37.07734054348432, -37.36605485137552, -27.74986157898791, -34.775854197414596, -35.44329726367258, -28.98019270625896, -27.427375285234298, -37.27066512102262, -32.91442258019932, -37.41702887073159, -15.923200681349263, -33.93605485137553, -37.410995139926676, -32.80614847820253, -37.48465892737732, -18.694683837201445, -15.734059156505392, -28.98019270625896, -36.0724534436781, -37.05776844791137, -35.94644268281758, -32.074328272761775, -34.06552769348026, -35.994173461096366, -32.80912948887795, -36.85950217340141, -16.326663063745944, -13.816712432894855, -36.00348921862432, -37.03449334383011, -21.168265617405993, -24.83559984636493, -37.48309575807304, -37.051321699982516, -10.549144034935162, -28.331200321307403, -33.70319118391723, -36.11605485137552, -33.67508620906622, -26.13890046518296, -35.936312067853294, -15.072192502245308, -36.37411985674873, -33.77894806026482, -37.48912948887796, -37.410995139926676, -27.87772576620802, -36.98201157156378, -33.645777374180035, -15.80012604384683, -35.78577657162212, -35.28262621136382, -35.14763584349305, -29.60272009918466, -32.420615647565576, -32.85727050313726, -37.08181110498496, -37.403643498951574, -32.351532128462566, -33.31014388935641, -36.475458893589675, -15.104431841028855, -33.82626582141966, -14.039021364478394, -37.08181110498496, -36.475458893589675, -10.11133624603972, -33.48304734651, -37.0990524782613, -37.05776844791137, -23.85798874296248, -36.58618126262911, -32.366925525581465, -13.309940418945626, -19.917175442874434, -33.69872062241659, -34.740076576937, -15.290217636805028, -5.633503764681519, -36.85503161190077, -36.39763584349305, -25.496841214299202, -28.84605478676967, -24.83559984636493, -14.571731763221324, -28.800131289279086, -36.39366828643717, -32.38312235777266, -26.16178353748284, -8.17363011050038, -34.617242822097616, -22.271682698419312, -23.57965964345261, -24.894448365382846, -22.84928080857731, -28.495067156208677, -8.887355089541524], "cost": [36.288950728680945, 37.48912948887796, 35.07680209559389, 37.07734054348432, 37.36605485137552, 27.74986157898791, 34.775854197414596, 35.44329726367258, 28.98019270625896, 27.427375285234298, 37.27066512102262, 32.91442258019932, 37.41702887073159, 15.923200681349263, 33.93605485137553, 37.410995139926676, 32.80614847820253, 37.48465892737732, 18.694683837201445, 15.734059156505392, 28.98019270625896, 36.0724534436781, 37.05776844791137, 35.94644268281758, 32.074328272761775, 34.06552769348026, 35.994173461096366, 32.80912948887795, 36.85950217340141, 16.326663063745944, 13.816712432894855, 36.00348921862432, 37.03449334383011, 21.168265617405993, 24.83559984636493, 37.48309575807304, 37.051321699982516, 10.549144034935162, 28.331200321307403, 33.70319118391723, 36.11605485137552, 33.67508620906622, 26.13890046518296, 35.936312067853294, 15.072192502245308, 36.37411985674873, 33.77894806026482, 37.48912948887796, 37.410995139926676, 27.87772576620802, 36.98201157156378, 33.645777374180035, 15.80012604384683, 35.78577657162212, 35.28262621136382, 35.14763584349305, 29.60272009918466, 32.420615647565576, 32.85727050313726, 37.08181110498496, 37.403643498951574, 32.351532128462566, 33.31014388935641, 36.475458893589675, 15.104431841028855, 33.82626582141966, 14.039021364478394, 37.08181110498496, 36.475458893589675, 10.11133624603972, 33.48304734651, 37.0990524782613, 37.05776844791137, 23.85798874296248, 36.58618126262911, 32.366925525581465, 13.309940418945626, 19.917175442874434, 33.69872062241659, 34.740076576937, 15.290217636805028, 5.633503764681519, 36.85503161190077, 36.39763584349305, 25.496841214299202, 28.84605478676967, 24.83559984636493, 14.571731763221324, 28.800131289279086, 36.39366828643717, 32.38312235777266, 26.16178353748284, 8.17363011050038, 34.617242822097616, 22.271682698419312, 23.57965964345261, 24.894448365382846, 22.84928080857731, 28.495067156208677, 8.887355089541524], "overtime": [false, false, false, false, false, true, false, false, true, true, false, false, false, true, false, false, false, false, true, true, true, false, false, false, false, false, false, false, false, true, true, false, false, true, true, false, false, true, true, false, false, false, true, false, true, false, false, false, false, true, false, false, true, false, false, false, true, false, false, false, false, false, false, false, true, false, true, false, false, true, false, false, false, true, false, false, true, true, false, false, true, true, false, false, true, true, true, true, true, false, false, true, true, false, true, true, true, true, true, true], "really_average_reduce_rate": 0.9906349094518339, "greedy_cost": 37.48912948887796, "greedy_overtime": false, "algo": "ppo"}