{"reward": [-9.716040976541116, -27.3687147074379, -33.68073041671888, -34.059129488877964, -25.749913154244418, -31.673296645954245, -36.42403119532392, -2.206280367476866, -32.79574411709793, -34.59354606838897, -9.309422208899633, -9.132241871394218, -20.801725577451286, -12.191931057320907, -27.943027670914308, -35.235308450208976, -27.96048838016577, -29.913618645947427, -33.651811104984965, -24.00364543260075, -6.817316142423079, -33.5797104868386, -11.41379939628765, -33.05138958866709, -34.80997081911192, -29.914083513384686, -32.125817780438815, -31.56404918156564, -11.49725150352344, -27.566980981947854, -25.452623436963183, -8.833139599952847, -5.929136446947233, -9.078839935865252, -16.76463972956873, -18.621589842736718, -28.174548492133617, -33.839101951718334, -35.79081740767696, -21.813995195804164, -22.138487802771852, -36.206608544318016, -25.14301596129313, -31.026006356729194, -27.983258607191964, -11.176378185767682, -27.571317027630283, -6.382011210285127, -15.602760850349442, -19.83444702972658, -23.03115066137165, -19.239713216684756, -21.936865799194205, -8.206167118819431, -5.766800173847005, -11.249234412154184, -10.10780537199229], "cost": [9.716040976541116, 27.3687147074379, 33.68073041671888, 34.059129488877964, 25.749913154244418, 31.673296645954245, 36.42403119532392, 2.206280367476866, 32.79574411709793, 34.59354606838897, 9.309422208899633, 9.132241871394218, 20.801725577451286, 12.191931057320907, 27.943027670914308, 35.235308450208976, 27.96048838016577, 29.913618645947427, 33.651811104984965, 24.00364543260075, 6.817316142423079, 33.5797104868386, 11.41379939628765, 33.05138958866709, 34.80997081911192, 29.914083513384686, 32.125817780438815, 31.56404918156564, 11.49725150352344, 27.566980981947854, 25.452623436963183, 8.833139599952847, 5.929136446947233, 9.078839935865252, 16.76463972956873, 18.621589842736718, 28.174548492133617, 33.839101951718334, 35.79081740767696, 21.813995195804164, 22.138487802771852, 36.206608544318016, 25.14301596129313, 31.026006356729194, 27.983258607191964, 11.176378185767682, 27.571317027630283, 6.382011210285127, 15.602760850349442, 19.83444702972658, 23.03115066137165, 19.239713216684756, 21.936865799194205, 8.206167118819431, 5.766800173847005, 11.249234412154184, 10.10780537199229], "overtime": [true, false, false, false, false, false, false, true, false, false, true, true, true, true, false, false, false, false, false, true, true, false, true, false, false, false, false, false, true, false, false, true, true, true, true, true, false, false, false, true, true, false, false, false, false, true, false, true, true, true, false, true, true, true, true, true, true], "really_average_reduce_rate": 0.7457875251418471, "greedy_cost": 37.48912948887796, "greedy_overtime": false, "algo": "ppo"}