{"reward": [-35.98404284613207, -27.823888722844416, -35.92580777554774, -37.361584289874884, -27.791748287575313, -33.985694702323535, -24.542708834763612, -29.232671557888384, -28.766198899904264, -33.028870426910004, -16.265959930811075, -29.114580144090574, -29.94325831655413, -36.98201157156378, -24.32848192905076, -36.1670288707316, -37.42842635594308, -15.747444528285415, -29.722471858905628, -37.242165910573675, -13.747748207841068, -15.035467615975069, -36.57469318767078, -34.97061313350685, -25.430774326957764, -12.089531598109753, -12.311410797480494, -31.77151428950019, -20.99828146247193, -23.143321495968845, -29.304772176034746, -23.174904900165274, -36.71396676870063, -35.88639326804318, -30.999372879946602, -20.71926421376876, -22.971827091835436, -26.383612418128177, -10.480179809881376, -25.98943330683746, -35.390151971997696, -13.378904643999412, -9.986624052133411, -35.8437268353533, -17.532736415937546, -24.957378859631714, -36.23871506701224, -28.535446293512358, -33.62132169998251, -10.469675517575816, -32.75907521606424, -28.166098998161033, -29.69164055008441, -24.156871168361974, -23.764511617776005, -33.183253134163095, -33.815761529114106, -29.780775142656637, -27.99166559235193, -32.669961838005115, -12.080110299326481, -27.330138724269343, -30.915300885122267, -20.95959795556031, -23.47391550712287, -28.108650622041896, -30.960467285262418, -31.478738445229826, -35.88131548292935, -35.22119876245037, -34.692758815782156, -11.44156817357056, -24.85854281046428, -36.472103164521975, -35.625514787929134, -31.470355896996335, -9.630583075592297, -9.775439456077294, -32.583592563681314, -13.140316543765367, -37.350292006991815, -26.96015307190828, -36.45328461381607, -31.795030276244503, -35.62141790376976, -9.406434412794189, -26.438243050444868, -20.286019006716092, -28.32090272339992, -13.442642895635217, -31.63245324156247, -35.91060805957765, -34.90483957239427, -32.158690033666794, -11.669961279528218, -31.270961318695917, -15.258650106396528, -21.476447053737935, -8.891825651042163, -2.0951261727884414, -21.694475872945038, -5.350671456353739], "cost": [35.98404284613207, 27.823888722844416, 35.92580777554774, 37.361584289874884, 27.791748287575313, 33.985694702323535, 24.542708834763612, 29.232671557888384, 28.766198899904264, 33.028870426910004, 16.265959930811075, 29.114580144090574, 29.94325831655413, 36.98201157156378, 24.32848192905076, 36.1670288707316, 37.42842635594308, 15.747444528285415, 29.722471858905628, 37.242165910573675, 13.747748207841068, 15.035467615975069, 36.57469318767078, 34.97061313350685, 25.430774326957764, 12.089531598109753, 12.311410797480494, 31.77151428950019, 20.99828146247193, 23.143321495968845, 29.304772176034746, 23.174904900165274, 36.71396676870063, 35.88639326804318, 30.999372879946602, 20.71926421376876, 22.971827091835436, 26.383612418128177, 10.480179809881376, 25.98943330683746, 35.390151971997696, 13.378904643999412, 9.986624052133411, 35.8437268353533, 17.532736415937546, 24.957378859631714, 36.23871506701224, 28.535446293512358, 33.62132169998251, 10.469675517575816, 32.75907521606424, 28.166098998161033, 29.69164055008441, 24.156871168361974, 23.764511617776005, 33.183253134163095, 33.815761529114106, 29.780775142656637, 27.99166559235193, 32.669961838005115, 12.080110299326481, 27.330138724269343, 30.915300885122267, 20.95959795556031, 23.47391550712287, 28.108650622041896, 30.960467285262418, 31.478738445229826, 35.88131548292935, 35.22119876245037, 34.692758815782156, 11.44156817357056, 24.85854281046428, 36.472103164521975, 35.625514787929134, 31.470355896996335, 9.630583075592297, 9.775439456077294, 32.583592563681314, 13.140316543765367, 37.350292006991815, 26.96015307190828, 36.45328461381607, 31.795030276244503, 35.62141790376976, 9.406434412794189, 26.438243050444868, 20.286019006716092, 28.32090272339992, 13.442642895635217, 31.63245324156247, 35.91060805957765, 34.90483957239427, 32.158690033666794, 11.669961279528218, 31.270961318695917, 15.258650106396528, 21.476447053737935, 8.891825651042163, 2.0951261727884414, 21.694475872945038, 5.350671456353739], "overtime": [false, true, false, false, true, false, true, true, true, false, true, false, false, false, true, false, false, true, false, false, true, true, false, false, true, true, true, false, true, true, false, true, false, false, false, true, true, true, true, true, false, true, true, false, true, true, false, true, false, true, false, true, false, true, true, false, false, false, true, false, true, true, false, true, true, true, false, false, false, false, false, true, true, false, false, false, true, true, false, true, false, true, false, false, false, true, true, true, true, true, false, false, false, false, true, false, true, true, true, true, true, true], "really_average_reduce_rate": 0.9461172032136544, "greedy_cost": 37.48912948887796, "greedy_overtime": false, "algo": "ppo"}