{"reward": [-37.004003938827665, -20.165819665901363, -24.50594688504934, -22.631162742599848, -32.652422579200945, -32.77297325004823, -18.18847097314894, -27.50231995733455, -28.683598214453085, -24.895782533790914, -36.71164467890746, -37.42016526382417, -36.25104521924629, -8.20013338801451, -30.30413673395291, -36.8965255816374, -35.384491918534046, -36.829069109493865, -9.472076720977203, -23.29950542186387, -27.66957596289925, -8.419997583096848, -31.814407164724546, -36.58148583896458, -19.71212522364221, -25.391481076432388, -35.95341610107571, -27.73014499783516, -31.818832050655033, -30.757865240899847, -26.42784239261411, -32.19655858729035, -23.477846707282584, -24.958892681458966, -16.590456800293175, -26.976736545236776, -10.321673455266284, -4.989997583096847, -13.988156709130855, -23.64950636260211, -22.973740574494002, -19.098516206964845, -34.22213626029902, -25.768060589600356, -30.909907797332853, -33.25679239739664, -32.20628321118653, -31.407043105261398, -26.74752628128976, -27.77188106421381, -5.3334629464522, -13.582583265667783, -35.68841016386636, -32.56917628464289, -6.650413978882135, -9.206663823137061, -28.97344866138883, -32.1290946472995, -11.924276498807595, -19.747666902467607, -35.42472358903848, -1.730753170447424, -18.931019381871444, -16.941874100184066, -33.442344393916436, -31.30151736319996, -6.638390864487738, -33.319147904105485, -19.624912260808053, -22.94124341998249, -12.1530141497124, -27.842209609802815, -9.774574834052475, -22.19379837471992, -30.576277226274833, -10.289987777937204, -20.821039236690847, -30.734445415074006, -36.50986539660022, -31.38345061222092, -29.474680235832928, -21.421996359471237, -9.036327416468412, -26.35640734783374, -15.087803283212708, -32.716385607924316, -24.13619617804885, -32.21811960914172, -32.469551169816405, -19.335767031833534, -26.70005437920801, -9.816643251227218, -23.43112372386269, -20.190444416161625, -31.75729066481814, -6.922918272186072, -0.4422783503960818, -24.404784320462493, -5.878177278572694, -26.82132728395052, -8.282871255446226, -12.103934853961693, -30.79155911093578, -6.416146258236841, -30.706129474937914, -1.6922783503960817, -20.595657933400947, -8.22418520435691, -11.158229320226239, -27.208871367555112, -5.032736220834777, -9.203567729992793, -6.243095594989136, -6.245457673110069, -12.338283494105564, -20.182074601417405], "cost": [37.004003938827665, 20.165819665901363, 24.50594688504934, 22.631162742599848, 32.652422579200945, 32.77297325004823, 18.18847097314894, 27.50231995733455, 28.683598214453085, 24.895782533790914, 36.71164467890746, 37.42016526382417, 36.25104521924629, 8.20013338801451, 30.30413673395291, 36.8965255816374, 35.384491918534046, 36.829069109493865, 9.472076720977203, 23.29950542186387, 27.66957596289925, 8.419997583096848, 31.814407164724546, 36.58148583896458, 19.71212522364221, 25.391481076432388, 35.95341610107571, 27.73014499783516, 31.818832050655033, 30.757865240899847, 26.42784239261411, 32.19655858729035, 23.477846707282584, 24.958892681458966, 16.590456800293175, 26.976736545236776, 10.321673455266284, 4.989997583096847, 13.988156709130855, 23.64950636260211, 22.973740574494002, 19.098516206964845, 34.22213626029902, 25.768060589600356, 30.909907797332853, 33.25679239739664, 32.20628321118653, 31.407043105261398, 26.74752628128976, 27.77188106421381, 5.3334629464522, 13.582583265667783, 35.68841016386636, 32.56917628464289, 6.650413978882135, 9.206663823137061, 28.97344866138883, 32.1290946472995, 11.924276498807595, 19.747666902467607, 35.42472358903848, 1.730753170447424, 18.931019381871444, 16.941874100184066, 33.442344393916436, 31.30151736319996, 6.638390864487738, 33.319147904105485, 19.624912260808053, 22.94124341998249, 12.1530141497124, 27.842209609802815, 9.774574834052475, 22.19379837471992, 30.576277226274833, 10.289987777937204, 20.821039236690847, 30.734445415074006, 36.50986539660022, 31.38345061222092, 29.474680235832928, 21.421996359471237, 9.036327416468412, 26.35640734783374, 15.087803283212708, 32.716385607924316, 24.13619617804885, 32.21811960914172, 32.469551169816405, 19.335767031833534, 26.70005437920801, 9.816643251227218, 23.43112372386269, 20.190444416161625, 31.75729066481814, 6.922918272186072, 0.4422783503960818, 24.404784320462493, 5.878177278572694, 26.82132728395052, 8.282871255446226, 12.103934853961693, 30.79155911093578, 6.416146258236841, 30.706129474937914, 1.6922783503960817, 20.595657933400947, 8.22418520435691, 11.158229320226239, 27.208871367555112, 5.032736220834777, 9.203567729992793, 6.243095594989136, 6.245457673110069, 12.338283494105564, 20.182074601417405], "overtime": [false, false, false, false, false, false, true, false, false, false, false, false, false, true, false, false, false, false, true, false, false, true, false, false, false, false, false, false, false, false, false, false, false, false, true, false, true, true, true, false, false, false, false, false, false, false, false, false, false, false, true, true, false, false, true, true, false, false, true, false, false, true, false, true, false, false, true, false, false, false, true, false, true, false, false, true, true, false, false, false, false, false, true, false, true, false, false, false, false, true, false, true, false, false, false, true, true, false, true, false, true, true, false, true, false, true, false, true, true, false, true, true, true, true, true, true], "really_average_reduce_rate": 0.6456226861059434, "greedy_cost": 37.48912948887796, "greedy_overtime": false, "algo": "ppo"}