{"reward": [-36.32867161843926, -33.29587280002423, -21.399566115560006, -32.56288044963964, -28.477652227561915, -37.41569470232353, -36.682321835896005, -14.484059156505392, -30.70562152517959, -11.472318355496972, -36.2212735555973, -30.632038662238042, -10.152103825006634, -32.37940600431525, -26.77368942874483, -35.293353413706654, -13.989422208899633, -33.410137103926395, -28.165374682182442, -19.094944907287136, -33.465173441059896, -36.19799002634361, -35.65234937305563, -32.51601900658571, -32.6921676817257, -34.73884781818837, -16.826696197967976, -10.480179809881376, -37.00971048683859, -27.916356452619656, -36.36808612594381, -36.90681993455626, -31.088891876377158, -32.801037931703036, -12.317444528285415, -24.652669887645168, -28.253393155150118, -31.91832311133854, -37.372847502669316, -36.23221166874282, -32.45172625495121, -20.861325970357285, -27.452867458406832, -26.704725203691044, -35.93027833704838, -28.449799684863535, -32.11589185820892, -32.50184150635265, -20.560473673576485, -7.353476080913096, -35.56316425404512, -26.162416451927275, -14.095489898798988, -33.26825930712745, -36.19405843976886, -29.09008132436313, -32.385458455691115, -32.34549839765765, -13.812241871394216, -36.93841016386636, -24.23728220416233, -17.810798425944526, -36.32420105693862, -31.478859180146827, -29.841848863521587, -4.748964225053787, -24.851423322996123, -10.544673473434523, -16.570316543765365, -6.9464342589303865, -30.21067845350131, -14.379812251459807, -9.744950051074849, -10.954781272318215, -29.412890111003072, -8.011424626801164, -21.54422686413862, -13.73059695647098, -11.187644939776511, -35.53544043188915, -30.757222788343206, -7.5352855646237735, -20.42246528283693, -32.281813969193024, -32.77686859789305, -16.994311930621045, -5.878722592648119, -31.392291964236648, -31.48630434901453, -33.187249046070505, -8.5890082300175, -19.748523630406705, -8.822861425988377, -17.236134496843444, -13.292789167575538, -9.875469857444987], "cost": [36.32867161843926, 33.29587280002423, 21.399566115560006, 32.56288044963964, 28.477652227561915, 37.41569470232353, 36.682321835896005, 14.484059156505392, 30.70562152517959, 11.472318355496972, 36.2212735555973, 30.632038662238042, 10.152103825006634, 32.37940600431525, 26.77368942874483, 35.293353413706654, 13.989422208899633, 33.410137103926395, 28.165374682182442, 19.094944907287136, 33.465173441059896, 36.19799002634361, 35.65234937305563, 32.51601900658571, 32.6921676817257, 34.73884781818837, 16.826696197967976, 10.480179809881376, 37.00971048683859, 27.916356452619656, 36.36808612594381, 36.90681993455626, 31.088891876377158, 32.801037931703036, 12.317444528285415, 24.652669887645168, 28.253393155150118, 31.91832311133854, 37.372847502669316, 36.23221166874282, 32.45172625495121, 20.861325970357285, 27.452867458406832, 26.704725203691044, 35.93027833704838, 28.449799684863535, 32.11589185820892, 32.50184150635265, 20.560473673576485, 7.353476080913096, 35.56316425404512, 26.162416451927275, 14.095489898798988, 33.26825930712745, 36.19405843976886, 29.09008132436313, 32.385458455691115, 32.34549839765765, 13.812241871394216, 36.93841016386636, 24.23728220416233, 17.810798425944526, 36.32420105693862, 31.478859180146827, 29.841848863521587, 4.748964225053787, 24.851423322996123, 10.544673473434523, 16.570316543765365, 6.9464342589303865, 30.21067845350131, 14.379812251459807, 9.744950051074849, 10.954781272318215, 29.412890111003072, 8.011424626801164, 21.54422686413862, 13.73059695647098, 11.187644939776511, 35.53544043188915, 30.757222788343206, 7.5352855646237735, 20.42246528283693, 32.281813969193024, 32.77686859789305, 16.994311930621045, 5.878722592648119, 31.392291964236648, 31.48630434901453, 33.187249046070505, 8.5890082300175, 19.748523630406705, 8.822861425988377, 17.236134496843444, 13.292789167575538, 9.875469857444987], "overtime": [false, false, true, false, true, false, false, true, false, true, false, false, true, false, true, false, true, false, true, true, false, false, false, false, false, false, true, true, false, true, false, false, false, false, true, true, true, false, false, false, false, true, true, true, false, true, false, false, true, true, false, true, true, false, false, true, false, false, true, false, true, true, false, false, false, true, true, true, true, true, false, true, true, true, false, true, true, true, true, false, false, true, true, false, false, true, true, false, false, false, true, true, true, true, true, true], "really_average_reduce_rate": 0.9461172032136544, "greedy_cost": 37.48912948887796, "greedy_overtime": false, "algo": "ppo"}