{"reward": [-26.49576469482854, -11.64063768032007, -12.26637074469589, -22.19150437390432, -30.92825763955712, -8.635161758242175, -34.05465892737732, -10.35546761597507, -26.569734835820274, -10.93479615962133, -24.50588517659344, -27.412175569264214, -37.275135682523256, -31.122959256386384, -25.57511811410077, -25.17205869591795, -35.48035306056961, -36.25023091594689, -6.254796159621328, -36.98433366135694, -36.985667829765006, -22.008625197289508, -25.489489573324104, -28.365030276244507, -20.290590214235706, -29.104301970126105, -0.6534629464522004, -6.099005519412458, -32.26071692840196, -30.32186847910285, -24.735019484478975, -31.073606970002874, -13.347659827079625, -5.3334629464522, -34.91087031001225, -23.70413836641237, -14.089092528251932, -24.363082455983385, -28.685651361960915, -22.063992152195425, -31.477989230537784, -25.303943667020647, -28.61991493153386, -32.85544242578559, -31.30512258212082, -36.4556267738808, -11.221598754758016, -21.24031287454068, -15.897666881745684, -11.64063768032007, -26.389438214162364, -37.372847502669316, -32.6868137718644, -14.031835088571535, -13.18098378187977, -35.10184047840536, -5.571560585582629, -22.3359627492167, -27.7425607261341, -8.45401786214672, -33.25227139232681, -29.963133294470605, -28.645050874352453, -24.58549017588608, -6.444002017080784, -9.64260618998669, -30.904649238502603, -32.16194302294404, -25.72141627795063, -25.097790795592584, -15.511812683204191, -6.212606189986691, -19.965511753689494, -24.211270781196657, -31.939743183068927, -23.422010884219784, -27.21684836408123, -18.157384443599728, -12.29714385850355, -31.357096216473725, -29.965741004860032, -6.00413440280594, -4.997566156489775, -21.754509063744916, -6.312059820042923, -25.622939099855717, 0, -17.51951478211209, -9.573271937435493, -9.907155534774066, -11.003760384675116, -9.913189265578985], "cost": [26.49576469482854, 11.64063768032007, 12.26637074469589, 22.19150437390432, 30.92825763955712, 8.635161758242175, 34.05465892737732, 10.35546761597507, 26.569734835820274, 10.93479615962133, 24.50588517659344, 27.412175569264214, 37.275135682523256, 31.122959256386384, 25.57511811410077, 25.17205869591795, 35.48035306056961, 36.25023091594689, 6.254796159621328, 36.98433366135694, 36.985667829765006, 22.008625197289508, 25.489489573324104, 28.365030276244507, 20.290590214235706, 29.104301970126105, 0.6534629464522004, 6.099005519412458, 32.26071692840196, 30.32186847910285, 24.735019484478975, 31.073606970002874, 13.347659827079625, 5.3334629464522, 34.91087031001225, 23.70413836641237, 14.089092528251932, 24.363082455983385, 28.685651361960915, 22.063992152195425, 31.477989230537784, 25.303943667020647, 28.61991493153386, 32.85544242578559, 31.30512258212082, 36.4556267738808, 11.221598754758016, 21.24031287454068, 15.897666881745684, 11.64063768032007, 26.389438214162364, 37.372847502669316, 32.6868137718644, 14.031835088571535, 13.18098378187977, 35.10184047840536, 5.571560585582629, 22.3359627492167, 27.7425607261341, 8.45401786214672, 33.25227139232681, 29.963133294470605, 28.645050874352453, 24.58549017588608, 6.444002017080784, 9.64260618998669, 30.904649238502603, 32.16194302294404, 25.72141627795063, 25.097790795592584, 15.511812683204191, 6.212606189986691, 19.965511753689494, 24.211270781196657, 31.939743183068927, 23.422010884219784, 27.21684836408123, 18.157384443599728, 12.29714385850355, 31.357096216473725, 29.965741004860032, 6.00413440280594, 4.997566156489775, 21.754509063744916, 6.312059820042923, 25.622939099855717, 0, 17.51951478211209, 9.573271937435493, 9.907155534774066, 11.003760384675116, 9.913189265578985], "overtime": [false, true, true, true, false, true, false, true, false, true, true, false, false, false, false, false, false, false, true, false, false, true, false, false, true, false, true, true, false, false, false, false, true, true, false, true, true, false, false, true, false, false, false, false, false, false, true, true, true, true, false, false, false, true, true, false, true, true, false, true, false, false, false, true, true, true, false, false, false, false, true, true, true, true, false, true, false, true, true, false, false, true, true, true, true, false, true, true, true, true, true, true], "really_average_reduce_rate": 0.7903052313800265, "greedy_cost": 37.48912948887796, "greedy_overtime": false, "algo": "ppo"}