{"reward": [-23.58413020495325, -19.521180360279978, -33.9870288707316, -32.09090661646798, -15.728025425700471, -35.77162621720694, -5.017984131341801, -27.771925103385, -36.79053794834763, -37.372847502669316, -36.90681993455626, -36.44882806044072, -36.36808612594381, -36.90681993455626, -28.975722144758322, -37.309068071898075, -36.697767825173216, -6.4484725785814225, -32.43253137793392, -36.89343456277624, -12.279756116475912, -37.403643498951574, -23.8640224737674, -37.26175031074323, -28.436414313083514, -9.850437411936, -35.45689306581394, -28.232286620419472, -28.596149426447223, -37.48912948887796, -31.560170464757828, -35.33179243024439, -14.399021987216546, -10.783476080913097, -13.309940418945626, -37.48912948887796, -6.886280367476866, -14.597659827079626, -13.785467615975069, -32.58818155178801, -28.519578246800222, -14.662153490632774, -30.718900286713613, -30.568832050655036, -21.910660734251135, -37.283705254541715, -6.636827695183457, -19.878159847715867, -15.923200681349263, -28.800131289279086, -35.95982805459761, -36.181825687326494, -15.923200681349263, -33.33056410988793, -29.23959848159924, -36.832857332127176, -34.24546117601917, -35.25492072146387, -11.507755795828999, -7.478868095763027, -36.39763584349305, -37.34359408417716, -28.187623064201322, -9.910429823948071, -21.786557148369024, -35.243467819858346, -9.294673473434523, -37.48912948887796, -31.486183614097534, -35.01880359251984, -6.545149605842308, -28.690442023556677, -35.18326892395504, -12.49774820784107, -33.939711109576756, -15.013845803104344, -24.233415097994733, -11.161626096274706, -32.79009376356379, -28.585645134141668, -31.190546442149206, -14.994800377860667, -9.44789024352096, -23.77385582449846, -24.912653222912923, -6.6323571336828175, -36.03658633401618, -20.35194624601863, -5.55681185011752, -25.183191119311378, -5.771270735347644, -28.80282012677751, -13.34006787228398], "cost": [23.58413020495325, 19.521180360279978, 33.9870288707316, 32.09090661646798, 15.728025425700471, 35.77162621720694, 5.017984131341801, 27.771925103385, 36.79053794834763, 37.372847502669316, 36.90681993455626, 36.44882806044072, 36.36808612594381, 36.90681993455626, 28.975722144758322, 37.309068071898075, 36.697767825173216, 6.4484725785814225, 32.43253137793392, 36.89343456277624, 12.279756116475912, 37.403643498951574, 23.8640224737674, 37.26175031074323, 28.436414313083514, 9.850437411936, 35.45689306581394, 28.232286620419472, 28.596149426447223, 37.48912948887796, 31.560170464757828, 35.33179243024439, 14.399021987216546, 10.783476080913097, 13.309940418945626, 37.48912948887796, 6.886280367476866, 14.597659827079626, 13.785467615975069, 32.58818155178801, 28.519578246800222, 14.662153490632774, 30.718900286713613, 30.568832050655036, 21.910660734251135, 37.283705254541715, 6.636827695183457, 19.878159847715867, 15.923200681349263, 28.800131289279086, 35.95982805459761, 36.181825687326494, 15.923200681349263, 33.33056410988793, 29.23959848159924, 36.832857332127176, 34.24546117601917, 35.25492072146387, 11.507755795828999, 7.478868095763027, 36.39763584349305, 37.34359408417716, 28.187623064201322, 9.910429823948071, 21.786557148369024, 35.243467819858346, 9.294673473434523, 37.48912948887796, 31.486183614097534, 35.01880359251984, 6.545149605842308, 28.690442023556677, 35.18326892395504, 12.49774820784107, 33.939711109576756, 15.013845803104344, 24.233415097994733, 11.161626096274706, 32.79009376356379, 28.585645134141668, 31.190546442149206, 14.994800377860667, 9.44789024352096, 23.77385582449846, 24.912653222912923, 6.6323571336828175, 36.03658633401618, 20.35194624601863, 5.55681185011752, 25.183191119311378, 5.771270735347644, 28.80282012677751, 13.34006787228398], "overtime": [true, true, false, false, true, false, true, true, false, false, false, false, false, false, true, false, false, true, false, false, true, false, true, false, true, true, false, true, true, false, false, false, true, true, true, false, true, true, true, false, true, true, false, false, true, false, true, true, true, true, false, false, true, false, false, false, false, false, true, true, false, false, true, true, true, false, true, false, false, false, true, true, false, true, false, true, true, true, false, true, false, true, true, true, true, true, false, true, true, true, true, true, true], "really_average_reduce_rate": 0.9461172032136544, "greedy_cost": 37.48912948887796, "greedy_overtime": false, "algo": "ppo"}