{"reward": [-37.18138860047795, -27.15619827716611, -28.585645134141668, -31.014292163429783, -37.08181110498496, -11.507755795828999, -27.816033893888815, -14.62769530550577, -35.847383093554534, -30.68093973264098, -15.275871773958208, -9.026816018912942, -32.66819891809486, -31.793068285295735, -33.47694814482704, -22.233880438087507, -31.915423964085054, -33.11343391044066, -8.496530381543561, -12.102916969889776, -5.760766443042085, -23.78908802689053, -36.060567399635914, -27.389171952810138, -23.904117314489557, -6.711825651042164, -35.91501315020025, -30.766676406478513, -25.373003716645762, -27.552756979148832, -33.353745297053834, -23.809448772342876, -36.17395579444245, -29.100379300387576, -31.968738884385672, -24.706730646332726, -23.589853350352495, -31.537474495312196, -33.38845803252422, -32.87878284838982, -37.19856450287626, -19.036769113820043, -5.6964342589303865, -34.05465892737732, -29.512522665094583, -30.69888521798886, -33.11215617935173, -31.00791325668804, -9.983319296427071, -26.656683126557613, -32.93384168278426, -35.62513425722718, -30.283496885569765, -29.738958311239255, -27.136779174581168, -31.79433515554294, -24.426985838236284, -23.403277483750134, -37.3480646456778, -22.551284815603868, -33.27334625892341, -26.97749075328, -35.685039713773875, -8.871614420004189, -3.4989642250537876, -28.88225612345152, -3.9412425754498694, -22.205685750879347, -30.880331248948345, -22.12906375336461, -10.603314816467464, -5.594090397842229, -5.592345457412303, -0.5844987213984132, -9.108952002990993], "cost": [37.18138860047795, 27.15619827716611, 28.585645134141668, 31.014292163429783, 37.08181110498496, 11.507755795828999, 27.816033893888815, 14.62769530550577, 35.847383093554534, 30.68093973264098, 15.275871773958208, 9.026816018912942, 32.66819891809486, 31.793068285295735, 33.47694814482704, 22.233880438087507, 31.915423964085054, 33.11343391044066, 8.496530381543561, 12.102916969889776, 5.760766443042085, 23.78908802689053, 36.060567399635914, 27.389171952810138, 23.904117314489557, 6.711825651042164, 35.91501315020025, 30.766676406478513, 25.373003716645762, 27.552756979148832, 33.353745297053834, 23.809448772342876, 36.17395579444245, 29.100379300387576, 31.968738884385672, 24.706730646332726, 23.589853350352495, 31.537474495312196, 33.38845803252422, 32.87878284838982, 37.19856450287626, 19.036769113820043, 5.6964342589303865, 34.05465892737732, 29.512522665094583, 30.69888521798886, 33.11215617935173, 31.00791325668804, 9.983319296427071, 26.656683126557613, 32.93384168278426, 35.62513425722718, 30.283496885569765, 29.738958311239255, 27.136779174581168, 31.79433515554294, 24.426985838236284, 23.403277483750134, 37.3480646456778, 22.551284815603868, 33.27334625892341, 26.97749075328, 35.685039713773875, 8.871614420004189, 3.4989642250537876, 28.88225612345152, 3.9412425754498694, 22.205685750879347, 30.880331248948345, 22.12906375336461, 10.603314816467464, 5.594090397842229, 5.592345457412303, 0.5844987213984132, 9.108952002990993], "overtime": [false, false, false, false, false, true, false, true, false, false, true, true, false, false, false, true, false, false, true, true, true, false, false, false, false, true, false, false, true, false, false, true, false, false, false, true, true, false, false, false, false, true, true, false, false, false, false, false, true, false, false, false, false, false, false, false, true, true, false, true, false, false, false, true, true, false, true, true, false, true, true, true, true, true, true], "really_average_reduce_rate": 0.7903052313800265, "greedy_cost": 37.48912948887796, "greedy_overtime": false, "algo": "ppo"}