{"reward": [-251.1056705026702, -224.4944901233167, -232.0486229720433, -215.3159070743155, -256.70594652337024, -239.9584048797564, -222.16251733346843, -238.96170544303033, -254.7625628772286, -251.76215244304396, -249.3656608485338, -244.23233356195507, -239.28130815846853, -262.8459927767423, -216.61996256022718, -240.098426263379, -262.5038859546092, -259.5803770196997, -242.5314343104885, -255.36377520697198, -254.84439828347422, -247.0247429984436, -251.18511100088253, -242.73894864064644, -239.57632170833648, -251.6018031679654, -248.14981020981458, -251.03200915309606, -225.3968063578569, -219.7632912205067, -250.53535188384362, -229.39214644896805, -244.75757902095106, -248.30729871856988, -235.2781343942416, -253.08517067910182, -231.89020585836846, -254.24072901723915, -234.60027249041948, -225.51509354743177, -230.075243813647, -241.50120580460884, -254.19694118378692, -224.3166823541746, -222.3782613155805, -259.38663810757004, -223.0758366844804, -253.68250869439925, -199.42631427031026, -225.22259727262897, -245.56996888671077, -230.0838201882225, -211.3998286482692, -242.36620530635128, -224.81569637819203, -233.20337876599297, -241.49322219136175, -244.15547968948266, -197.1981062372123, -238.82949495785874, -231.62984150265348, -251.98932443178262, -237.73481537242424, -205.47520600148485, -197.66512793382628, -217.49346779970455, -230.7549048427493, -206.6966299366579, -223.3405501263496, -239.36052759842022, -230.09511875163767, -232.910353771681, -247.2238156295196, -237.11456436906008, -225.71716040007777, -231.22830597900787, -223.76746904232542, -206.9639724695869], "cost": [251.1056705026702, 224.4944901233167, 232.0486229720433, 215.3159070743155, 256.70594652337024, 239.9584048797564, 222.16251733346843, 238.96170544303033, 254.7625628772286, 251.76215244304396, 249.3656608485338, 244.23233356195507, 239.28130815846853, 262.8459927767423, 216.61996256022718, 240.098426263379, 262.5038859546092, 259.5803770196997, 242.5314343104885, 255.36377520697198, 254.84439828347422, 247.0247429984436, 251.18511100088253, 242.73894864064644, 239.57632170833648, 251.6018031679654, 248.14981020981458, 251.03200915309606, 225.3968063578569, 219.7632912205067, 250.53535188384362, 229.39214644896805, 244.75757902095106, 248.30729871856988, 235.2781343942416, 253.08517067910182, 231.89020585836846, 254.24072901723915, 234.60027249041948, 225.51509354743177, 230.075243813647, 241.50120580460884, 254.19694118378692, 224.3166823541746, 222.3782613155805, 259.38663810757004, 223.0758366844804, 253.68250869439925, 199.42631427031026, 225.22259727262897, 245.56996888671077, 230.0838201882225, 211.3998286482692, 242.36620530635128, 224.81569637819203, 233.20337876599297, 241.49322219136175, 244.15547968948266, 197.1981062372123, 238.82949495785874, 231.62984150265348, 251.98932443178262, 237.73481537242424, 205.47520600148485, 197.66512793382628, 217.49346779970455, 230.7549048427493, 206.6966299366579, 223.3405501263496, 239.36052759842022, 230.09511875163767, 232.910353771681, 247.2238156295196, 237.11456436906008, 225.71716040007777, 231.22830597900787, 223.76746904232542, 206.9639724695869], "overtime": [false, false, false, true, false, false, true, false, false, false, true, false, false, false, true, false, false, false, true, false, false, false, true, true, true, false, false, false, false, true, false, true, false, false, true, false, false, false, false, true, true, true, false, true, false, false, true, false, true, true, true, true, true, false, false, true, false, false, true, true, false, false, false, true, true, false, false, true, true, false, true, false, true, true, true, true, true, true], "really_average_reduce_rate": 0.7981743966704699, "greedy_cost": 250.86960051674407}