{"reward": [-318.2334935321567, -320.56945892580785, -306.8945174170285, -323.5499203965813, -303.7472229612153, -225.82261475739074, -279.80800705097624, -300.5111247541569, -320.00724248613227, -292.7922399190907, -309.5045122098364, -246.11860411993231, -305.89855418018993, -330.0514517130144, -280.9060065540859, -305.45182501350536, -288.5716569752525, -297.9652887703945, -310.6490420250595, -306.0871469584107, -294.8146520676837, -324.09674752294086, -275.2182398841064, -306.1596320195031, -307.11399675892676, -230.72665788147606, -297.927037305953, -187.24388212309228, -293.8138812219538, -301.6244588458259, -299.25619435394185, -307.72579701818535, -277.2802040885947, -294.7704925210216, -330.5994813210703, -300.93415733154865, -299.1432885983308, -315.9523858370632, -295.7208212979417, -310.35260828917853, -304.31743860552086, -300.9654314384982, -306.25441841417927, -278.0027248202823, -297.63094175005335, -308.59966282537204, -318.00292854814785, -325.7533851938229, -310.4492144829873, -300.8485173307173, -230.02612567336308, -206.77897494217387, -295.4188861636725, -318.25694174554195, -237.74917257667522, -156.85106810952536, -280.7871777195948, -235.02902066230774, -270.23430369656535, -309.2639808149729, -279.15578180722895, -176.52685758415618, -302.0388827996608, -283.5223114840593, -303.8638810710982, -186.93950706728737, -182.11124462045734, -210.39315299510955, -286.1906954105851, -288.16197641938925, -291.5470762390923, -312.58942158611495, -314.88347595767107, -280.16260617703205, -308.3554957148339, -310.376835945081, -271.7318082008511, -286.2078201709037, -221.59496350834146, -295.3970081899222, -280.48020317761234, -307.3902322557941, -298.6761887576525, -286.2217641050555, -301.7653373722546, -210.89293213371192, -200.91325876561, -288.7019649351202, -278.83975834166625, -297.0288986215369, -278.2312783338223, -197.97961096670485, -282.442302013468, -277.4548292781598, -214.27867105929187, -221.50563602801418, -210.89476940769703, -255.0501789130363, -220.73697856008076, -272.00138582836837, -220.3606437255256, -193.1555752188619, -211.300266582286, -258.0951580284722, -273.5064338349738, -257.8653283023742, -211.52854019791823, -287.1563185220958, -269.02343373975725, -142.37868602671665, -272.1918397457712, -213.14939214288256, -275.98143983838145, -300.5246785505302, -186.21963290727697, -198.60148619994527, -222.41498059481387, -271.56243126231243, -211.20785928518515, -172.19413449191492], "cost": [318.2334935321567, 320.56945892580785, 306.8945174170285, 323.5499203965813, 303.7472229612153, 225.82261475739074, 279.80800705097624, 300.5111247541569, 320.00724248613227, 292.7922399190907, 309.5045122098364, 246.11860411993231, 305.89855418018993, 330.0514517130144, 280.9060065540859, 305.45182501350536, 288.5716569752525, 297.9652887703945, 310.6490420250595, 306.0871469584107, 294.8146520676837, 324.09674752294086, 275.2182398841064, 306.1596320195031, 307.11399675892676, 230.72665788147606, 297.927037305953, 187.24388212309228, 293.8138812219538, 301.6244588458259, 299.25619435394185, 307.72579701818535, 277.2802040885947, 294.7704925210216, 330.5994813210703, 300.93415733154865, 299.1432885983308, 315.9523858370632, 295.7208212979417, 310.35260828917853, 304.31743860552086, 300.9654314384982, 306.25441841417927, 278.0027248202823, 297.63094175005335, 308.59966282537204, 318.00292854814785, 325.7533851938229, 310.4492144829873, 300.8485173307173, 230.02612567336308, 206.77897494217387, 295.4188861636725, 318.25694174554195, 237.74917257667522, 156.85106810952536, 280.7871777195948, 235.02902066230774, 270.23430369656535, 309.2639808149729, 279.15578180722895, 176.52685758415618, 302.0388827996608, 283.5223114840593, 303.8638810710982, 186.93950706728737, 182.11124462045734, 210.39315299510955, 286.1906954105851, 288.16197641938925, 291.5470762390923, 312.58942158611495, 314.88347595767107, 280.16260617703205, 308.3554957148339, 310.376835945081, 271.7318082008511, 286.2078201709037, 221.59496350834146, 295.3970081899222, 280.48020317761234, 307.3902322557941, 298.6761887576525, 286.2217641050555, 301.7653373722546, 210.89293213371192, 200.91325876561, 288.7019649351202, 278.83975834166625, 297.0288986215369, 278.2312783338223, 197.97961096670485, 282.442302013468, 277.4548292781598, 214.27867105929187, 221.50563602801418, 210.89476940769703, 255.0501789130363, 220.73697856008076, 272.00138582836837, 220.3606437255256, 193.1555752188619, 211.300266582286, 258.0951580284722, 273.5064338349738, 257.8653283023742, 211.52854019791823, 287.1563185220958, 269.02343373975725, 142.37868602671665, 272.1918397457712, 213.14939214288256, 275.98143983838145, 300.5246785505302, 186.21963290727697, 198.60148619994527, 222.41498059481387, 271.56243126231243, 211.20785928518515, 172.19413449191492], "overtime": [false, false, false, false, false, true, false, false, false, false, false, true, false, false, false, false, false, false, false, false, false, false, false, false, false, true, false, true, false, false, false, false, true, false, false, false, false, false, false, false, false, false, false, false, false, false, false, false, false, false, true, true, false, false, true, true, false, true, false, false, false, true, false, false, false, true, true, true, false, false, false, false, false, false, false, false, false, false, true, false, false, false, false, false, false, true, true, false, false, false, false, true, false, true, true, true, true, false, true, false, true, true, true, false, false, true, true, false, true, true, false, true, false, false, true, true, true, true, true, true], "really_average_reduce_rate": 0.6094900111589197, "greedy_cost": 320.37504429381346}