{"reward": [-264.5356651182194, -267.4725608610363, -248.21088650674565, -259.25458227443517, -245.60615894464786, -241.9251854244993, -194.13820809389466, -266.46658579516236, -235.67365858519457, -192.35589618958542, -255.0573847624008, -203.13677697781475, -220.4287668814418, -236.37468877977696, -264.29783774842514, -247.40335661590103, -246.84784838668074, -241.6302994990908, -259.9073507794925, -247.41165576593028, -243.14045731100262, -236.77774534428502, -254.81275368659766, -257.59896408438686, -241.1728469487094, -257.2208418394067, -251.06307828519496, -243.32697588006042, -211.3160079403967, -254.42435972022835, -228.9140689056367, -250.65452457474555, -240.39735085788192, -224.9610843578633, -221.81235082048929, -208.0779675013852, -256.89101413662553, -262.8732859217004, -248.60738470085903, -239.72087598048157, -235.95524570963357, -234.92899515119385, -246.41969455409807, -260.8153567848355, -251.29282376034195, -225.61786518363294, -245.11303636650558, -229.9223449536972, -241.59629040244045, -226.84468029404064, -223.78045341442345, -234.9651865910832, -244.54793022584178, -242.18492856976582, -234.81970304501243, -233.6319707818889, -221.1429560514727, -253.2432057001535, -223.09960265762177, -220.78301431451, -195.76253215471286, -259.3757732845192, -239.53605349092751, -236.9136279536319, -250.90577896083715, -251.91876474630092, -233.94726566197357, -224.78668355080302, -232.31468811796057, -209.92066237194464, -250.1704106085655, -224.5224605486636, -227.8273071523384, -250.3463180494309, -241.60068063896156, -224.87348660221326, -248.73647499296823, -255.4572902881914, -264.2871005769261, -234.08499615444808, -210.16997298994107, -242.38318253648472, -265.48078576504264, -212.5560197288823, -215.10692039423625, -255.0792968354468, -214.68071317749104, -187.1716209370643, -243.24621297731068, -216.42769166052346, -239.0903035486118, -201.72681296514344, -231.62808052533305, -243.21759624336852, -256.0900330592878, -223.7862147750054, -239.92544068448254, -220.91975622792737, -222.83910867002794, -200.52744009497573, -205.07510892113683, -207.83205581582158, -229.97837563723334, -247.47522304028277, -240.12384050795816, -247.3104335132242, -153.34108533975663, -215.33204549480237, -235.39743216760462, -184.77161944589582, -174.43188065974974, -175.94256582109261], "cost": [264.5356651182194, 267.4725608610363, 248.21088650674565, 259.25458227443517, 245.60615894464786, 241.9251854244993, 194.13820809389466, 266.46658579516236, 235.67365858519457, 192.35589618958542, 255.0573847624008, 203.13677697781475, 220.4287668814418, 236.37468877977696, 264.29783774842514, 247.40335661590103, 246.84784838668074, 241.6302994990908, 259.9073507794925, 247.41165576593028, 243.14045731100262, 236.77774534428502, 254.81275368659766, 257.59896408438686, 241.1728469487094, 257.2208418394067, 251.06307828519496, 243.32697588006042, 211.3160079403967, 254.42435972022835, 228.9140689056367, 250.65452457474555, 240.39735085788192, 224.9610843578633, 221.81235082048929, 208.0779675013852, 256.89101413662553, 262.8732859217004, 248.60738470085903, 239.72087598048157, 235.95524570963357, 234.92899515119385, 246.41969455409807, 260.8153567848355, 251.29282376034195, 225.61786518363294, 245.11303636650558, 229.9223449536972, 241.59629040244045, 226.84468029404064, 223.78045341442345, 234.9651865910832, 244.54793022584178, 242.18492856976582, 234.81970304501243, 233.6319707818889, 221.1429560514727, 253.2432057001535, 223.09960265762177, 220.78301431451, 195.76253215471286, 259.3757732845192, 239.53605349092751, 236.9136279536319, 250.90577896083715, 251.91876474630092, 233.94726566197357, 224.78668355080302, 232.31468811796057, 209.92066237194464, 250.1704106085655, 224.5224605486636, 227.8273071523384, 250.3463180494309, 241.60068063896156, 224.87348660221326, 248.73647499296823, 255.4572902881914, 264.2871005769261, 234.08499615444808, 210.16997298994107, 242.38318253648472, 265.48078576504264, 212.5560197288823, 215.10692039423625, 255.0792968354468, 214.68071317749104, 187.1716209370643, 243.24621297731068, 216.42769166052346, 239.0903035486118, 201.72681296514344, 231.62808052533305, 243.21759624336852, 256.0900330592878, 223.7862147750054, 239.92544068448254, 220.91975622792737, 222.83910867002794, 200.52744009497573, 205.07510892113683, 207.83205581582158, 229.97837563723334, 247.47522304028277, 240.12384050795816, 247.3104335132242, 153.34108533975663, 215.33204549480237, 235.39743216760462, 184.77161944589582, 174.43188065974974, 175.94256582109261], "overtime": [false, false, false, false, true, false, true, false, false, true, false, true, false, true, false, false, false, false, false, false, false, true, false, false, false, false, false, false, true, false, true, false, false, true, true, true, false, false, false, false, false, false, false, false, false, true, false, true, false, true, true, false, false, false, true, false, true, false, true, true, true, false, false, false, false, false, true, true, true, true, false, true, true, false, false, false, false, false, false, true, true, false, false, true, true, false, true, true, false, false, false, true, false, true, false, true, false, true, true, true, true, true, false, false, false, false, true, true, true, true, true, true], "really_average_reduce_rate": 0.7981743966704699, "greedy_cost": 250.86960051674407}