{"reward": [-252.84663653704345, -233.61403541941206, -252.8711714667269, -264.4314392809012, -270.40287270402547, -234.69117441251876, -234.86717013638471, -199.44876833942718, -238.0522107042652, -239.23972449027934, -237.39961004861638, -239.01932639366956, -204.73610547195196, -257.9693563620468, -252.2766608827562, -259.8636066001188, -210.0831682784297, -261.360584368324, -207.00743752463728, -236.92876546505843, -221.65130834342918, -232.42100536618386, -256.62554044482306, -231.19183820285843, -240.06878350101417, -243.25567134005024, -250.80352668521937, -218.09069628268483, -192.3665131355822, -208.2625974941068, -218.25650061611088, -263.5005896137563, -240.61687533839617, -221.6978850266338, -210.37762091210118, -250.7424722916447, -256.6531320589688, -250.92431354122243, -235.53125312047078, -209.75715086522519, -239.05902615974665, -224.35483683767734, -209.95937710950147, -251.21771361907017, -235.8355507297163, -250.63947900178854, -222.48606530210014, -234.46864251251344, -227.9132776865364, -221.29117866728458, -244.76129206416203, -216.16543299435648, -201.52753866970545, -232.0750667902548, -237.48942664832813, -243.36326745148756, -206.51833920486274, -232.69661812873562, -234.97963108967065, -240.57851748310966, -238.71063392125072, -218.4482125150041], "cost": [252.84663653704345, 233.61403541941206, 252.8711714667269, 264.4314392809012, 270.40287270402547, 234.69117441251876, 234.86717013638471, 199.44876833942718, 238.0522107042652, 239.23972449027934, 237.39961004861638, 239.01932639366956, 204.73610547195196, 257.9693563620468, 252.2766608827562, 259.8636066001188, 210.0831682784297, 261.360584368324, 207.00743752463728, 236.92876546505843, 221.65130834342918, 232.42100536618386, 256.62554044482306, 231.19183820285843, 240.06878350101417, 243.25567134005024, 250.80352668521937, 218.09069628268483, 192.3665131355822, 208.2625974941068, 218.25650061611088, 263.5005896137563, 240.61687533839617, 221.6978850266338, 210.37762091210118, 250.7424722916447, 256.6531320589688, 250.92431354122243, 235.53125312047078, 209.75715086522519, 239.05902615974665, 224.35483683767734, 209.95937710950147, 251.21771361907017, 235.8355507297163, 250.63947900178854, 222.48606530210014, 234.46864251251344, 227.9132776865364, 221.29117866728458, 244.76129206416203, 216.16543299435648, 201.52753866970545, 232.0750667902548, 237.48942664832813, 243.36326745148756, 206.51833920486274, 232.69661812873562, 234.97963108967065, 240.57851748310966, 238.71063392125072, 218.4482125150041], "overtime": [false, true, false, false, false, false, false, true, false, true, true, false, true, false, false, false, true, false, true, true, true, false, false, true, true, false, false, true, true, true, true, false, false, true, true, false, false, false, true, true, true, false, true, false, false, false, true, true, false, false, false, true, true, true, false, false, true, true, true, true, true, true], "really_average_reduce_rate": 0.7981743966704699, "greedy_cost": 250.86960051674407}