{"reward": [-223.12308853968983, -215.75222356319432, -246.32017070878308, -238.33033508219765, -256.55808479676966, -240.4631986165886, -237.13600043468188, -261.4050569912419, -260.42451834243724, -229.4125100462605, -233.87744847026661, -239.15279761634775, -257.8629559471738, -233.2914249399957, -251.35722657372247, -215.10863099184823, -232.17936392501935, -249.26979279512548, -223.58650805154826, -271.1153273912799, -255.06176505774272, -225.3400239504036, -244.29557919964202, -229.9194070624747, -226.9972983893008, -247.24482937272634, -211.19557633318942, -242.355548117729, -244.55485627468678, -225.69191781672652, -227.33475284578282, -225.77952732625425, -254.23898237447258, -241.1790767016635, -237.7351665376686, -214.12897089431067, -203.40952675274576, -223.16658142431646, -213.96669089596722, -231.70147582022474, -243.99668424483394, -197.44426347204492, -223.5141017633025, -187.92035545393833, -239.65843262745068, -210.4528747964092, -249.1081530589983, -240.5805806142279, -235.54411784248427, -237.58317213117147, -196.30073262597435, -256.40169088203464, -233.8908860681951, -245.93492828920492, -241.33464299163785, -228.44751329207793, -206.57431426890207, -238.62934479220772, -240.9648202908412, -237.35304789348515, -224.00720240110533, -206.90037779022015, -253.72047650374475, -220.11864167535688, -233.716464540232, -247.3884074766934, -261.2163199935575, -235.35613173249183, -221.55380219993188, -229.94913010605615, -197.0312496966776, -206.70559260415854, -240.8993703745307, -215.19038704027426, -224.63844275366523, -213.16662121852872, -235.73820225772454, -224.48139956284322, -250.76344822153447, -181.4739583527577, -211.82255076304082, -201.42535520732406, -206.08730755844158, -217.1844367988781, -216.921695830524, -229.1858840376046, -238.87362102823337, -187.39648049925458, -185.37915602978322, -231.50199479845358, -200.86502503816968, -193.7932056467794, -206.92309334506285, -236.9069933248778, -203.9276753240545, -197.17997798008847, -201.6752484112606, -202.1289596378338, -229.11722306588672, -192.3237258730922, -229.9789211529028, -210.85081807971008, -231.08145311120904, -234.94298225999816, -206.23481676399715, -221.12450163416568, -251.19933764087978, -200.08559104426766, -214.3237439689785, -219.95975512748592, -155.01964410151356, -249.12867966703146, -182.44638891604737], "cost": [223.12308853968983, 215.75222356319432, 246.32017070878308, 238.33033508219765, 256.55808479676966, 240.4631986165886, 237.13600043468188, 261.4050569912419, 260.42451834243724, 229.4125100462605, 233.87744847026661, 239.15279761634775, 257.8629559471738, 233.2914249399957, 251.35722657372247, 215.10863099184823, 232.17936392501935, 249.26979279512548, 223.58650805154826, 271.1153273912799, 255.06176505774272, 225.3400239504036, 244.29557919964202, 229.9194070624747, 226.9972983893008, 247.24482937272634, 211.19557633318942, 242.355548117729, 244.55485627468678, 225.69191781672652, 227.33475284578282, 225.77952732625425, 254.23898237447258, 241.1790767016635, 237.7351665376686, 214.12897089431067, 203.40952675274576, 223.16658142431646, 213.96669089596722, 231.70147582022474, 243.99668424483394, 197.44426347204492, 223.5141017633025, 187.92035545393833, 239.65843262745068, 210.4528747964092, 249.1081530589983, 240.5805806142279, 235.54411784248427, 237.58317213117147, 196.30073262597435, 256.40169088203464, 233.8908860681951, 245.93492828920492, 241.33464299163785, 228.44751329207793, 206.57431426890207, 238.62934479220772, 240.9648202908412, 237.35304789348515, 224.00720240110533, 206.90037779022015, 253.72047650374475, 220.11864167535688, 233.716464540232, 247.3884074766934, 261.2163199935575, 235.35613173249183, 221.55380219993188, 229.94913010605615, 197.0312496966776, 206.70559260415854, 240.8993703745307, 215.19038704027426, 224.63844275366523, 213.16662121852872, 235.73820225772454, 224.48139956284322, 250.76344822153447, 181.4739583527577, 211.82255076304082, 201.42535520732406, 206.08730755844158, 217.1844367988781, 216.921695830524, 229.1858840376046, 238.87362102823337, 187.39648049925458, 185.37915602978322, 231.50199479845358, 200.86502503816968, 193.7932056467794, 206.92309334506285, 236.9069933248778, 203.9276753240545, 197.17997798008847, 201.6752484112606, 202.1289596378338, 229.11722306588672, 192.3237258730922, 229.9789211529028, 210.85081807971008, 231.08145311120904, 234.94298225999816, 206.23481676399715, 221.12450163416568, 251.19933764087978, 200.08559104426766, 214.3237439689785, 219.95975512748592, 155.01964410151356, 249.12867966703146, 182.44638891604737], "overtime": [true, false, false, false, false, false, false, false, false, true, false, false, false, false, false, true, true, false, false, false, false, false, true, true, false, false, true, true, false, true, true, false, false, true, false, false, true, false, true, false, false, true, true, true, false, true, false, true, false, false, true, false, false, false, false, true, true, false, false, false, false, true, false, false, false, false, false, true, false, true, true, false, false, true, false, true, false, false, false, true, true, true, true, false, true, false, false, true, true, false, true, true, true, false, true, true, true, true, false, true, false, true, false, true, true, true, false, true, true, true, true, true, true], "really_average_reduce_rate": 0.7320414707232795, "greedy_cost": 250.86960051674407}