{"reward": [-255.51169279634962, -249.85388958928178, -214.42966021487493, -220.62523326623256, -250.93210056290033, -209.01920801994393, -257.9357807222475, -239.32002007199458, -225.35604726997212, -235.731864649402, -270.5162865504064, -199.79297591169367, -233.66996722240003, -264.39574517262173, -240.37674136267054, -209.17552540184937, -199.91682405211031, -251.73446839649233, -241.7303319471423, -182.9649981787056, -230.01834387850025, -218.58817229994577, -217.21782335816886, -251.49575373769747, -224.41096618460497, -206.19946794152267, -233.56730411269706, -230.0407050689683, -196.18080315186648, -223.98760349057622, -219.5718932126556], "cost": [255.51169279634962, 249.85388958928178, 214.42966021487493, 220.62523326623256, 250.93210056290033, 209.01920801994393, 257.9357807222475, 239.32002007199458, 225.35604726997212, 235.731864649402, 270.5162865504064, 199.79297591169367, 233.66996722240003, 264.39574517262173, 240.37674136267054, 209.17552540184937, 199.91682405211031, 251.73446839649233, 241.7303319471423, 182.9649981787056, 230.01834387850025, 218.58817229994577, 217.21782335816886, 251.49575373769747, 224.41096618460497, 206.19946794152267, 233.56730411269706, 230.0407050689683, 196.18080315186648, 223.98760349057622, 219.5718932126556], "overtime": [true, false, true, true, false, true, false, true, true, true, false, true, false, false, true, true, true, false, true, true, true, true, true, false, false, true, true, true, true, true, true], "really_average_reduce_rate": 0.8643073226176603, "greedy_cost": 250.86960051674407}