{"reward": [-279.44297797052195, -284.7343454649579, -175.5945014612563, -303.195717563238, -291.5047936984431, -290.8463569829333, -329.637647273438, -248.15123716783717, -300.74560630306604, -305.9861927004159, -281.2586633296497, -304.12097682620396, -300.8371548762453, -227.79516890152362, -291.9300992906094, -291.56095825418834, -311.5530848236568, -305.2527141235676, -266.73775256519207, -315.7425181219541, -286.692485522898, -277.01441086682496, -288.40005999523225, -282.8337937596998, -272.57714007692414, -256.48944785380746, -279.22630239192404, -289.71092040224, -277.6151071774214, -189.10773591198964, -185.83476501754484, -300.6857344671898, -257.48665084269834, -291.2128246667795, -280.1612251855155, -218.58905303033075, -225.7112629406806, -229.91260884155523, -280.7071087216121, -179.61317653521903, -290.9694687008766, -210.07020020287493, -280.5084348902945, -192.741147700483, -249.44798019709066, -256.2566405919101, -275.5112561303844, -286.2184239305742, -222.1243592407834, -183.87533818939707, -212.82566360419625, -272.08480619723906, -255.13207046296446, -233.861526403539, -264.2882757159043, -261.03429891433575, -216.69598332337102, -205.4970794652682, -164.97798893611875, -164.21373151138422, -204.679302549744, -220.67819287792796], "cost": [279.44297797052195, 284.7343454649579, 175.5945014612563, 303.195717563238, 291.5047936984431, 290.8463569829333, 329.637647273438, 248.15123716783717, 300.74560630306604, 305.9861927004159, 281.2586633296497, 304.12097682620396, 300.8371548762453, 227.79516890152362, 291.9300992906094, 291.56095825418834, 311.5530848236568, 305.2527141235676, 266.73775256519207, 315.7425181219541, 286.692485522898, 277.01441086682496, 288.40005999523225, 282.8337937596998, 272.57714007692414, 256.48944785380746, 279.22630239192404, 289.71092040224, 277.6151071774214, 189.10773591198964, 185.83476501754484, 300.6857344671898, 257.48665084269834, 291.2128246667795, 280.1612251855155, 218.58905303033075, 225.7112629406806, 229.91260884155523, 280.7071087216121, 179.61317653521903, 290.9694687008766, 210.07020020287493, 280.5084348902945, 192.741147700483, 249.44798019709066, 256.2566405919101, 275.5112561303844, 286.2184239305742, 222.1243592407834, 183.87533818939707, 212.82566360419625, 272.08480619723906, 255.13207046296446, 233.861526403539, 264.2882757159043, 261.03429891433575, 216.69598332337102, 205.4970794652682, 164.97798893611875, 164.21373151138422, 204.679302549744, 220.67819287792796], "overtime": [false, false, true, false, false, false, false, true, false, false, false, false, false, true, false, false, false, false, false, false, false, false, false, false, false, false, false, false, false, true, true, false, true, false, false, true, true, true, false, true, false, true, true, true, false, false, false, false, true, true, true, true, false, true, false, false, true, true, true, true, true, true], "really_average_reduce_rate": 0.6094900111589197, "greedy_cost": 320.37504429381346}