{"reward": [-249.1134990822338, -235.58208455140706, -248.73664608516737, -226.91611416445113, -244.75270285147243, -232.51592844407085, -238.080251502581, -263.00875419951046, -243.11422643856153, -231.00495231363934, -248.6415536830389, -232.95990503499291, -250.94019384939227, -237.70228704489773, -247.81965376172226, -215.9443054821715, -232.514305691924, -221.75140262129727, -233.26265012224212, -244.20598433052194, -229.3440628656653, -195.1464979263023, -201.13499382765968, -232.77384163313556, -215.8996058848128, -262.77522769102836, -198.67463131589818, -238.2821095230896, -248.9143439820316, -229.20475509366025, -200.8484244092647, -218.97044487403718, -247.1971219584812, -222.28341613482687, -190.51977565208452, -188.6966655242537, -194.83314090800474, -177.82361150615853, -234.7238253765088], "cost": [249.1134990822338, 235.58208455140706, 248.73664608516737, 226.91611416445113, 244.75270285147243, 232.51592844407085, 238.080251502581, 263.00875419951046, 243.11422643856153, 231.00495231363934, 248.6415536830389, 232.95990503499291, 250.94019384939227, 237.70228704489773, 247.81965376172226, 215.9443054821715, 232.514305691924, 221.75140262129727, 233.26265012224212, 244.20598433052194, 229.3440628656653, 195.1464979263023, 201.13499382765968, 232.77384163313556, 215.8996058848128, 262.77522769102836, 198.67463131589818, 238.2821095230896, 248.9143439820316, 229.20475509366025, 200.8484244092647, 218.97044487403718, 247.1971219584812, 222.28341613482687, 190.51977565208452, 188.6966655242537, 194.83314090800474, 177.82361150615853, 234.7238253765088], "overtime": [false, false, false, false, true, true, true, false, false, true, false, true, false, true, false, true, true, true, true, false, true, true, true, false, true, false, true, true, true, false, true, true, false, true, true, true, true, true, true], "really_average_reduce_rate": 0.7981743966704699, "greedy_cost": 250.86960051674407}