{"reward": [-213.27649681916466, -195.8399286663067, -231.88825684443128, -202.1254392711912, -224.93399019957528, -217.99332892121748, -246.56451576361442, -197.5238783210795, -164.36662834759807, -218.60146410966294, -223.98479838016445], "cost": [213.27649681916466, 195.8399286663067, 231.88825684443128, 202.1254392711912, 224.93399019957528, 217.99332892121748, 246.56451576361442, 197.5238783210795, 164.36662834759807, 218.60146410966294, 223.98479838016445], "overtime": [true, true, true, true, false, true, true, true, true, true, true], "really_average_reduce_rate": 0.8643073226176603, "greedy_cost": 250.86960051674407}