{"reward": [-175.48541323258544, -250.86692587974488, -206.85980688325142, -236.148700743774, -263.3918845833839, -222.1620348401741, -243.31639887443748, -248.3066162912921, -238.38946515047928, -247.65218184296975, -251.15247230007319, -236.48500512068165, -252.62754761824394, -253.90413533038466, -230.24680526831196, -212.12684676366862, -254.6253006866948, -230.57797457283368, -223.492214058023, -194.0258079212252, -221.52795709469362, -234.88255897085187, -249.5482171453443, -245.11451353130866, -233.7998012343609, -222.066765247332, -240.32952367458503, -217.8504718635418, -223.02844218212186, -194.26121902557094, -218.91747138691142, -259.70033812460497, -210.46671733250847, -240.19080757699916, -256.874619637644, -184.76856087497436, -224.2642106112653, -224.08819636493934, -247.09734050142586, -202.47951123845775, -205.9243665437307, -224.22766039222483, -245.9148269130663, -208.877786528077, -200.14487432550638, -217.9097914656531, -212.75788468929943, -220.08759106768306, -232.5242495189328, -253.5179783412722, -207.65261361226447, -193.0858572297544, -224.72973918987446, -226.8115450885613, -252.14141303780497, -215.0168417895958], "cost": [175.48541323258544, 250.86692587974488, 206.85980688325142, 236.148700743774, 263.3918845833839, 222.1620348401741, 243.31639887443748, 248.3066162912921, 238.38946515047928, 247.65218184296975, 251.15247230007319, 236.48500512068165, 252.62754761824394, 253.90413533038466, 230.24680526831196, 212.12684676366862, 254.6253006866948, 230.57797457283368, 223.492214058023, 194.0258079212252, 221.52795709469362, 234.88255897085187, 249.5482171453443, 245.11451353130866, 233.7998012343609, 222.066765247332, 240.32952367458503, 217.8504718635418, 223.02844218212186, 194.26121902557094, 218.91747138691142, 259.70033812460497, 210.46671733250847, 240.19080757699916, 256.874619637644, 184.76856087497436, 224.2642106112653, 224.08819636493934, 247.09734050142586, 202.47951123845775, 205.9243665437307, 224.22766039222483, 245.9148269130663, 208.877786528077, 200.14487432550638, 217.9097914656531, 212.75788468929943, 220.08759106768306, 232.5242495189328, 253.5179783412722, 207.65261361226447, 193.0858572297544, 224.72973918987446, 226.8115450885613, 252.14141303780497, 215.0168417895958], "overtime": [true, false, true, true, false, true, true, true, false, false, false, true, false, false, true, true, false, true, true, true, true, false, false, true, false, true, true, false, false, true, true, false, true, false, false, true, false, false, false, true, true, false, false, true, true, true, true, true, false, false, true, true, true, true, true, true], "really_average_reduce_rate": 0.7981743966704699, "greedy_cost": 250.86960051674407}