{"reward": [-228.66797993402, -267.6716529084836, -252.23597059626138, -248.9284041811712, -233.0396409994178, -263.61206137066716, -212.0749554436096, -250.621768974783, -252.72397186248566, -255.7847888563109, -266.8539815356304, -260.5496936891136, -246.21789206679915, -259.3901576340199, -259.43841774072513, -226.44355997346346, -270.4574580937811, -240.52298684754416, -235.07599068199295, -256.99533872300765, -271.530391569743, -250.02593972658744, -251.14691739303998, -265.3712371336483, -247.286437174026, -230.17903892595325, -206.5444715396967, -208.32795226426796, -244.18843782331803, -256.3322504181229, -255.03495545454328, -257.99897928930824, -224.6167795882188, -220.83141188278793, -230.01332299984998, -247.96459561252973, -258.1430419465062, -196.89436749815013, -249.65585381373774, -222.3089010279254, -253.22434343683545, -254.58469565433458, -239.70833146789118, -226.54698424438018, -253.79206332455396, -243.74503247056165, -242.5315668503196, -246.9712914164831, -256.6478918796965, -225.01249489439653, -213.0865235468094, -238.739104181407, -256.05093258216056, -233.64807051582275, -242.3441743565538, -213.57508197815162, -215.13189462142068, -243.49252501849097, -210.2198451044877, -264.1859753581789, -252.5318404699118, -194.03404925939628, -201.52805611791095, -237.62629166285512, -208.91673621065917, -238.7612689165958], "cost": [228.66797993402, 267.6716529084836, 252.23597059626138, 248.9284041811712, 233.0396409994178, 263.61206137066716, 212.0749554436096, 250.621768974783, 252.72397186248566, 255.7847888563109, 266.8539815356304, 260.5496936891136, 246.21789206679915, 259.3901576340199, 259.43841774072513, 226.44355997346346, 270.4574580937811, 240.52298684754416, 235.07599068199295, 256.99533872300765, 271.530391569743, 250.02593972658744, 251.14691739303998, 265.3712371336483, 247.286437174026, 230.17903892595325, 206.5444715396967, 208.32795226426796, 244.18843782331803, 256.3322504181229, 255.03495545454328, 257.99897928930824, 224.6167795882188, 220.83141188278793, 230.01332299984998, 247.96459561252973, 258.1430419465062, 196.89436749815013, 249.65585381373774, 222.3089010279254, 253.22434343683545, 254.58469565433458, 239.70833146789118, 226.54698424438018, 253.79206332455396, 243.74503247056165, 242.5315668503196, 246.9712914164831, 256.6478918796965, 225.01249489439653, 213.0865235468094, 238.739104181407, 256.05093258216056, 233.64807051582275, 242.3441743565538, 213.57508197815162, 215.13189462142068, 243.49252501849097, 210.2198451044877, 264.1859753581789, 252.5318404699118, 194.03404925939628, 201.52805611791095, 237.62629166285512, 208.91673621065917, 238.7612689165958], "overtime": [true, false, false, false, true, false, true, true, false, false, false, false, true, false, false, true, false, true, true, true, false, false, false, false, false, true, true, true, false, false, false, false, true, true, true, false, false, true, false, true, false, false, true, true, false, false, false, true, false, true, true, false, true, false, false, true, true, true, true, false, true, true, true, true, true, true], "really_average_reduce_rate": 0.8643073226176603, "greedy_cost": 250.86960051674407}