{"reward": [-290.3041148774791, -308.89131832586605, -322.45692988413384, -293.9050635296945, -283.3757634190936, -303.8067803202197, -310.85800482458444, -319.36471207180057, -291.6775578693207, -298.5311158873793, -231.81346912659714, -308.9407398704626, -277.19365119975066, -269.1997587961704, -294.62766219443637, -213.18460398762488, -283.27117777808576, -286.5878004529793, -308.26613912098117, -255.31612744613565, -275.1122158810776, -286.28698600855654, -278.7796051783952, -239.89921093983585, -298.301494297171, -258.5433040942904, -304.5401866825111, -282.6078904942144, -244.9388647805248, -182.67222296832128, -263.7657057293598, -244.99698527938693, -302.73564019521694, -269.1045458888356, -211.2944526007772, -233.81104383251633, -309.507467131, -304.0502897293959, -134.57130993144585, -279.5146782061271, -216.4576507417579, -256.8110472778603, -263.82937021420344, -298.90527103602886, -260.1290923783742, -279.3544446869847, -252.33182196385232, -261.82417248465134, -276.38357656895187, -242.72438831521208, -194.19506142065867, -277.8272458995599, -252.8722036093754, -199.8115710026585, -277.677746281242, -196.98049525893302, -287.10772068247195, -245.659992465796, -283.5258781223651, -265.6045859134104, -259.10709894739097, -274.5313059229404, -259.18938951601274, -274.34056988866075, -241.30039000744003, -216.45853692603308, -261.8563398477342, -168.196733122617, -231.09625290458092, -291.33772102889606, -181.6246704713907, -224.2363086264674, -283.00582691174935, -238.30054939582945, -235.27093510909006, -236.66781631378464, -223.79488234288996, -200.89238001940782, -171.74355502855963, -270.4557162794285, -205.5086775683705, -239.88861236597424, -250.51697559433987, -247.80712452976044, -281.98606946259736, -228.80986459813082, -259.2438482087944, -206.93257602483033, -269.80900864169945, -233.68064261135646, -209.3857526378427, -253.83934341970843, -245.3643008904626, -269.8966316063237, -184.6611882871949, -208.35858718642038, -214.78742225789458, -226.44825098421427, -176.22734705346642, -185.51332166346725, -210.62872473426174, -137.04287346314646, -159.6959281563759, -128.26090132314715], "cost": [290.3041148774791, 308.89131832586605, 322.45692988413384, 293.9050635296945, 283.3757634190936, 303.8067803202197, 310.85800482458444, 319.36471207180057, 291.6775578693207, 298.5311158873793, 231.81346912659714, 308.9407398704626, 277.19365119975066, 269.1997587961704, 294.62766219443637, 213.18460398762488, 283.27117777808576, 286.5878004529793, 308.26613912098117, 255.31612744613565, 275.1122158810776, 286.28698600855654, 278.7796051783952, 239.89921093983585, 298.301494297171, 258.5433040942904, 304.5401866825111, 282.6078904942144, 244.9388647805248, 182.67222296832128, 263.7657057293598, 244.99698527938693, 302.73564019521694, 269.1045458888356, 211.2944526007772, 233.81104383251633, 309.507467131, 304.0502897293959, 134.57130993144585, 279.5146782061271, 216.4576507417579, 256.8110472778603, 263.82937021420344, 298.90527103602886, 260.1290923783742, 279.3544446869847, 252.33182196385232, 261.82417248465134, 276.38357656895187, 242.72438831521208, 194.19506142065867, 277.8272458995599, 252.8722036093754, 199.8115710026585, 277.677746281242, 196.98049525893302, 287.10772068247195, 245.659992465796, 283.5258781223651, 265.6045859134104, 259.10709894739097, 274.5313059229404, 259.18938951601274, 274.34056988866075, 241.30039000744003, 216.45853692603308, 261.8563398477342, 168.196733122617, 231.09625290458092, 291.33772102889606, 181.6246704713907, 224.2363086264674, 283.00582691174935, 238.30054939582945, 235.27093510909006, 236.66781631378464, 223.79488234288996, 200.89238001940782, 171.74355502855963, 270.4557162794285, 205.5086775683705, 239.88861236597424, 250.51697559433987, 247.80712452976044, 281.98606946259736, 228.80986459813082, 259.2438482087944, 206.93257602483033, 269.80900864169945, 233.68064261135646, 209.3857526378427, 253.83934341970843, 245.3643008904626, 269.8966316063237, 184.6611882871949, 208.35858718642038, 214.78742225789458, 226.44825098421427, 176.22734705346642, 185.51332166346725, 210.62872473426174, 137.04287346314646, 159.6959281563759, 128.26090132314715], "overtime": [false, false, false, false, false, false, false, false, false, false, true, false, false, false, true, true, false, false, false, false, false, true, false, false, false, false, false, false, true, true, false, true, false, false, true, false, false, false, true, false, true, false, false, false, false, true, false, false, false, false, true, false, false, true, false, true, false, false, false, true, false, true, true, false, false, false, false, true, false, false, true, false, false, true, false, true, true, true, true, false, true, true, false, false, false, false, true, false, false, true, true, true, false, false, true, true, true, false, true, true, true, true, true, true], "really_average_reduce_rate": 0.43095514144503616, "greedy_cost": 320.78236267770643}