{"reward": [-268.35640665014284, -265.00731844168166, -242.3195662148577, -258.4396452948825, -258.57491734417164, -257.5570233753882, -256.2389138566237, -233.2120270617773, -243.73875654844576, -245.41259380544543, -243.63237315502028, -233.21828890900127, -248.8189227625915, -240.285301330369, -267.68416285735566, -230.65124340143055, -246.0551103036386, -233.16190654802148, -236.89910456291403, -244.8401543814131, -244.24746509280067, -248.40673082827595, -212.52846692895523, -250.46032182871372, -214.86330131419945, -256.1258347071707, -198.3058453855571, -265.7523419667316, -240.20595591894357, -219.40573507941335, -248.92288149290724, -246.22873251148505, -235.35113298060378, -241.69892761903816, -213.93226994585254, -239.7218125559949, -218.05600362591446, -221.31886607825766, -245.71760795733903, -212.88897283807404, -227.9591859934945, -239.48820091343492, -234.20263314873915, -225.48241737308916, -195.32748723179103, -231.96745669797068, -207.42195024278953, -211.9408129779064, -218.399697641749, -233.54489762613565, -231.67381610625432, -207.17795531179758, -253.31724844765856, -216.66615768329243, -204.5928922181111, -233.8984568583221, -247.57226034688773, -246.6982579217013, -219.00992218620152, -205.33606152265335, -222.9702236248832, -233.4826134990436, -229.86120738515632, -214.2553952611145, -239.95021135104818, -228.06837110952478, -190.85022375131962, -231.46606845677837, -200.2814302386437, -232.88208618508665, -214.03141918382616, -226.61804288548424, -210.24536695349036, -209.27004426346167], "cost": [268.35640665014284, 265.00731844168166, 242.3195662148577, 258.4396452948825, 258.57491734417164, 257.5570233753882, 256.2389138566237, 233.2120270617773, 243.73875654844576, 245.41259380544543, 243.63237315502028, 233.21828890900127, 248.8189227625915, 240.285301330369, 267.68416285735566, 230.65124340143055, 246.0551103036386, 233.16190654802148, 236.89910456291403, 244.8401543814131, 244.24746509280067, 248.40673082827595, 212.52846692895523, 250.46032182871372, 214.86330131419945, 256.1258347071707, 198.3058453855571, 265.7523419667316, 240.20595591894357, 219.40573507941335, 248.92288149290724, 246.22873251148505, 235.35113298060378, 241.69892761903816, 213.93226994585254, 239.7218125559949, 218.05600362591446, 221.31886607825766, 245.71760795733903, 212.88897283807404, 227.9591859934945, 239.48820091343492, 234.20263314873915, 225.48241737308916, 195.32748723179103, 231.96745669797068, 207.42195024278953, 211.9408129779064, 218.399697641749, 233.54489762613565, 231.67381610625432, 207.17795531179758, 253.31724844765856, 216.66615768329243, 204.5928922181111, 233.8984568583221, 247.57226034688773, 246.6982579217013, 219.00992218620152, 205.33606152265335, 222.9702236248832, 233.4826134990436, 229.86120738515632, 214.2553952611145, 239.95021135104818, 228.06837110952478, 190.85022375131962, 231.46606845677837, 200.2814302386437, 232.88208618508665, 214.03141918382616, 226.61804288548424, 210.24536695349036, 209.27004426346167], "overtime": [false, false, false, false, false, false, false, false, false, false, false, true, false, false, false, false, false, false, false, false, false, true, false, false, true, false, true, false, false, false, false, false, false, false, true, false, false, true, false, true, true, false, false, true, true, false, true, true, false, false, false, true, false, true, true, false, false, false, false, true, false, false, false, true, false, false, true, false, true, true, true, true, true, true], "really_average_reduce_rate": 0.7320414707232795, "greedy_cost": 250.86960051674407}