{"reward": [-241.7272813240812, -241.46262377541524, -237.84441705911425, -232.4371155698133, -249.5109046800715, -222.31022518733525, -246.01786239776766, -243.70283608878043, -230.2782754622679, -211.43669486059807, -260.21780136892573, -199.91253434366556, -247.500721891597, -252.24817858861763, -203.666417348152, -190.9486048456096, -215.08791588001887, -229.75101507693532, -216.3880320138485, -213.92873574133029], "cost": [241.7272813240812, 241.46262377541524, 237.84441705911425, 232.4371155698133, 249.5109046800715, 222.31022518733525, 246.01786239776766, 243.70283608878043, 230.2782754622679, 211.43669486059807, 260.21780136892573, 199.91253434366556, 247.500721891597, 252.24817858861763, 203.666417348152, 190.9486048456096, 215.08791588001887, 229.75101507693532, 216.3880320138485, 213.92873574133029], "overtime": [true, true, true, true, false, true, true, true, true, true, false, true, false, false, true, true, true, true, true, true], "really_average_reduce_rate": 0.920992687715252, "greedy_cost": 250.86960051674407}