{"reward": [-235.4571320522857, -236.87783805099318, -231.74319836283104, -247.97903002125216, -238.616637470536, -221.69611279775387, -252.90954216217634, -251.60800809105857, -216.8611887455359, -252.1398083948345, -239.39635820642116, -249.36403676134543, -145.9318651199993, -227.43295243693518, -210.01402921419594, -234.19599040852862, -190.01764717219402, -233.25491945677442, -258.23594474116356, -227.0550866217819, -230.83305285179063, -237.99077466798954, -225.7013577927929, -252.40888784114279, -224.93616317455667, -229.08872624978423, -210.93170633647597, -208.11544372431942, -200.0912840632536, -177.86278850518167, -226.6708003754262, -238.87684534339235, -233.2438364114799, -230.97312957697557, -247.09763840210633, -248.8656899053511, -241.7043592483085, -226.56440803892917, -247.87294206192718, -226.57644409794366, -242.71013777061378, -226.797742595952, -199.04731194664728, -247.89069294005643, -243.86621715093037, -208.7601160219871, -241.73755297468978, -227.66698422697377, -245.3981040877756, -232.50393934180025, -228.29549356477332, -192.86483679336504, -223.13073507088245, -250.94236727818856, -212.46139894033786, -190.34247874127706, -224.74183187942023, -219.19431813867766, -224.19584146430716, -224.2641196850502, -189.6540157963336, -221.8273777244893, -213.6078169483599, -252.4601866499056, -175.12226889261046, -199.19532980614346, -177.18014856008816, -201.5135273252148, -191.9678678268753, -193.66743784807628, -213.49564697614878, -184.17933096610946, -207.13276418457744, -199.72727125697767, -192.64243216427047, -187.16900519004096], "cost": [235.4571320522857, 236.87783805099318, 231.74319836283104, 247.97903002125216, 238.616637470536, 221.69611279775387, 252.90954216217634, 251.60800809105857, 216.8611887455359, 252.1398083948345, 239.39635820642116, 249.36403676134543, 145.9318651199993, 227.43295243693518, 210.01402921419594, 234.19599040852862, 190.01764717219402, 233.25491945677442, 258.23594474116356, 227.0550866217819, 230.83305285179063, 237.99077466798954, 225.7013577927929, 252.40888784114279, 224.93616317455667, 229.08872624978423, 210.93170633647597, 208.11544372431942, 200.0912840632536, 177.86278850518167, 226.6708003754262, 238.87684534339235, 233.2438364114799, 230.97312957697557, 247.09763840210633, 248.8656899053511, 241.7043592483085, 226.56440803892917, 247.87294206192718, 226.57644409794366, 242.71013777061378, 226.797742595952, 199.04731194664728, 247.89069294005643, 243.86621715093037, 208.7601160219871, 241.73755297468978, 227.66698422697377, 245.3981040877756, 232.50393934180025, 228.29549356477332, 192.86483679336504, 223.13073507088245, 250.94236727818856, 212.46139894033786, 190.34247874127706, 224.74183187942023, 219.19431813867766, 224.19584146430716, 224.2641196850502, 189.6540157963336, 221.8273777244893, 213.6078169483599, 252.4601866499056, 175.12226889261046, 199.19532980614346, 177.18014856008816, 201.5135273252148, 191.9678678268753, 193.66743784807628, 213.49564697614878, 184.17933096610946, 207.13276418457744, 199.72727125697767, 192.64243216427047, 187.16900519004096], "overtime": [false, false, true, false, false, true, false, false, false, false, false, false, true, false, true, false, true, false, false, false, false, false, false, false, true, false, true, true, true, true, true, false, true, true, false, false, false, true, false, false, false, false, true, false, false, false, false, false, false, false, false, true, true, false, true, true, false, true, true, true, true, false, true, false, true, true, true, false, true, false, true, true, true, true, true, true], "really_average_reduce_rate": 0.7320414707232795, "greedy_cost": 250.86960051674407}