{"reward": [-245.96872700232086, -240.72930574530744, -232.8581513766294, -210.4784681243077, -235.4515139605385, -249.73828068909242, -210.86900894726625, -212.8128595479858, -216.7485071503744, -223.35010570278396, -238.15996522843844, -260.7133655251656, -210.89286595429297, -209.63488896860744, -224.41769473495896, -252.53116924727343, -248.2464638147969, -231.28588265706796, -216.21164860321218, -191.90258835571817, -225.1375152374991, -151.326445755437, -230.56146477515819, -183.6712370702159], "cost": [245.96872700232086, 240.72930574530744, 232.8581513766294, 210.4784681243077, 235.4515139605385, 249.73828068909242, 210.86900894726625, 212.8128595479858, 216.7485071503744, 223.35010570278396, 238.15996522843844, 260.7133655251656, 210.89286595429297, 209.63488896860744, 224.41769473495896, 252.53116924727343, 248.2464638147969, 231.28588265706796, 216.21164860321218, 191.90258835571817, 225.1375152374991, 151.326445755437, 230.56146477515819, 183.6712370702159], "overtime": [true, false, true, true, true, false, true, true, true, true, true, false, true, true, true, false, false, false, true, true, true, true, true, true], "really_average_reduce_rate": 0.8643073226176603, "greedy_cost": 250.86960051674407}