{"reward": [-261.02259645031774, -224.1953592062277, -224.35866215396675, -229.2648539187107, -216.0577746005636, -251.5581825993676, -234.05571070473655, -192.46901450085454, -231.97037838441327, -223.36871511179953, -177.8771167705767, -229.09721467332918, -244.27584812157792, -231.92939524477356, -212.5296203654725, -227.93508019867355, -220.61385628579185, -235.59365743339072, -237.8025162152668], "cost": [261.02259645031774, 224.1953592062277, 224.35866215396675, 229.2648539187107, 216.0577746005636, 251.5581825993676, 234.05571070473655, 192.46901450085454, 231.97037838441327, 223.36871511179953, 177.8771167705767, 229.09721467332918, 244.27584812157792, 231.92939524477356, 212.5296203654725, 227.93508019867355, 220.61385628579185, 235.59365743339072, 237.8025162152668], "overtime": [false, true, true, true, true, false, true, true, false, true, true, true, false, true, true, true, true, true, true], "really_average_reduce_rate": 0.8643073226176603, "greedy_cost": 250.86960051674407}