{"reward": [-268.9398940489349, -220.60226598508658, -259.29199798799135, -241.86409019568006, -257.32101827347657, -255.02535975701178, -213.51378294268628, -236.30809338258587, -242.3155131985713, -245.5764973556344, -221.11257936841807, -246.16375006279912, -230.06722398458982, -239.38836845248017, -261.5955599494279, -218.66236638446347, -256.53091297360146, -267.0728857327161, -210.71950776007026, -231.2928075076361, -212.8137547174469, -251.45682092824026, -226.67841123179534, -226.32703491813515, -224.29134668720886, -242.39857424952095, -226.32705060866672, -238.3830534066354, -228.5773999736738, -226.2588030777127, -190.76366220272143, -218.56210043094123, -231.77467307185753, -220.8163192183153, -198.9111524071173], "cost": [268.9398940489349, 220.60226598508658, 259.29199798799135, 241.86409019568006, 257.32101827347657, 255.02535975701178, 213.51378294268628, 236.30809338258587, 242.3155131985713, 245.5764973556344, 221.11257936841807, 246.16375006279912, 230.06722398458982, 239.38836845248017, 261.5955599494279, 218.66236638446347, 256.53091297360146, 267.0728857327161, 210.71950776007026, 231.2928075076361, 212.8137547174469, 251.45682092824026, 226.67841123179534, 226.32703491813515, 224.29134668720886, 242.39857424952095, 226.32705060866672, 238.3830534066354, 228.5773999736738, 226.2588030777127, 190.76366220272143, 218.56210043094123, 231.77467307185753, 220.8163192183153, 198.9111524071173], "overtime": [false, true, false, false, false, false, true, true, false, true, true, true, true, false, false, true, false, false, true, true, true, false, true, false, true, true, false, true, false, true, true, true, true, true, true], "really_average_reduce_rate": 0.7981743966704699, "greedy_cost": 250.86960051674407}