{"reward": [-231.72947973421785, -263.2424991009385, -240.2272413243261, -246.1618863665406, -241.7667959916033, -248.51225769641817, -256.9657957822271, -257.47197124295883, -243.7035311285873, -261.9725088362396, -224.38393188786696, -199.26601536382, -254.88757136658762, -234.2523802703154, -258.1029415370338, -238.48854429452683, -235.1598738148809, -255.53932103586385, -244.54365827689887, -260.30895306114115, -254.71687808055435, -229.34013242740187, -227.18947560407227, -237.37559418129743, -226.2889326025174, -187.817986566443, -246.80232041323566, -249.46822493805556, -244.207469766019, -241.7696985275113, -252.5882608762104, -260.216038676193, -244.38780061964883, -254.5675432367158, -225.23819743973212, -228.83362625720915, -226.21206593828282, -238.58395291900266, -248.12552373140124, -203.34112773312262, -216.195888547348, -258.7868550990616, -205.7184878217522, -244.50868450977845, -254.45411980018957, -246.93213583618407, -262.9392923602742, -243.73524260528387, -266.4073723497615, -246.38124961217878, -249.43704992511317, -244.3164836570342, -244.02754111648548, -244.8969084796776, -225.26185053066357, -231.2882080802788, -220.37549991806043, -237.7094602250494, -240.64332951902415, -239.9408973903023, -237.56859054734002, -233.63095089567835, -248.52731907553044, -242.96534285924403, -246.91644167977392, -244.53693218000242, -237.3603029019759, -215.34413403434684, -220.37466600232764, -263.5325027664006, -226.21167869909678, -232.80716510807176, -207.1149421331101, -229.30500924098305, -211.75224980063746, -242.45603839555758, -210.298413985651, -205.586767455358, -201.55304966533564, -228.95767651854092, -215.7815442773607, -207.21364390262409, -219.6531912393123, -145.43465612269011, -218.9502973353584, -210.91806847766978, -245.93960233794536, -224.49378218454305, -204.2767963583209, -208.3129652079102, -200.96743076642974, -223.2784349788819, -231.15149056147786, -233.10177106809803, -247.6534809072689, -210.63954808366486, -236.24951142137874, -210.16504799463786, -214.21264435927398, -204.50374085031456, -232.85696879907508, -242.6391545298137, -255.03965919747023, -195.95401952207095, -234.1049036109914, -239.55007362630218, -219.37745091043416, -169.3657777462248, -215.82239779329856, -190.3741727685929, -201.66647670485085, -193.7696663301159], "cost": [231.72947973421785, 263.2424991009385, 240.2272413243261, 246.1618863665406, 241.7667959916033, 248.51225769641817, 256.9657957822271, 257.47197124295883, 243.7035311285873, 261.9725088362396, 224.38393188786696, 199.26601536382, 254.88757136658762, 234.2523802703154, 258.1029415370338, 238.48854429452683, 235.1598738148809, 255.53932103586385, 244.54365827689887, 260.30895306114115, 254.71687808055435, 229.34013242740187, 227.18947560407227, 237.37559418129743, 226.2889326025174, 187.817986566443, 246.80232041323566, 249.46822493805556, 244.207469766019, 241.7696985275113, 252.5882608762104, 260.216038676193, 244.38780061964883, 254.5675432367158, 225.23819743973212, 228.83362625720915, 226.21206593828282, 238.58395291900266, 248.12552373140124, 203.34112773312262, 216.195888547348, 258.7868550990616, 205.7184878217522, 244.50868450977845, 254.45411980018957, 246.93213583618407, 262.9392923602742, 243.73524260528387, 266.4073723497615, 246.38124961217878, 249.43704992511317, 244.3164836570342, 244.02754111648548, 244.8969084796776, 225.26185053066357, 231.2882080802788, 220.37549991806043, 237.7094602250494, 240.64332951902415, 239.9408973903023, 237.56859054734002, 233.63095089567835, 248.52731907553044, 242.96534285924403, 246.91644167977392, 244.53693218000242, 237.3603029019759, 215.34413403434684, 220.37466600232764, 263.5325027664006, 226.21167869909678, 232.80716510807176, 207.1149421331101, 229.30500924098305, 211.75224980063746, 242.45603839555758, 210.298413985651, 205.586767455358, 201.55304966533564, 228.95767651854092, 215.7815442773607, 207.21364390262409, 219.6531912393123, 145.43465612269011, 218.9502973353584, 210.91806847766978, 245.93960233794536, 224.49378218454305, 204.2767963583209, 208.3129652079102, 200.96743076642974, 223.2784349788819, 231.15149056147786, 233.10177106809803, 247.6534809072689, 210.63954808366486, 236.24951142137874, 210.16504799463786, 214.21264435927398, 204.50374085031456, 232.85696879907508, 242.6391545298137, 255.03965919747023, 195.95401952207095, 234.1049036109914, 239.55007362630218, 219.37745091043416, 169.3657777462248, 215.82239779329856, 190.3741727685929, 201.66647670485085, 193.7696663301159], "overtime": [false, false, false, false, false, false, false, false, false, false, true, true, false, false, false, false, true, false, false, false, false, true, true, false, false, true, false, false, false, false, false, false, false, false, false, true, false, true, false, true, true, false, true, false, false, true, false, false, false, false, false, false, false, false, false, false, true, false, false, false, false, false, false, true, false, false, false, true, false, false, false, false, true, false, false, false, true, true, true, true, true, false, false, true, true, false, false, true, true, false, true, false, false, true, false, true, false, true, false, true, false, false, false, true, false, false, true, true, true, true, true, true], "really_average_reduce_rate": 0.7320414707232795, "greedy_cost": 250.86960051674407}