{"reward": [-215.86966883578347, -214.41670137698765, -231.1138307087217, -243.65597936634916, -246.52488819745375, -250.5718897656724, -257.84704142862006, -215.69754570093016, -198.83134065420373, -221.3791083454341, -251.12296345188292, -242.1533366283775, -243.91134949784734, -243.82343664790503, -245.01005527301695, -231.4589912616369, -252.72232907892214, -216.71984318514353, -232.5500626305864, -219.85829211707224, -229.94619809125547, -253.8541460197979, -254.49539100806234, -199.0054255712405, -228.4088685512916, -223.63309588078425, -256.2219260479976, -248.37903492094952, -249.97855765532708, -261.47485912240114, -255.6164501608536, -243.6286777518038, -257.93678288930096, -207.0579116762895, -219.95510237766436, -233.39850328907377, -250.04531121188782, -224.43824525655253, -241.19896750940006, -231.93902571093298, -257.0612856705674, -233.9987243069429, -250.01319248104477, -252.35856306063948, -200.4766772285011, -259.45910089864407, -255.95020537301906, -236.78715095398957, -251.5689428199642, -265.4150378041156, -224.3107751796302, -213.45222296201626, -217.7381166587212, -199.7012409563456, -265.6860999883712, -262.9465110985469, -183.9979835872353, -245.19960291966802, -231.74639280208396, -190.16823782911533, -232.56470069446613, -241.83642065774657, -231.1396923956555, -228.72881690212535, -245.26086441969508, -242.0947237418033, -193.33529344167562, -235.39868868098606, -228.95453312149274, -257.2300492998027, -241.88736968013458, -198.53891109640713, -242.0027062628791, -216.21503201504242, -186.05364124046648, -211.3221748546418], "cost": [215.86966883578347, 214.41670137698765, 231.1138307087217, 243.65597936634916, 246.52488819745375, 250.5718897656724, 257.84704142862006, 215.69754570093016, 198.83134065420373, 221.3791083454341, 251.12296345188292, 242.1533366283775, 243.91134949784734, 243.82343664790503, 245.01005527301695, 231.4589912616369, 252.72232907892214, 216.71984318514353, 232.5500626305864, 219.85829211707224, 229.94619809125547, 253.8541460197979, 254.49539100806234, 199.0054255712405, 228.4088685512916, 223.63309588078425, 256.2219260479976, 248.37903492094952, 249.97855765532708, 261.47485912240114, 255.6164501608536, 243.6286777518038, 257.93678288930096, 207.0579116762895, 219.95510237766436, 233.39850328907377, 250.04531121188782, 224.43824525655253, 241.19896750940006, 231.93902571093298, 257.0612856705674, 233.9987243069429, 250.01319248104477, 252.35856306063948, 200.4766772285011, 259.45910089864407, 255.95020537301906, 236.78715095398957, 251.5689428199642, 265.4150378041156, 224.3107751796302, 213.45222296201626, 217.7381166587212, 199.7012409563456, 265.6860999883712, 262.9465110985469, 183.9979835872353, 245.19960291966802, 231.74639280208396, 190.16823782911533, 232.56470069446613, 241.83642065774657, 231.1396923956555, 228.72881690212535, 245.26086441969508, 242.0947237418033, 193.33529344167562, 235.39868868098606, 228.95453312149274, 257.2300492998027, 241.88736968013458, 198.53891109640713, 242.0027062628791, 216.21503201504242, 186.05364124046648, 211.3221748546418], "overtime": [true, true, true, false, false, true, false, true, true, true, false, false, true, true, true, true, false, true, true, true, true, false, false, true, true, true, false, false, true, false, false, false, false, true, true, false, false, true, false, true, false, false, true, false, true, false, false, false, false, false, true, true, true, true, false, false, true, true, true, true, false, false, true, true, false, false, true, true, false, false, true, true, true, true, true, true], "really_average_reduce_rate": 0.8643073226176603, "greedy_cost": 250.86960051674407}