{"reward": [-303.41835671128706, -335.5855085661821, -236.33766487129037, -362.9006990203355, -325.80275339254183, -352.64218483015907, -238.18427743201147, -228.75890110748827, -335.1830450858642, -349.2631689906493, -318.20808637148707, -342.43005302802663, -347.62369863677776, -344.65562986609535, -345.9760624510888, -353.42815632672045, -321.95963195026843, -319.0659398913289, -346.3319320736639, -320.14107516031714, -346.0042648219876, -214.7129506260157, -230.21022882914173, -224.39212670478042, -359.4598444539496, -334.678640018208, -315.8035509934929, -361.90085858679385, -329.979406212559, -324.70406846934924, -328.33528825457205, -338.52834124275483, -368.49868703092443, -285.7109394778684, -330.33856508616356, -323.92827177129686, -313.68018068713144, -326.2391886742228, -306.3800910712406, -313.60354890499264, -222.13958919319325, -318.7409398817923, -321.7038441463466, -341.83136210605505, -293.5836605092046, -297.47268924158993, -293.3336135347653, -187.41756701930433, -304.5942096701823, -325.3690388594847, -323.891212857943, -341.0446980576775, -331.2041437410563, -332.0495606377628, -312.61334682608026, -314.8140508932248, -269.81119569118147, -321.1038757207524, -292.19360242311836, -165.9353510622308, -324.4084534321633, -205.11174759259453, -296.37433603314673, -323.532232293589, -333.53604360939016, -339.8814132891689, -334.13653254033994, -321.2255989984703, -290.7687420986872, -212.21952244359076, -218.80362324524674, -334.39413683183506, -298.63644921670675, -280.0449252834544, -215.34974709424193, -194.79778663631532, -303.58120546125815, -317.91581710137433, -300.509048060896, -311.42882439746523, -192.05324396538552, -170.1051874330361, -317.7899003941752, -323.8147886224742, -316.37467779302966, -159.49055553049783, -317.87426184750166, -283.85539445483136, -202.5287329959311, -299.74225759115075, -327.02183477691375, -164.69207695803607, -280.3010967786425, -271.3031420657039, -305.581266397005, -187.6700347014703, -188.68220355866478, -304.3247506461106, -275.37690950316386, -260.42707275090737, -305.1086459425837, -203.0283290691861, -255.00064771201463, -308.83253312167705, -185.81818563995884, -302.5661520691961, -299.68182014121675, -290.92340436352424, -296.1196190731507, -274.8269877737761, -305.23793643592865, -200.1866532487702, -198.0685475905333, -248.43361624917023, -209.24232440291908, -206.4800959790219], "cost": [303.41835671128706, 335.5855085661821, 236.33766487129037, 362.9006990203355, 325.80275339254183, 352.64218483015907, 238.18427743201147, 228.75890110748827, 335.1830450858642, 349.2631689906493, 318.20808637148707, 342.43005302802663, 347.62369863677776, 344.65562986609535, 345.9760624510888, 353.42815632672045, 321.95963195026843, 319.0659398913289, 346.3319320736639, 320.14107516031714, 346.0042648219876, 214.7129506260157, 230.21022882914173, 224.39212670478042, 359.4598444539496, 334.678640018208, 315.8035509934929, 361.90085858679385, 329.979406212559, 324.70406846934924, 328.33528825457205, 338.52834124275483, 368.49868703092443, 285.7109394778684, 330.33856508616356, 323.92827177129686, 313.68018068713144, 326.2391886742228, 306.3800910712406, 313.60354890499264, 222.13958919319325, 318.7409398817923, 321.7038441463466, 341.83136210605505, 293.5836605092046, 297.47268924158993, 293.3336135347653, 187.41756701930433, 304.5942096701823, 325.3690388594847, 323.891212857943, 341.0446980576775, 331.2041437410563, 332.0495606377628, 312.61334682608026, 314.8140508932248, 269.81119569118147, 321.1038757207524, 292.19360242311836, 165.9353510622308, 324.4084534321633, 205.11174759259453, 296.37433603314673, 323.532232293589, 333.53604360939016, 339.8814132891689, 334.13653254033994, 321.2255989984703, 290.7687420986872, 212.21952244359076, 218.80362324524674, 334.39413683183506, 298.63644921670675, 280.0449252834544, 215.34974709424193, 194.79778663631532, 303.58120546125815, 317.91581710137433, 300.509048060896, 311.42882439746523, 192.05324396538552, 170.1051874330361, 317.7899003941752, 323.8147886224742, 316.37467779302966, 159.49055553049783, 317.87426184750166, 283.85539445483136, 202.5287329959311, 299.74225759115075, 327.02183477691375, 164.69207695803607, 280.3010967786425, 271.3031420657039, 305.581266397005, 187.6700347014703, 188.68220355866478, 304.3247506461106, 275.37690950316386, 260.42707275090737, 305.1086459425837, 203.0283290691861, 255.00064771201463, 308.83253312167705, 185.81818563995884, 302.5661520691961, 299.68182014121675, 290.92340436352424, 296.1196190731507, 274.8269877737761, 305.23793643592865, 200.1866532487702, 198.0685475905333, 248.43361624917023, 209.24232440291908, 206.4800959790219], "overtime": [true, false, true, false, false, false, true, true, false, false, false, false, false, false, false, false, true, false, false, false, false, true, true, true, false, true, false, false, true, true, false, false, false, false, false, false, false, false, false, false, true, false, false, false, true, true, false, true, false, false, false, false, false, false, false, false, false, false, true, true, false, true, false, false, false, false, false, true, true, true, true, false, true, true, true, true, false, false, false, false, true, true, false, false, false, true, false, false, true, false, false, true, false, true, true, true, true, false, true, true, false, true, true, false, true, false, false, false, true, false, true, true, true, true, true, true], "really_average_reduce_rate": 0.4753771399833909, "greedy_cost": 356.5797868246307}