{"reward": [-292.4662892593537, -292.13033167912636, -307.63762891975233, -223.4298961317819, -337.0441708084475, -289.76212875774127, -213.98707470304333, -317.2915219107922, -318.4941026147175, -208.80235257170173, -192.392917397786, -295.59598321082075, -277.8356856058352, -310.87766446730126, -283.45174532826996, -325.16386607462545, -288.5510306314473, -305.2348866025358, -299.7430923095624, -294.8769893901423, -309.3223817579821, -291.7762275310699, -274.4640513375123, -283.9430903920998, -302.49565077918584, -217.46350552411755, -268.27298528163686, -315.8098767265677, -295.4151292363462, -300.18564014284874, -269.31308788220406, -281.7375308885798, -313.5042887833529, -298.37335198231045, -279.66044771022166, -278.8990164993983, -307.92569663740693, -255.25868953616364, -278.7010192327854, -232.22688860857863, -228.1138825790305, -292.28973903813403, -223.00509398587047, -278.3912931796909, -299.0424689254164, -216.62169073115112, -312.0859790929314, -179.02044193152352, -288.52946133358404, -295.21219102524225, -304.0169350345805, -309.19849671706567, -278.88447931067077, -212.26914751262407, -311.6043061133102, -231.29400270190098, -198.95281892298726, -291.430249048788, -281.8151162082237, -267.2471189703513, -216.51057504045787, -197.77699288606652, -226.15562663862482, -280.1267096486408, -282.75863850114865, -299.3327493740432, -297.8016060846672, -266.40599087729123, -290.3745551635511, -261.01544520305475, -285.20077739962375, -287.7009805772826, -217.06666687762367, -307.4082143362145, -275.2111354223918, -240.53409348751424, -274.93246284284635, -254.98051602492112, -278.54430092486564, -304.73018273031346, -273.1999977636431, -273.216082668826, -215.82512518468317, -272.42585048039444, -225.40334583011457, -204.59739309781236, -193.1783139900677, -295.1988667404093, -267.51622337279844, -282.3001422561146, -226.62626091139393, -180.55926965765659, -207.1275709199347, -265.6927078548446, -277.48569343559456, -264.94754846796394, -219.86514309062622, -191.9362904975471, -204.41688776790173, -242.59958071817644, -278.01020964483735, -294.0636480808259, -222.73332555139447, -277.14573349305437, -156.79731031601318, -222.18353881602178, -218.6419741005823, -213.95803947567939, -219.0708942269348, -168.53618277964185], "cost": [292.4662892593537, 292.13033167912636, 307.63762891975233, 223.4298961317819, 337.0441708084475, 289.76212875774127, 213.98707470304333, 317.2915219107922, 318.4941026147175, 208.80235257170173, 192.392917397786, 295.59598321082075, 277.8356856058352, 310.87766446730126, 283.45174532826996, 325.16386607462545, 288.5510306314473, 305.2348866025358, 299.7430923095624, 294.8769893901423, 309.3223817579821, 291.7762275310699, 274.4640513375123, 283.9430903920998, 302.49565077918584, 217.46350552411755, 268.27298528163686, 315.8098767265677, 295.4151292363462, 300.18564014284874, 269.31308788220406, 281.7375308885798, 313.5042887833529, 298.37335198231045, 279.66044771022166, 278.8990164993983, 307.92569663740693, 255.25868953616364, 278.7010192327854, 232.22688860857863, 228.1138825790305, 292.28973903813403, 223.00509398587047, 278.3912931796909, 299.0424689254164, 216.62169073115112, 312.0859790929314, 179.02044193152352, 288.52946133358404, 295.21219102524225, 304.0169350345805, 309.19849671706567, 278.88447931067077, 212.26914751262407, 311.6043061133102, 231.29400270190098, 198.95281892298726, 291.430249048788, 281.8151162082237, 267.2471189703513, 216.51057504045787, 197.77699288606652, 226.15562663862482, 280.1267096486408, 282.75863850114865, 299.3327493740432, 297.8016060846672, 266.40599087729123, 290.3745551635511, 261.01544520305475, 285.20077739962375, 287.7009805772826, 217.06666687762367, 307.4082143362145, 275.2111354223918, 240.53409348751424, 274.93246284284635, 254.98051602492112, 278.54430092486564, 304.73018273031346, 273.1999977636431, 273.216082668826, 215.82512518468317, 272.42585048039444, 225.40334583011457, 204.59739309781236, 193.1783139900677, 295.1988667404093, 267.51622337279844, 282.3001422561146, 226.62626091139393, 180.55926965765659, 207.1275709199347, 265.6927078548446, 277.48569343559456, 264.94754846796394, 219.86514309062622, 191.9362904975471, 204.41688776790173, 242.59958071817644, 278.01020964483735, 294.0636480808259, 222.73332555139447, 277.14573349305437, 156.79731031601318, 222.18353881602178, 218.6419741005823, 213.95803947567939, 219.0708942269348, 168.53618277964185], "overtime": [false, false, false, true, false, true, true, false, false, true, true, false, false, false, false, false, false, false, false, false, false, false, false, false, false, true, false, false, false, false, false, false, false, false, false, false, false, false, false, true, true, false, true, false, false, true, false, true, false, false, false, false, false, true, false, true, true, false, false, false, true, true, true, false, true, false, false, false, false, false, false, false, true, false, false, true, false, false, false, false, false, false, true, false, true, true, true, false, false, false, true, true, true, true, false, false, true, true, true, false, false, false, true, false, true, true, true, true, true, true], "really_average_reduce_rate": 0.6094900111589197, "greedy_cost": 320.37504429381346}