{"reward": [-256.5386931872648, -246.82672174273057, -214.88828500309037, -251.00716424624443, -200.93705973641949, -249.4637581180316, -261.3409918351286, -261.8446846107674, -236.64043492258537, -238.5580734803714, -252.5054306716473, -236.95300380343576, -247.58081490072428, -270.2777979718056, -237.66407520559628, -234.09528853015055, -271.07776852076876, -228.31713095068002, -252.4950021609013, -245.81676552829336, -240.7199522078317, -259.44400042544123, -238.6284447060899, -241.75799242465766, -226.51978551157757, -234.42502265255905, -211.00865190817981, -254.8168986051996, -229.02966421562255, -219.2093917827402, -223.32005369929598, -226.5269551573043, -241.34957320973282, -199.66404571142988], "cost": [256.5386931872648, 246.82672174273057, 214.88828500309037, 251.00716424624443, 200.93705973641949, 249.4637581180316, 261.3409918351286, 261.8446846107674, 236.64043492258537, 238.5580734803714, 252.5054306716473, 236.95300380343576, 247.58081490072428, 270.2777979718056, 237.66407520559628, 234.09528853015055, 271.07776852076876, 228.31713095068002, 252.4950021609013, 245.81676552829336, 240.7199522078317, 259.44400042544123, 238.6284447060899, 241.75799242465766, 226.51978551157757, 234.42502265255905, 211.00865190817981, 254.8168986051996, 229.02966421562255, 219.2093917827402, 223.32005369929598, 226.5269551573043, 241.34957320973282, 199.66404571142988], "overtime": [true, false, false, true, true, false, false, false, true, true, false, true, false, false, true, true, false, true, false, true, true, false, true, true, true, true, true, false, true, true, true, true, true, true], "really_average_reduce_rate": 0.8643073226176603, "greedy_cost": 250.86960051674407}