{"reward": [-351.9754108020943, -343.40024750801734, -223.07747937115846, -349.825166380778, -220.84717803163463, -329.17171218014323, -347.74289497757337, -350.70880709555, -342.2263736510743, -342.4704411621672, -365.1939319260326, -340.4727115459368, -303.02092728219935, -339.54932395935055, -337.5675907445979, -337.04037662093543, -333.31788018105556, -220.7592292354256, -350.43795135715976, -342.02344281780535, -346.45303143477065, -312.9288602831959, -328.9777581892721, -346.27264714921824, -307.2267807741556, -328.52776134507724, -336.32591831264085, -342.15097254022965, -337.6549469884392, -204.9501253140439, -327.73487891710363, -353.6374543418176, -353.8153930255306, -334.48960768157616, -340.10697074851026, -313.09634971814233, -334.0351793652586, -282.77099674097263, -341.90011831579733, -315.07331925050363, -346.4638681402803, -351.3150103549567, -327.1693314140569, -308.05804039039646, -332.45613089587533, -333.97541713619603, -305.5562103775981, -314.61692939458413, -297.2404211131296, -297.14023473473264, -313.8824599467124, -322.77675183236596, -320.87160343487744, -324.82904626792305, -335.0653188577108, -290.1107530790753, -293.1829414796736, -201.19838363297285, -273.09223526559776, -317.91104799327445, -313.6294333475829, -223.04051381498576, -321.22943183752704, -266.03279455935586, -283.3750903169439, -278.53202993182475, -312.4211364236568, -275.63880231084306, -319.41852539778694, -211.52614340940497, -212.73268777809108, -245.40096621721057, -284.5809024461173, -330.2867315565608, -300.57602778452457, -305.59592411908324, -172.64611867724923, -196.2229924561177, -298.2438970428426, -276.41255241276707, -276.3946802119538, -281.5226097514761, -278.95375916867516, -230.7437476729323, -302.17207077289004, -300.1863314878381, -225.47829550416213, -265.75068401332015], "cost": [351.9754108020943, 343.40024750801734, 223.07747937115846, 349.825166380778, 220.84717803163463, 329.17171218014323, 347.74289497757337, 350.70880709555, 342.2263736510743, 342.4704411621672, 365.1939319260326, 340.4727115459368, 303.02092728219935, 339.54932395935055, 337.5675907445979, 337.04037662093543, 333.31788018105556, 220.7592292354256, 350.43795135715976, 342.02344281780535, 346.45303143477065, 312.9288602831959, 328.9777581892721, 346.27264714921824, 307.2267807741556, 328.52776134507724, 336.32591831264085, 342.15097254022965, 337.6549469884392, 204.9501253140439, 327.73487891710363, 353.6374543418176, 353.8153930255306, 334.48960768157616, 340.10697074851026, 313.09634971814233, 334.0351793652586, 282.77099674097263, 341.90011831579733, 315.07331925050363, 346.4638681402803, 351.3150103549567, 327.1693314140569, 308.05804039039646, 332.45613089587533, 333.97541713619603, 305.5562103775981, 314.61692939458413, 297.2404211131296, 297.14023473473264, 313.8824599467124, 322.77675183236596, 320.87160343487744, 324.82904626792305, 335.0653188577108, 290.1107530790753, 293.1829414796736, 201.19838363297285, 273.09223526559776, 317.91104799327445, 313.6294333475829, 223.04051381498576, 321.22943183752704, 266.03279455935586, 283.3750903169439, 278.53202993182475, 312.4211364236568, 275.63880231084306, 319.41852539778694, 211.52614340940497, 212.73268777809108, 245.40096621721057, 284.5809024461173, 330.2867315565608, 300.57602778452457, 305.59592411908324, 172.64611867724923, 196.2229924561177, 298.2438970428426, 276.41255241276707, 276.3946802119538, 281.5226097514761, 278.95375916867516, 230.7437476729323, 302.17207077289004, 300.1863314878381, 225.47829550416213, 265.75068401332015], "overtime": [false, false, true, false, true, false, false, false, false, false, false, false, false, false, false, false, false, true, false, false, false, false, false, false, false, false, false, false, false, true, false, false, false, false, false, false, false, true, false, false, false, false, false, false, false, false, true, false, false, false, false, false, false, false, false, true, true, true, true, true, false, true, true, true, false, true, false, false, false, true, true, true, false, false, true, false, true, true, false, true, false, false, true, true, true, true, true, true], "really_average_reduce_rate": 0.4753771399833909, "greedy_cost": 356.5797868246307}