{"reward": [-317.46341637758536, -334.15216003974894, -318.1809787727892, -307.9673533719219, -292.56182268518955, -302.2884734163155, -328.4426267404202, -316.3372580540833, -219.681559856087, -295.73110481110405, -317.153883108804, -288.57697906813587, -301.20835413984963, -278.6236933031864, -309.7930359209702, -276.3443308558594, -233.0444759840705, -307.97257463742966, -256.6611266342178, -306.96521754233174, -236.05037172091204, -268.1255409909412, -292.4366125954315, -184.3120921053831, -303.4486703956499, -266.4592615055387, -191.99470699815083, -318.9051826316398, -281.0804726407024, -304.2253379842546, -283.1844618242327, -252.88021106773058, -271.0940700463299, -249.126416327972, -211.86552132450052, -226.86224945317957, -262.37836068359206, -299.98535101680085, -265.9192893325258, -249.93078488283803, -283.8015660885629, -280.6034539312589, -195.79919213112453, -295.14182829570035, -235.719566078214, -298.1140295275487, -229.7167456549035, -280.57116677957595, -201.2641305992287, -291.3212620318868, -243.48008542729548, -166.2915835523512, -274.7447032054793, -281.9771804623026, -321.61318181321957, -316.33117912575614, -276.48776264774614, -261.66290092902256, -293.63671522200104, -256.9500844556279, -269.43173032575294, -266.91517295345665, -201.25988332971937, -292.19923264324666, -290.8156211130787, -205.63491135377438, -175.86908019434665, -149.30859953108248, -207.1767190432177, -146.44925032250583, -269.6431451129821, -210.96627838231626, -270.05770113687964, -221.4205400669668, -209.02510083904497, -234.92759023121565, -204.7017470212281, -287.72307276291775, -249.49380493609237, -290.192920981152, -155.5143830863852, -199.61280197937978, -301.6623940148857, -138.43953491875905, -238.68303220294422, -283.3489610456023, -212.7645528764092, -178.17626696510243, -247.7203290335648, -207.71881668425164, -257.50817129907193, -169.76970839224762, -202.43074491189805, -198.39444121599206, -213.53887272141873, -256.17922703508293, -111.74338896784002, -179.39603703013626, -176.82499781811612, -182.79300278482964, -186.66017081352885, -144.31748918768955], "cost": [317.46341637758536, 334.15216003974894, 318.1809787727892, 307.9673533719219, 292.56182268518955, 302.2884734163155, 328.4426267404202, 316.3372580540833, 219.681559856087, 295.73110481110405, 317.153883108804, 288.57697906813587, 301.20835413984963, 278.6236933031864, 309.7930359209702, 276.3443308558594, 233.0444759840705, 307.97257463742966, 256.6611266342178, 306.96521754233174, 236.05037172091204, 268.1255409909412, 292.4366125954315, 184.3120921053831, 303.4486703956499, 266.4592615055387, 191.99470699815083, 318.9051826316398, 281.0804726407024, 304.2253379842546, 283.1844618242327, 252.88021106773058, 271.0940700463299, 249.126416327972, 211.86552132450052, 226.86224945317957, 262.37836068359206, 299.98535101680085, 265.9192893325258, 249.93078488283803, 283.8015660885629, 280.6034539312589, 195.79919213112453, 295.14182829570035, 235.719566078214, 298.1140295275487, 229.7167456549035, 280.57116677957595, 201.2641305992287, 291.3212620318868, 243.48008542729548, 166.2915835523512, 274.7447032054793, 281.9771804623026, 321.61318181321957, 316.33117912575614, 276.48776264774614, 261.66290092902256, 293.63671522200104, 256.9500844556279, 269.43173032575294, 266.91517295345665, 201.25988332971937, 292.19923264324666, 290.8156211130787, 205.63491135377438, 175.86908019434665, 149.30859953108248, 207.1767190432177, 146.44925032250583, 269.6431451129821, 210.96627838231626, 270.05770113687964, 221.4205400669668, 209.02510083904497, 234.92759023121565, 204.7017470212281, 287.72307276291775, 249.49380493609237, 290.192920981152, 155.5143830863852, 199.61280197937978, 301.6623940148857, 138.43953491875905, 238.68303220294422, 283.3489610456023, 212.7645528764092, 178.17626696510243, 247.7203290335648, 207.71881668425164, 257.50817129907193, 169.76970839224762, 202.43074491189805, 198.39444121599206, 213.53887272141873, 256.17922703508293, 111.74338896784002, 179.39603703013626, 176.82499781811612, 182.79300278482964, 186.66017081352885, 144.31748918768955], "overtime": [false, false, false, false, false, false, false, false, true, false, false, true, false, false, false, false, true, false, true, false, true, true, false, true, false, false, true, false, true, false, false, false, false, true, true, true, false, false, false, false, false, false, true, false, true, false, true, false, true, false, true, true, false, false, false, false, false, true, false, false, false, false, true, false, false, true, true, true, true, true, false, true, false, true, true, true, true, false, false, false, true, true, false, true, true, false, true, true, false, true, false, true, true, true, true, false, true, true, true, true, true, true], "really_average_reduce_rate": 0.6094900111589197, "greedy_cost": 320.37504429381346}