{"reward": [-306.3154368935433, -245.20418401783343, -305.988985763928, -293.69917658613065, -294.3223084956501, -294.5155104177912, -314.08555197483867, -310.2802417878806, -306.19496801784265, -262.8940392839442, -234.9660715875495, -225.52565124590885, -318.87706444445996, -305.3459938107804, -284.0494135538675, -309.7086521213595, -303.5655703362171, -213.0702780593095, -292.0698993418552, -220.81994835390722, -283.8342536823825, -290.6074252992123, -281.7626439459063, -289.55711548428985, -272.90364626810884, -286.11869296956803, -284.8159256279934, -215.74808333104488, -303.64151746438824, -251.77618313212878, -271.2543543058076, -288.6870259856153, -262.9754030493088, -300.4296639399417, -267.46052350908525, -249.8299674232025, -235.60759765788907, -260.199441613108, -263.13427883850414, -287.66405484739687, -269.3304943159967, -273.11904727317386, -278.79679797879425, -279.2807515769265, -264.3748378180712, -255.31276679242958, -202.74492309069265, -227.87837086384187, -262.49047773898576, -238.42159961006612, -236.14014913382022, -259.9527625300363, -205.28390608659947, -167.2251688975096, -281.68027895503684, -269.48333222986207, -240.40201328608214, -250.9497058148216, -212.22549829413188, -245.1896182630956, -183.86421213322328, -252.43024514512163, -271.0876636100654, -216.07582303811802, -248.04462027126002, -170.38259969183247, -178.48545820005236, -251.71596005526382, -246.87008052783085, -255.6547349093296, -200.78488867544576, -238.19189043491147, -202.65997452672573, -257.3541331941635, -218.97798516179435, -178.43913076024504, -227.483724205019, -238.6691282975208, -131.27555021219885, -112.39503358984362, -215.21800521005866, -152.9190072241053, -240.79122795606963, -192.22074799653143, -177.66474211871622, -199.17330583124428, -165.14613362829206, -179.90313056505286, -166.7789067981951], "cost": [306.3154368935433, 245.20418401783343, 305.988985763928, 293.69917658613065, 294.3223084956501, 294.5155104177912, 314.08555197483867, 310.2802417878806, 306.19496801784265, 262.8940392839442, 234.9660715875495, 225.52565124590885, 318.87706444445996, 305.3459938107804, 284.0494135538675, 309.7086521213595, 303.5655703362171, 213.0702780593095, 292.0698993418552, 220.81994835390722, 283.8342536823825, 290.6074252992123, 281.7626439459063, 289.55711548428985, 272.90364626810884, 286.11869296956803, 284.8159256279934, 215.74808333104488, 303.64151746438824, 251.77618313212878, 271.2543543058076, 288.6870259856153, 262.9754030493088, 300.4296639399417, 267.46052350908525, 249.8299674232025, 235.60759765788907, 260.199441613108, 263.13427883850414, 287.66405484739687, 269.3304943159967, 273.11904727317386, 278.79679797879425, 279.2807515769265, 264.3748378180712, 255.31276679242958, 202.74492309069265, 227.87837086384187, 262.49047773898576, 238.42159961006612, 236.14014913382022, 259.9527625300363, 205.28390608659947, 167.2251688975096, 281.68027895503684, 269.48333222986207, 240.40201328608214, 250.9497058148216, 212.22549829413188, 245.1896182630956, 183.86421213322328, 252.43024514512163, 271.0876636100654, 216.07582303811802, 248.04462027126002, 170.38259969183247, 178.48545820005236, 251.71596005526382, 246.87008052783085, 255.6547349093296, 200.78488867544576, 238.19189043491147, 202.65997452672573, 257.3541331941635, 218.97798516179435, 178.43913076024504, 227.483724205019, 238.6691282975208, 131.27555021219885, 112.39503358984362, 215.21800521005866, 152.9190072241053, 240.79122795606963, 192.22074799653143, 177.66474211871622, 199.17330583124428, 165.14613362829206, 179.90313056505286, 166.7789067981951], "overtime": [false, false, false, false, false, false, false, false, false, false, true, true, false, false, true, false, false, true, false, true, false, false, true, false, false, false, true, true, false, true, true, false, true, false, false, false, false, false, false, false, false, false, false, false, false, false, true, true, false, false, true, false, true, true, false, false, false, false, true, false, true, true, true, true, false, true, true, true, false, false, true, false, true, false, true, true, true, false, true, true, false, true, false, true, true, true, true, true, true], "really_average_reduce_rate": 0.49053723678222655, "greedy_cost": 320.78236267770643}