{"reward": [-250.23560308067135, -218.37248509373518, -222.88547246272685, -238.2166125801765, -242.18275099284955, -260.4473969155549, -218.04508075311782, -219.95283539169472, -257.46110286493797, -226.42212078798573, -258.38870119935837, -194.90570213926028, -233.74293916571892, -229.042361269435, -244.29280756898228, -227.3617440322508, -217.02212489007974], "cost": [250.23560308067135, 218.37248509373518, 222.88547246272685, 238.2166125801765, 242.18275099284955, 260.4473969155549, 218.04508075311782, 219.95283539169472, 257.46110286493797, 226.42212078798573, 258.38870119935837, 194.90570213926028, 233.74293916571892, 229.042361269435, 244.29280756898228, 227.3617440322508, 217.02212489007974], "overtime": [true, true, true, true, true, false, true, true, false, true, false, true, true, true, true, true, true], "really_average_reduce_rate": 0.8643073226176603, "greedy_cost": 250.86960051674407}