{"reward": [-171.31984735979705, -260.52924394757497, -250.4504392190464, -237.49203139351684, -232.55006992556162, -222.29601877124057, -238.08336234203546, -223.75225862032744, -233.5030721465872, -220.84239911347632, -225.9585475147889, -194.11234865046117, -267.7695416114853, -205.68586271146316, -206.1973078271095, -203.2765210046899, -157.11699954643848, -219.73751261465253, -247.7120786155016, -243.1460175075103, -215.34877186039466, -194.1914064219687, -237.77796384101737, -204.18955081992783, -237.9160508991219, -197.85513793596078, -222.3979823261965, -235.92135483975525, -237.0398624821287, -203.91002003863468, -204.88858539048582, -214.57960393272344, -223.34674728004262, -218.20540664766926, -198.87651833857413, -186.3371401008033, -175.1554128303286, -185.33653468468228, -242.94871375385674, -220.75851140838125, -200.38240318450156, -227.94191570477565, -232.09672331489625, -221.7752061020211, -204.77964345824907, -190.82316216074867, -211.72287864522085, -211.3396582851094, -186.7853894717154, -229.24111874294474, -226.65345849431125, -209.0265441377741, -202.77928732237785, -220.07466838807804, -227.0293239144236, -227.72221393006856, -172.07676542903297, -213.30141016501935, -218.5979080288019, -218.46350282857196, -217.30436018051583, -160.796228992492, -227.20340471450245, -189.69586765578015, -210.50038192157638, -217.40404103839774, -260.30269676598726, -218.30980171705602, -232.53029686378324, -216.66579979333105, -236.77740330885172, -222.76193787623194, -217.8439679361042, -234.7909114276805, -212.54980075414304, -194.36859170652932, -215.7526878353954, -196.26440901265488, -218.83858862961654, -236.7116406095867, -206.9507416883857, -171.9286119647697, -235.51677139205862, -230.56693282384424, -197.01613765020858, -229.23163949367597, -225.96807547995823, -236.06731924165976, -247.99695786379283, -194.8176060528029, -194.92004081500698, -202.18265059691868, -230.14398103561257, -208.30445410436022, -196.45993498914885, -206.36575087008072, -199.4434264188726, -185.4885091146175, -223.82918920140716, -155.19978104540155, -222.82740681089464, -218.7755794731342, -205.78229609319936, -192.5132303872798, -127.57158496815711, -194.2407953979355, -182.4708787420579], "cost": [171.31984735979705, 260.52924394757497, 250.4504392190464, 237.49203139351684, 232.55006992556162, 222.29601877124057, 238.08336234203546, 223.75225862032744, 233.5030721465872, 220.84239911347632, 225.9585475147889, 194.11234865046117, 267.7695416114853, 205.68586271146316, 206.1973078271095, 203.2765210046899, 157.11699954643848, 219.73751261465253, 247.7120786155016, 243.1460175075103, 215.34877186039466, 194.1914064219687, 237.77796384101737, 204.18955081992783, 237.9160508991219, 197.85513793596078, 222.3979823261965, 235.92135483975525, 237.0398624821287, 203.91002003863468, 204.88858539048582, 214.57960393272344, 223.34674728004262, 218.20540664766926, 198.87651833857413, 186.3371401008033, 175.1554128303286, 185.33653468468228, 242.94871375385674, 220.75851140838125, 200.38240318450156, 227.94191570477565, 232.09672331489625, 221.7752061020211, 204.77964345824907, 190.82316216074867, 211.72287864522085, 211.3396582851094, 186.7853894717154, 229.24111874294474, 226.65345849431125, 209.0265441377741, 202.77928732237785, 220.07466838807804, 227.0293239144236, 227.72221393006856, 172.07676542903297, 213.30141016501935, 218.5979080288019, 218.46350282857196, 217.30436018051583, 160.796228992492, 227.20340471450245, 189.69586765578015, 210.50038192157638, 217.40404103839774, 260.30269676598726, 218.30980171705602, 232.53029686378324, 216.66579979333105, 236.77740330885172, 222.76193787623194, 217.8439679361042, 234.7909114276805, 212.54980075414304, 194.36859170652932, 215.7526878353954, 196.26440901265488, 218.83858862961654, 236.7116406095867, 206.9507416883857, 171.9286119647697, 235.51677139205862, 230.56693282384424, 197.01613765020858, 229.23163949367597, 225.96807547995823, 236.06731924165976, 247.99695786379283, 194.8176060528029, 194.92004081500698, 202.18265059691868, 230.14398103561257, 208.30445410436022, 196.45993498914885, 206.36575087008072, 199.4434264188726, 185.4885091146175, 223.82918920140716, 155.19978104540155, 222.82740681089464, 218.7755794731342, 205.78229609319936, 192.5132303872798, 127.57158496815711, 194.2407953979355, 182.4708787420579], "overtime": [true, false, true, false, true, false, false, true, false, true, false, true, false, true, true, true, true, true, false, false, false, true, false, true, false, true, true, false, false, true, true, true, false, false, true, true, true, true, false, true, true, false, false, true, true, true, false, true, true, true, false, true, true, false, true, false, true, true, true, true, false, true, false, true, true, true, false, true, false, false, false, true, false, true, false, true, false, true, true, false, false, true, false, true, true, false, false, false, false, true, true, true, false, false, true, true, true, true, false, true, false, true, true, true, true, true, true], "really_average_reduce_rate": 0.7320414707232795, "greedy_cost": 250.86960051674407}