{"reward": [-265.0597410851345, -230.88711184890022, -260.33757854172967, -248.73279704049236, -226.26982260130353, -243.39280397170234, -209.53309388705546, -240.56433964114646, -247.60762758702043, -224.32309187525888, -231.2681164134667, -257.27996875219986, -222.46692604827695, -213.9060179993511, -236.35249304484583, -223.0506364307926, -206.6621959748399, -222.03784285696221, -215.5443881071639, -204.49508918838583, -245.2246763505601, -226.83324823917826, -201.05839793190364, -247.95324791662406, -237.4401221548395, -246.2412410429493, -259.794064497389, -216.44915821280335, -237.39207658054315, -223.3703245009017, -220.54820122799842, -243.30856746762063, -195.97215769199656, -252.76229575835174, -251.12137549924674, -258.15921703572394, -224.43160765242774, -256.96406464968817, -233.45997518426745, -240.1275912394096, -190.52987556682905, -225.92144487796358, -221.86270909292625, -211.18297410187319, -211.8540679579788, -214.97346051858742, -217.32728313182486, -215.7420661067591, -185.45657138074762, -217.31097956354733, -215.01007564904174, -242.55980916172274, -255.81568876280457, -206.308554725349, -206.96782100890766, -231.0805617940054, -186.39117369222456, -233.35634420763705, -185.36446557965135, -139.4961622699909, -212.79789372074427, -219.4106479860377, -197.82712035230364, -212.2432691982203], "cost": [265.0597410851345, 230.88711184890022, 260.33757854172967, 248.73279704049236, 226.26982260130353, 243.39280397170234, 209.53309388705546, 240.56433964114646, 247.60762758702043, 224.32309187525888, 231.2681164134667, 257.27996875219986, 222.46692604827695, 213.9060179993511, 236.35249304484583, 223.0506364307926, 206.6621959748399, 222.03784285696221, 215.5443881071639, 204.49508918838583, 245.2246763505601, 226.83324823917826, 201.05839793190364, 247.95324791662406, 237.4401221548395, 246.2412410429493, 259.794064497389, 216.44915821280335, 237.39207658054315, 223.3703245009017, 220.54820122799842, 243.30856746762063, 195.97215769199656, 252.76229575835174, 251.12137549924674, 258.15921703572394, 224.43160765242774, 256.96406464968817, 233.45997518426745, 240.1275912394096, 190.52987556682905, 225.92144487796358, 221.86270909292625, 211.18297410187319, 211.8540679579788, 214.97346051858742, 217.32728313182486, 215.7420661067591, 185.45657138074762, 217.31097956354733, 215.01007564904174, 242.55980916172274, 255.81568876280457, 206.308554725349, 206.96782100890766, 231.0805617940054, 186.39117369222456, 233.35634420763705, 185.36446557965135, 139.4961622699909, 212.79789372074427, 219.4106479860377, 197.82712035230364, 212.2432691982203], "overtime": [false, false, false, false, false, false, true, false, false, false, false, false, true, false, true, false, true, true, false, false, false, true, true, false, true, false, false, true, false, true, true, false, true, false, false, false, false, false, false, false, true, false, false, false, false, true, false, false, true, true, true, false, false, true, true, false, true, false, true, true, true, true, true, true], "really_average_reduce_rate": 0.7320414707232795, "greedy_cost": 250.86960051674407}