{"reward": [-308.2931894940511, -308.4499938571081, -317.2682132977061, -310.7048876743578, -320.7095962593425, -315.78662421284247, -327.2183983862214, -316.3356262417044, -295.31769515680145, -304.9181329376251, -286.86261085703984, -329.62989861329083, -313.3034686308542, -309.9133735409193, -292.9116040823982, -279.93166614387184, -288.15200568053876, -304.4749969718979, -299.0941774637811, -318.8533932882548, -315.9932548851426, -313.3788612213079, -310.18870352554137, -298.46168884584677, -306.87097417072397, -319.8219260731154, -289.05123536469426, -309.85838054200633, -310.7496094222274, -300.2234083832056, -265.660905273296, -287.3972687705514, -295.886241410533, -300.2704699515551, -213.43186204891657, -223.4375427974482, -305.47653086842973, -220.48386093275627, -302.0137048045267, -293.134437242793, -281.2214780780114, -320.66979254568935, -313.21918573172763, -292.3009690031223, -305.64407702136793, -288.7701828074827, -280.5787073777617, -296.8578713842202, -301.59748061238787, -224.9996362976265, -281.4729243374803, -175.8885102951434, -269.03828944304024, -210.61286571972076, -277.9211638044287, -280.8040142575651, -307.26160549849277, -283.58816001749597, -256.08533130439, -294.99686309364625, -283.8392744685896, -308.16425106019705, -275.1973263431247, -294.1723437215667, -208.64475449014458, -283.3716997092683, -275.2333281872794, -217.6415783657786, -316.88025616915905, -317.1078611593507, -173.09935466233645, -280.80717857300306, -216.67963667897513, -272.88642620179803, -281.4414591519163, -248.53874000148852, -210.60358993032952, -179.17500690845782, -286.46606461252094, -322.1244035954495, -263.7461259570625, -276.70713795737356, -266.2949035375659, -206.89740126568822, -199.455220659487, -260.31980617488733, -283.6138196598273, -212.95955094184728, -245.27489270650787, -216.57246383684694, -285.2564724325481, -271.8878551153746, -184.0421268212423, -272.34931597642606, -307.2496962767374, -286.0181247558724, -224.45590602804904, -141.97414499971086, -190.62757665193644, -245.3750533431582, -284.90444560927347, -159.528004072737, -277.12404298014013, -155.64924054543485, -269.92775325277825, -250.0241383399536, -176.36227825225333, -175.33392354687686, -224.52222205888475, -268.52827805751014, -277.577922237264, -263.8139278172795, -206.56709415066064, -203.38313581012198, -168.252169822231, -197.16475271201693, -207.40891510410236, -268.3244059499912], "cost": [308.2931894940511, 308.4499938571081, 317.2682132977061, 310.7048876743578, 320.7095962593425, 315.78662421284247, 327.2183983862214, 316.3356262417044, 295.31769515680145, 304.9181329376251, 286.86261085703984, 329.62989861329083, 313.3034686308542, 309.9133735409193, 292.9116040823982, 279.93166614387184, 288.15200568053876, 304.4749969718979, 299.0941774637811, 318.8533932882548, 315.9932548851426, 313.3788612213079, 310.18870352554137, 298.46168884584677, 306.87097417072397, 319.8219260731154, 289.05123536469426, 309.85838054200633, 310.7496094222274, 300.2234083832056, 265.660905273296, 287.3972687705514, 295.886241410533, 300.2704699515551, 213.43186204891657, 223.4375427974482, 305.47653086842973, 220.48386093275627, 302.0137048045267, 293.134437242793, 281.2214780780114, 320.66979254568935, 313.21918573172763, 292.3009690031223, 305.64407702136793, 288.7701828074827, 280.5787073777617, 296.8578713842202, 301.59748061238787, 224.9996362976265, 281.4729243374803, 175.8885102951434, 269.03828944304024, 210.61286571972076, 277.9211638044287, 280.8040142575651, 307.26160549849277, 283.58816001749597, 256.08533130439, 294.99686309364625, 283.8392744685896, 308.16425106019705, 275.1973263431247, 294.1723437215667, 208.64475449014458, 283.3716997092683, 275.2333281872794, 217.6415783657786, 316.88025616915905, 317.1078611593507, 173.09935466233645, 280.80717857300306, 216.67963667897513, 272.88642620179803, 281.4414591519163, 248.53874000148852, 210.60358993032952, 179.17500690845782, 286.46606461252094, 322.1244035954495, 263.7461259570625, 276.70713795737356, 266.2949035375659, 206.89740126568822, 199.455220659487, 260.31980617488733, 283.6138196598273, 212.95955094184728, 245.27489270650787, 216.57246383684694, 285.2564724325481, 271.8878551153746, 184.0421268212423, 272.34931597642606, 307.2496962767374, 286.0181247558724, 224.45590602804904, 141.97414499971086, 190.62757665193644, 245.3750533431582, 284.90444560927347, 159.528004072737, 277.12404298014013, 155.64924054543485, 269.92775325277825, 250.0241383399536, 176.36227825225333, 175.33392354687686, 224.52222205888475, 268.52827805751014, 277.577922237264, 263.8139278172795, 206.56709415066064, 203.38313581012198, 168.252169822231, 197.16475271201693, 207.40891510410236, 268.3244059499912], "overtime": [false, false, false, false, false, false, false, false, true, false, false, false, false, false, false, false, false, false, false, false, false, false, false, false, false, false, false, false, false, false, false, false, false, false, true, true, false, true, false, false, false, false, false, false, false, false, false, false, false, true, false, true, false, true, false, false, false, false, true, false, false, false, true, false, true, false, false, true, false, false, true, false, true, false, false, false, true, true, false, false, true, false, false, true, true, true, false, true, false, true, true, true, true, false, false, false, true, true, true, false, false, true, false, true, false, false, true, true, true, false, false, false, true, true, true, true, true, true], "really_average_reduce_rate": 0.6094900111589197, "greedy_cost": 320.37504429381346}