{"reward": [-262.0596698293463, -250.41554116242568, -250.77907142265704, -232.62330607475715, -257.47005000088376, -237.3375604627096, -257.0434015866463, -226.3745355941449, -243.02711588094016, -272.3338528788928, -243.25990361538726, -212.3321559639555, -236.2643292690349, -217.01823885948403, -252.2122148720921, -256.7807905328367, -247.53921552726075, -218.90449556341403, -245.1615011445806, -245.2758318250999, -261.18986502125864, -246.76629656900664, -216.0719326041267, -224.1420329595637, -269.89134539817474, -241.67736213113187, -189.78870959581812, -262.48437080315324, -249.94695870282138, -237.5102039794252, -258.1691069212185, -247.7413477712963, -198.7169115966186, -250.58966302815833, -224.06284885003234, -265.0170240958595, -251.082921164455, -240.77130851398232, -253.90355185654954, -226.94737938674174, -216.00025294287133, -244.17834094670607, -227.57308723608972, -244.03290072092793, -244.33163067899653, -235.24183321049443, -218.58078294061133, -251.16040601587864, -252.86253814192497, -207.41721374355262, -217.70386607702827, -242.39880400830887, -231.36284074174245, -248.43089703927757, -238.87715954691177, -239.12216093854053, -246.60709177072167, -236.7055674525537, -227.14004620730884, -209.87451181750748, -245.66432826120405, -260.8582542153448, -264.3114804687351, -244.21458881608214, -237.43715634931823, -238.10938455660838, -233.76618179751569, -241.87115483108911, -252.74735596515248, -223.36165096901362, -222.76350657764831, -233.53100407538014, -258.54641771402214, -225.45246830880643, -221.77063265824694, -224.88914085746748, -219.92073559287007, -228.7886488490832, -227.6802588894684], "cost": [262.0596698293463, 250.41554116242568, 250.77907142265704, 232.62330607475715, 257.47005000088376, 237.3375604627096, 257.0434015866463, 226.3745355941449, 243.02711588094016, 272.3338528788928, 243.25990361538726, 212.3321559639555, 236.2643292690349, 217.01823885948403, 252.2122148720921, 256.7807905328367, 247.53921552726075, 218.90449556341403, 245.1615011445806, 245.2758318250999, 261.18986502125864, 246.76629656900664, 216.0719326041267, 224.1420329595637, 269.89134539817474, 241.67736213113187, 189.78870959581812, 262.48437080315324, 249.94695870282138, 237.5102039794252, 258.1691069212185, 247.7413477712963, 198.7169115966186, 250.58966302815833, 224.06284885003234, 265.0170240958595, 251.082921164455, 240.77130851398232, 253.90355185654954, 226.94737938674174, 216.00025294287133, 244.17834094670607, 227.57308723608972, 244.03290072092793, 244.33163067899653, 235.24183321049443, 218.58078294061133, 251.16040601587864, 252.86253814192497, 207.41721374355262, 217.70386607702827, 242.39880400830887, 231.36284074174245, 248.43089703927757, 238.87715954691177, 239.12216093854053, 246.60709177072167, 236.7055674525537, 227.14004620730884, 209.87451181750748, 245.66432826120405, 260.8582542153448, 264.3114804687351, 244.21458881608214, 237.43715634931823, 238.10938455660838, 233.76618179751569, 241.87115483108911, 252.74735596515248, 223.36165096901362, 222.76350657764831, 233.53100407538014, 258.54641771402214, 225.45246830880643, 221.77063265824694, 224.88914085746748, 219.92073559287007, 228.7886488490832, 227.6802588894684], "overtime": [false, false, false, true, false, true, false, false, true, false, true, true, true, true, false, false, false, true, false, false, false, true, true, true, false, false, true, false, false, true, false, false, true, false, true, false, false, true, false, true, true, false, true, false, true, false, true, true, false, true, true, true, true, false, false, false, false, true, true, true, true, false, false, false, true, true, false, false, false, false, true, false, false, true, true, true, true, true, true], "really_average_reduce_rate": 0.8643073226176603, "greedy_cost": 250.86960051674407}