{"reward": [-248.19796832676985, -251.92724804553214, -223.5289830887318, -256.3540039748886, -247.79673337665395, -224.95873933394446, -242.54588900628502, -246.09277021089574, -215.515201809397, -246.85768691726966, -245.1843230489828, -225.60873148704886, -233.51014038251722, -246.38031208871868, -250.94363295918333, -260.1114260743652, -248.4096488287301, -239.84736439936805, -243.60692909696147, -226.04139927897612, -223.6384286951833, -264.5241138552503, -263.4214021285439, -208.860741830729, -262.0736206888036, -255.7198504832574, -236.24048230675987, -220.98917779900137, -230.0928618597519, -221.54630166210248, -254.12186345734636, -245.254118367415, -255.76428263522695, -239.26272945376124, -232.90745772684934, -242.9855870018528, -241.84674955229283, -233.85091516039344, -212.61174389267347, -259.07045996262707, -233.66410672875128, -202.64087075147785, -170.92259234764617, -224.26894371083006, -238.40972182310193, -246.33889088288888, -229.68674631766982, -223.37631244272924, -231.13024494613524, -229.57484823516575, -250.29239275139759, -223.75379813110462, -205.5432334998623, -177.8304788330384, -243.65702049962255, -223.5336809869018, -205.3378684442211], "cost": [248.19796832676985, 251.92724804553214, 223.5289830887318, 256.3540039748886, 247.79673337665395, 224.95873933394446, 242.54588900628502, 246.09277021089574, 215.515201809397, 246.85768691726966, 245.1843230489828, 225.60873148704886, 233.51014038251722, 246.38031208871868, 250.94363295918333, 260.1114260743652, 248.4096488287301, 239.84736439936805, 243.60692909696147, 226.04139927897612, 223.6384286951833, 264.5241138552503, 263.4214021285439, 208.860741830729, 262.0736206888036, 255.7198504832574, 236.24048230675987, 220.98917779900137, 230.0928618597519, 221.54630166210248, 254.12186345734636, 245.254118367415, 255.76428263522695, 239.26272945376124, 232.90745772684934, 242.9855870018528, 241.84674955229283, 233.85091516039344, 212.61174389267347, 259.07045996262707, 233.66410672875128, 202.64087075147785, 170.92259234764617, 224.26894371083006, 238.40972182310193, 246.33889088288888, 229.68674631766982, 223.37631244272924, 231.13024494613524, 229.57484823516575, 250.29239275139759, 223.75379813110462, 205.5432334998623, 177.8304788330384, 243.65702049962255, 223.5336809869018, 205.3378684442211], "overtime": [false, true, true, false, false, true, false, false, true, false, false, false, true, false, false, false, false, false, true, false, true, false, false, true, false, false, true, true, true, false, false, false, false, false, false, false, false, false, false, false, true, true, true, false, false, false, true, true, true, false, false, true, true, true, true, true, true], "really_average_reduce_rate": 0.7981743966704699, "greedy_cost": 250.86960051674407}