{"reward": [-252.09417730757977, -258.5990003035218, -250.6097585368064, -262.290506914435, -220.40798486338932, -235.17224173011263, -200.46918376510956, -247.39482278124433, -260.08305421843204, -269.86683625315317, -247.51972679995006, -244.22645693989477, -259.25147912848746, -242.72121473374787, -255.34816095503055, -210.29041572798045, -255.9582794098929, -232.27194983933126, -247.69812218926853, -267.01568829996523, -252.02080021058214, -253.07564580449838, -205.99721210605475, -240.93251799947592, -242.0286878861674, -234.9752079235576, -185.7991818605177, -245.9927082145029, -258.4751398858708, -247.2067544458341, -201.7594583480526, -219.147728616884, -242.1676670800988, -230.89931645971734, -268.7454349421524, -228.91524807764222, -249.64903730543332, -240.4505273623113, -258.09271699721927, -240.59590601587675, -220.38869229834532, -240.893776681563, -210.17389263551684, -222.92051176453015, -256.94778923369023, -228.20421410615563, -239.11032777745282, -205.85767456437472, -251.44813048047024, -225.5503593579029, -206.2985016341694, -249.1457531700191, -232.41539001407108, -241.66170354717408, -243.5028506046907, -232.81152571900753, -255.83473070800315, -242.46851758521981, -256.4950086639729, -256.0174783673324, -262.0409520714078, -221.12985363900663, -233.8950454458595, -259.1235878817272, -250.6130986710173, -232.3288403912727, -210.50056178163743, -169.34471852540972, -267.2362729881239, -212.4236871240941, -231.96741985306153, -210.51220452428797, -193.12751321911816, -238.57167127724745, -261.7322339055315, -236.467466857601, -215.84871084798132, -248.56609373499643, -257.4709811162391, -262.24269634624017, -216.40487347505064, -233.4670786819142, -231.29010877270255, -245.00061436817987, -223.60946432227274, -242.62860962752265, -251.93610937437055, -257.16054210165527, -236.1682691494376, -242.83592780016374, -192.1154437427596, -245.97737167624763, -235.4682582379412, -217.50469543593945, -219.85031577531248, -238.1413876029012], "cost": [252.09417730757977, 258.5990003035218, 250.6097585368064, 262.290506914435, 220.40798486338932, 235.17224173011263, 200.46918376510956, 247.39482278124433, 260.08305421843204, 269.86683625315317, 247.51972679995006, 244.22645693989477, 259.25147912848746, 242.72121473374787, 255.34816095503055, 210.29041572798045, 255.9582794098929, 232.27194983933126, 247.69812218926853, 267.01568829996523, 252.02080021058214, 253.07564580449838, 205.99721210605475, 240.93251799947592, 242.0286878861674, 234.9752079235576, 185.7991818605177, 245.9927082145029, 258.4751398858708, 247.2067544458341, 201.7594583480526, 219.147728616884, 242.1676670800988, 230.89931645971734, 268.7454349421524, 228.91524807764222, 249.64903730543332, 240.4505273623113, 258.09271699721927, 240.59590601587675, 220.38869229834532, 240.893776681563, 210.17389263551684, 222.92051176453015, 256.94778923369023, 228.20421410615563, 239.11032777745282, 205.85767456437472, 251.44813048047024, 225.5503593579029, 206.2985016341694, 249.1457531700191, 232.41539001407108, 241.66170354717408, 243.5028506046907, 232.81152571900753, 255.83473070800315, 242.46851758521981, 256.4950086639729, 256.0174783673324, 262.0409520714078, 221.12985363900663, 233.8950454458595, 259.1235878817272, 250.6130986710173, 232.3288403912727, 210.50056178163743, 169.34471852540972, 267.2362729881239, 212.4236871240941, 231.96741985306153, 210.51220452428797, 193.12751321911816, 238.57167127724745, 261.7322339055315, 236.467466857601, 215.84871084798132, 248.56609373499643, 257.4709811162391, 262.24269634624017, 216.40487347505064, 233.4670786819142, 231.29010877270255, 245.00061436817987, 223.60946432227274, 242.62860962752265, 251.93610937437055, 257.16054210165527, 236.1682691494376, 242.83592780016374, 192.1154437427596, 245.97737167624763, 235.4682582379412, 217.50469543593945, 219.85031577531248, 238.1413876029012], "overtime": [false, true, true, false, true, true, true, true, false, false, false, true, false, false, false, true, false, true, true, false, true, false, true, true, false, true, true, false, false, false, true, true, false, true, false, true, false, false, false, false, true, true, true, true, false, true, true, true, false, true, true, true, true, true, false, true, false, false, false, false, false, true, false, false, false, true, true, true, false, true, true, true, true, true, false, false, true, false, true, false, true, true, true, false, true, true, false, false, false, false, true, true, true, true, true, true], "really_average_reduce_rate": 0.8643073226176603, "greedy_cost": 250.86960051674407}